id,label,prediction,correct,scratchpad,pred_error_lines,pred_contradicted_lines,context,target
flawed_fictions_long_2,1,1,TRUE,"1. The story describes the setting of the widow's cottage as being at the foot of a beautiful valley, upon the edge of the river that wound in and out among the green hills. 2. The target sentence claims the cottage stood all alone by the forest. 3. Compare the target sentence with the story's description of the setting. 4. The story does not mention a forest; instead, it emphasizes the cottage's location by the river and in a valley. 5. The target sentence contradicts the story's setting description.",the cottage stood all alone by the forest,"Her little cottage was at the foot of a beautiful valley, upon the edge of the river that wound in and out among the green hills;","There once lived a poor widow who supported herself and her only son by gleaning in the fields the stalks of grain that had been missed by the reapers. Her little cottage was at the foot of a beautiful valley, upon the edge of the river that wound in and out among the green hills; and although poor, she was contented with her lot, for her home was pleasant and her lovely boy was a constant delight to her. He had big blue eyes, and fair golden curls, and he loved his good mother very dearly, and was never more pleased than when she allowed him to help her with her work.

And so the years passed happily away till the boy was eight years old, but then the widow fell sick, and their little store of money melted gradually away.
""I don't know what we shall do for bread,"" she said, kissing her boy with tears in her eyes, ""for I am not yet strong enough to work, and we have no money left.""
 ""But I can work,"" answered the boy; ""and I'm sure if I go to the Squire up at the Hall he will give me something to do.""
At first the widow was reluctant to consent to this, since she loved to keep her child at her side, but finally, as nothing else could be done, she decided to let him go to see the Squire.

Being too proud to allow her son to go to the great house in his ragged clothes, she made him a new suit out of a pretty blue dress she had herself worn in happier times, and when it was finished and the boy dressed in it, he looked as pretty as a prince in a fairy tale. For the bright blue jacket set off his curls to good advantage, and the color just matched the blue of his eyes. His trousers were blue, also, and she took the silver buckles from her own shoes and put them on his, that he might appear the finer. And then she brushed his curls and placed his big straw hat upon them and sent him away with a kiss to see the Squire.

It so happened that the great man was walking in his garden with his daughter Madge that morning, and was feeling in an especially happy mood, so that when he suddenly looked up and saw a little boy before him, he said, kindly,
""Well, my child, what can I do for you?""
""If you please, sir,"" said the boy, bravely, although he was frightened at meeting the Squire face to face, ""I want you to give me some work to do, so that I can earn money.""
""Earn money!"" repeated the Squire, ""why do you wish to earn money?""
""To buy food for my mother, sir. We are very poor, and since she is no longer able to work for me I wish to work for her.""
""But what can you do?"" asked the Squire; ""you are too small to work in the fields.""
""I could earn something, sir, couldn't I?""

His tone was so pleading that mistress Madge was unable to resist it, and even the Squire was touched. The young lady came forward and took the boy's hand in her own, and pressing back his curls, she kissed his fair cheek.
""You shall be our shepherd,"" she said, pleasantly, ""and keep the sheep out of the meadows and the cows from getting into the corn. You know, father,"" she continued, turning to the Squire, ""it was only yesterday you said you must get a boy to tend the sheep, and this little boy can do it nicely.""
""Very well,"" replied the Squire, ""it shall be as you say, and if he is attentive and watchful he will be able to save me a good bit of trouble and so really earn his money.""
Then he turned to the child and said,
""Come to me in the morning, my little man, and I will give you a silver horn to blow, that you may call the sheep and the cows whenever they go astray. What is your name?""

""Oh, never mind his name, papa!"" broke in the Squire's daughter; ""I shall call him Little Boy Blue, since he is dressed in blue from head to foot, and his dress but matches his eyes. And you must give him a good wage, also, for surely no Squire before ever had a prettier shepherd boy than this.""
""Very good,"" said the Squire, cheerfully, as he pinched his daughter's rosy cheek; ""be watchful, Little Boy Blue, and you shall be well paid.""
Then Little Boy Blue thanked them both very sweetly and ran back over the hill and into the valley where his home lay nestled by the river-side, to tell the good news to his mother.

The poor widow wept tears of joy when she heard his story, and smiled when he told her that his name was to be Little Boy Blue. She knew the Squire was a kind master and would be good to her darling son.
Early the next morning Little Boy Blue was at the Hall, and the Squire's steward gave him a new silver horn, that glistened brightly in the sunshine, and a golden cord to fasten it around his neck. And then he was given charge of the sheep and the cows, and told to keep them from straying into the meadowlands and the fields of grain.
It was not hard work, but just suited to Little Boy Blue's age, and he was watchful and vigilant and made a very good shepherd boy indeed. His mother needed food no longer, for the Squire paid her son liberally and the Squire's daughter made a favorite of the small shepherd and loved to hear the call of his silver horn echoing amongst the hills. Even the sheep and the cows were fond of him, and always obeyed the sound of his horn; therefore the Squire's corn thrived finely, and was never trampled.

Little Boy Blue was now very happy, and his mother was proud and contented and began to improve in health. After a few weeks she became strong enough to leave the cottage and walk a little in the fields each day; but she could not go far, because her limbs were too feeble to support her long, so the most she could attempt was to walk as far as the stile to meet Little Boy Blue as he came home from work in the evening. Then she would lean on his shoulder and return to the cottage with him, and the boy was very glad he could thus support his darling mother and assist her faltering steps.
But one day a great misfortune came upon them, since it is true that no life can be so happy but that sorrow will creep in to temper it.



Little Boy Blue came homeward one evening very light of heart and whistled merrily as he walked, for he thought he should find his mother awaiting him at the stile and a good supper spread upon the table in the little cottage. But when he came to the stile his mother was not in sight, and in answer to his call a low moan of pain reached his ears.
Little Boy Blue sprang over the stile and found lying upon the ground his dear mother, her face white and drawn with suffering, and tears of anguish running down her cheeks. For she had slipped upon the stile and fallen, and her leg was broken!

Little Boy Blue ran to the cottage for water and bathed the poor woman's face, and raised her head that she might drink. There were no neighbors, for ",the cottage stood all alone by the forest
flawed_fictions_long_3,1,1,TRUE,"1. The story describes the garden as having twelve peach-trees that in the spring-time broke out into delicate blossoms of pink and pearl, and in the autumn bore rich fruit. 2. The target sentence states that the peach trees had already failed to bear fruit, which contradicts the earlier description of the peach trees bearing rich fruit in autumn. 3. The target sentence also describes the peach trees as stark against the cold sky, which aligns with the garden being in perpetual winter due to the Giant's selfishness, but the contradiction lies in the fruit-bearing aspect.","Even the peach trees, which had already failed to bear fruit, stood stark against the cold sky.","there were twelve peach-trees that in the spring-time broke out into delicate blossoms of pink and pearl, and in the autumn bore rich fruit.","Every afternoon, as they were coming from school, the children used to go and play in the Giant's garden.
It was a large lovely garden, with soft green grass. Here and there over the grass stood beautiful flowers like stars, and there were twelve peach-trees that in the spring-time broke out into delicate blossoms of pink and pearl, and in the autumn bore rich fruit. The birds sat on the trees and sang so sweetly that the children used to stop their games in order to listen to them. ""How happy we are here!"" they cried to each other.



One day the Giant came back. He had been to visit his friend the Cornish ogre, and had stayed with him for seven years. After the seven years were over he had said all that he had to say, for his conversation was limited, and he determined to return to his own castle. When he arrived he saw the children playing in the garden.
""What are you doing here?"" he cried in a very gruff voice, and the children ran away.
""My own garden is my own garden,"" said the Giant; ""any one can understand that, and I will allow nobody to play in it but myself."" So he built a high wall all round it, and put up a notice-board.

He was a very selfish Giant.
The poor children had now nowhere to play. They tried to play on the road, but the road was very dusty and full of hard stones, and they did not like it. They used to wander round the high wall when their lessons were over, and talk about the beautiful garden inside. ""How happy we were there,"" they said to each other.
Then the Spring came, and all over the country there were little blossoms and little birds. Only in the garden of the Selfish Giant it was still winter. The birds did not care to sing in it as there were no children, and the trees forgot to blossom. ","Even the peach trees, which had already failed to bear fruit, stood stark against the cold sky."
flawed_fictions_long_7,1,1,TRUE,"1. The story describes a peasant boy who leaves his home to find a princess. He sells all he has and travels far, eventually reaching a city after three months of wandering. 2. The target sentence suggests he quickly reaches a forest bordering his village, implying proximity to his starting point. 3. This contradicts the story's context, where he has traveled far and reached a city after a long journey.",He had not gone far before he reached the dense forest that bordered his village.,"He wandered far, and at last, in the winter-time, came into a land where the roads all ran in straight lines, and made no turns. After he had wandered straight ahead for full three months, he came to a city.","Once upon a time there was a peasant boy, who dreamed that he would get a princess, from far, far away, that she was as white as milk, and as red as blood, and so rich that her riches had no end. When he woke, it seemed to him as though she were still standing before him. She was so beautiful and winning that he could not go on living without her. So he sold all that he had, and went forth to look for her. He wandered far, and at last, in the winter-time, came into a land where the roads all ran in straight lines, and made no turns. After he had wandered straight ahead for full three months, he came to a city. And there a great block of ice lay before the church door, and in the middle of it was a corpse, and the whole congregation spat at it as the people passed by. This surprised the youth, and when the pastor came out of the church, he asked him what it meant. ""He was a great evil-doer,"" replied the pastor, ""who has been executed because of his misdeeds, and has been exposed here in shame and derision."" ""But what did he do?"" asked the youth.


""During his mortal life he was a wine-dealer,"" answered the pastor, ""and he watered the wine he sold.""
This did not strike the youth as being such a terrible crime. ""Even if he had to pay for it with his life,"" said he, ""one might now grant him a Christian burial, and let him rest in peace."" But the pastor said that this could not be done at all. People would be needed to break him out of the ice; and money would be needed to buy a grave for him from the church; and the gravedigger would want to be paid for his trouble; and the sexton for tolling the bells; and the cantor for singing; and the pastor himself for the funeral sermon.


""Do you think there is any one who would pay all that money for such an arrant sinner's sake?"" inquired the pastor.
""Yes,"" said the youth. If he could manage to have him buried, he would be willing to pay for the wake out of his own slender purse.
At first the pastor would hear nothing of it. But when the youth returned with two men, and asked him in their presence whether he refused the dead man Christian burial, he ventured no further objections.


So they released the wine-dealer from his block of ice, and laid him in consecrated ground. The bells tolled, and there was singing, and the elder threw earth on the coffin, and they had a wake at which tears and laughter alternated. But when the youth had paid for the wake, he had but a few shillings left in his pocket. Then he once more set out on his way. ",He had not gone far before he reached the dense forest that bordered his village.
flawed_fictions_long_12,1,1,TRUE,"1. Analyze character/plot/setting: Little Boy Blue is a young boy who works as a shepherd for the Squire. He uses a silver horn to call the sheep and cows. 2. Compare target with context: The target sentence mentions 'his whistle and his voice,' but the story context emphasizes the use of a silver horn for communication. 3. The story does not mention Little Boy Blue using a whistle or his voice to communicate with the sheep or cows, only the horn.",his whistle and his voice,"Then he turned to the child and said, 'Come to me in the morning, my little man, and I will give you a silver horn to blow, that you may call the sheep and the cows whenever they go astray.'","There once lived a poor widow who supported herself and her only son by gleaning in the fields the stalks of grain that had been missed by the reapers. Her little cottage was at the foot of a beautiful valley, upon the edge of the river that wound in and out among the green hills; and although poor, she was contented with her lot, for her home was pleasant and her lovely boy was a constant delight to her. He had big blue eyes, and fair golden curls, and he loved his good mother very dearly, and was never more pleased than when she allowed him to help her with her work.


And so the years passed happily away till the boy was eight years old, but then the widow fell sick, and their little store of money melted gradually away.
""I don't know what we shall do for bread,"" she said, kissing her boy with tears in her eyes, ""for I am not yet strong enough to work, and we have no money left.""
 ""But I can work,"" answered the boy; ""and I'm sure if I go to the Squire up at the Hall he will give me something to do.""
At first the widow was reluctant to consent to this, since she loved to keep her child at her side, but finally, as nothing else could be done, she decided to let him go to see the Squire.


Being too proud to allow her son to go to the great house in his ragged clothes, she made him a new suit out of a pretty blue dress she had herself worn in happier times, and when it was finished and the boy dressed in it, he looked as pretty as a prince in a fairy tale. For the bright blue jacket set off his curls to good advantage, and the color just matched the blue of his eyes. His trousers were blue, also, and she took the silver buckles from her own shoes and put them on his, that he might appear the finer. And then she brushed his curls and placed his big straw hat upon them and sent him away with a kiss to see the Squire.


It so happened that the great man was walking in his garden with his daughter Madge that morning, and was feeling in an especially happy mood, so that when he suddenly looked up and saw a little boy before him, he said, kindly,
""Well, my child, what can I do for you?""
""If you please, sir,"" said the boy, bravely, although he was frightened at meeting the Squire face to face, ""I want you to give me some work to do, so that I can earn money.""
""Earn money!"" repeated the Squire, ""why do you wish to earn money?""
""To buy food for my mother, sir. We are very poor, and since she is no longer able to work for me I wish to work for her.""
""But what can you do?"" asked the Squire; ""you are too small to work in the fields.""
""I could earn something, sir, couldn't I?""


His tone was so pleading that mistress Madge was unable to resist it, and even the Squire was touched. The young lady came forward and took the boy's hand in her own, and pressing back his curls, she kissed his fair cheek.
""You shall be our shepherd,"" she said, pleasantly, ""and keep the sheep out of the meadows and the cows from getting into the corn. You know, father,"" she continued, turning to the Squire, ""it was only yesterday you said you must get a boy to tend the sheep, and this little boy can do it nicely.""
""Very well,"" replied the Squire, ""it shall be as you say, and if he is attentive and watchful he will be able to save me a good bit of trouble and so really earn his money.""
Then he turned to the child and said,
""Come to me in the morning, my little man, and I will give you a silver horn to blow, that you may call the sheep and the cows whenever they go astray. What is your name?""


""Oh, never mind his name, papa!"" broke in the Squire's daughter; ""I shall call him Little Boy Blue, since he is dressed in blue from head to foot, and his dress but matches his eyes. And you must give him a good wage, also, for surely no Squire before ever had a prettier shepherd boy than this.""
""Very good,"" said the Squire, cheerfully, as he pinched his daughter's rosy cheek; ""be watchful, Little Boy Blue, and you shall be well paid.""
Then Little Boy Blue thanked them both very sweetly and ran back over the hill and into the valley where his home lay nestled by the river-side, to tell the good news to his mother.


The poor widow wept tears of joy when she heard his story, and smiled when he told her that his name was to be Little Boy Blue. She knew the Squire was a kind master and would be good to her darling son.
Early the next morning Little Boy Blue was at the Hall, and the Squire's steward gave him a new silver horn, that glistened brightly in the sunshine, and a golden cord to fasten it around his neck. And then he was given charge of the sheep and the cows, and told to keep them from straying into the meadowlands and the fields of grain.
It was not hard work, but just suited to Little Boy Blue's age, and he was watchful and vigilant and made a very good shepherd boy indeed. His mother needed food no longer, for the Squire paid her son liberally and the Squire's daughter made a favorite of the small shepherd and loved to hear the call of his silver horn echoing amongst the hills. Even the sheep and the cows were fond of him, and always obeyed the sound of his horn; therefore the Squire's corn thrived finely, and was never trampled.


Little Boy Blue was now very happy, and his mother was proud and contented and began to improve in health. After a few weeks she became strong enough to leave the cottage and walk a little in the fields each day; but she could not go far, because her limbs were too feeble to support her long, so the most she could attempt was to walk as far as the stile to meet Little Boy Blue as he came home from work in the evening. Then she would lean on his shoulder and return to the cottage with him, and the boy was very glad he could thus support his darling mother and assist her faltering steps.
But one day a great misfortune came upon them, since it is true that no life can be so happy but that sorrow will creep in to temper it.


Little Boy Blue came homeward one evening very light of heart and whistled merrily as he walked, for he thought he should find his mother awaiting him at the stile and a good supper spread upon the table in the little cottage. But when he came to the stile his mother was not in sight, and in answer to his call a low moan of pain reached his ears.
Little Boy Blue sprang over the stile and found lying upon the ground his dear mother, her face white and drawn with suffering, and tears of anguish running down her cheeks. For she had slipped upon the stile and fallen, and her leg was broken!


Little Boy Blue ran to the cottage for water and bathed the poor woman's face, and raised her head that she might drink. There were no neighbors, for the cottage stood all alone by the river, so the child was obliged to support his mother in his arms as best he could while she crawled painfully back to the cottage. Fortunately, it was not far, and at last she was safely laid upon her bed. Then Little Boy Blue began to think what he should do next.
""Can I leave you alone while I go for the doctor, mamma?"" he asked, anxiously, as he held her clasped hands tightly in his two little ones. His mother drew him towards her and kissed him.


""Take the boat, dear,"" she said, ""and fetch the doctor from the village. I shall be patient till you return.""
Little Boy Blue rushed away to the river bank and unfastened the little boat; and then he pulled sturdily down the river until he passed the bend and came to the pretty village below. When he had found the doctor and told of his mother's misfortune, the good man promised to attend him at once, and very soon they were seated in the boat and on their way to the cottage.


It was very dark by this time, but Little Boy Blue knew every turn and bend in the river, and the doctor helped him pull at the oars, so that at last they came to the place where a faint light twinkled through the cottage window. They found the poor woman in much pain, but the doctor quickly set and bandaged her leg, and gave her some medicine to ease her suffering. It was nearly midnight when all was finished and the doctor was ready to start back to the village.
""Take good care of your mother,"" he said to the boy, ""and don't worry about her, for it is not a bad break and the leg will mend nicely in time; but she will be in bed many days, and you must nurse her as well as you are able.""


All through the night the boy sat by the bedside, bathing his mother's fevered brow and ministering to her wants. And when the day broke she was resting easily and the pain had left her, and she told Little Boy Blue he must go to his work.
""For,"" said she, ""more than ever now we need the money you earn from the Squire, as my misfortune will add to the expenses of living, and we have the doctor to pay. Do not fear to leave me, for I shall rest quietly and sleep most of the time while you are away.""


Little Boy Blue did not like to leave his mother all alone, but he knew of no one he could ask to stay with her; so he placed food and water by her bedside, and ate a little breakfast himself, and started off to tend his sheep.
The sun was shining brightly, and the birds sang sweetly in the trees, and the crickets chirped just as[38] merrily as if this great trouble had not come to Little Boy Blue to make him sad.
But he went bravely to his work, and for several hours he watched carefully; and the men at work in the fields, and the Squire's daughter, who sat embroidering upon the porch of the great house, heard often the sound of ",his whistle and his voice
flawed_fictions_long_15,1,1,TRUE,"1. The story describes the setting of the Castle, the moor, and the Fairy Knowe. The Castle is on a cliff overlooking the sea, with a postern door leading to the sea shore. The moor and the Fairy Knowe are on the other side of the Castle, beyond the gardens and pleasure grounds. 2. The target sentence describes the page-boy leaving the Castle by the postern door, which leads to the sea shore, and then going deep into the forest to reach the Fairy Knowe. 3. The story context indicates that the Fairy Knowe is on the moor, not in a forest, and is accessible from the gardens, not the sea shore. 4. Therefore, the target sentence contradicts the story context by describing an incorrect route and setting for reaching the Fairy Knowe.","So one night, when everyone else was asleep, he crept out of the Castle by the little postern door, and stole down the stone steps, and along the sea shore, and deep into the forest, and went straight to the Fairy Knowe.","On the other side of the Castle were gardens and pleasure grounds, opening on to a long stretch of heather-covered moorland, which, at last, met a distant range of hills. This Knowe of which he spoke was a little green hillock, which stood on the moor not twenty yards from the garden gate.","There was once a little page-boy, who was in service in a stately Castle. He was a very good-natured little fellow, and did his duties so willingly and well that everybody liked him, from the great Earl whom he served every day on bended knee, to the fat old butler whose errands he ran.
Now the Castle stood on the edge of a cliff overlooking the sea, and although the walls at that side were very thick, in them there was a little postern door, which opened on to a narrow flight of steps that led down the face of the cliff to the sea shore, so that anyone who liked could go down there in the pleasant summer mornings and bathe in the shimmering sea.
On the other side of the Castle were gardens and pleasure grounds, opening on to a long stretch of heather-covered moorland, which, at last, met a distant range of hills.

The little page-boy was very fond of going out on this moor when his work was done, for then he could run about as much as he liked, chasing bumble-bees, and catching butterflies, and looking for birds' nests when it was nesting time.
And the old butler was very pleased that he should do so, for he knew that it was good for a healthy little lad to have plenty of fun in the open air. But before the boy went out the old man always gave him one warning.
""Now, mind my words, laddie, and keep far away from the Fairy Knowe, for the Little Folk are not to trust to.""

This Knowe of which he spoke was a little green hillock, which stood on the moor not twenty yards from the garden gate, and folk said that it was the abode of Fairies, who would punish any rash mortal who came too near them. And because of this the country people would walk a good half-mile out of their way, even in broad daylight, rather than run the risk of going too near the Fairy Knowe and bringing down the Little Folks' displeasure upon them. And at night they would hardly cross the moor at all, for everyone knows that Fairies come abroad in the darkness, and the door of their dwelling stands open, so that any luckless mortal who does not take care may find himself inside.
Now, the little page-boy was an adventurous wight, and instead of being frightened of the Fairies, he was very anxious to see them, and to visit their abode, just to find out what it was like.



","So one night, when everyone else was asleep, he crept out of the Castle by the little postern door, and stole down the stone steps, and along the sea shore, and deep into the forest, and went straight to the Fairy Knowe."
flawed_fictions_long_17,1,1,TRUE,"1. The story is about a boy named Faithful who grew up in a humble cottage and received a horse with the gift of speech. 2. The target sentence mentions 'the palace walls,' which suggests a setting of royalty or nobility, contradicting the humble cottage setting. 3. The target sentence implies Faithful is in a palace, which is inconsistent with the story's setting.","there was much, yet he yearned for adventure beyond the palace walls","Once upon a time there was a couple of humble cottagers who had no children until, at last, the man's wife was blessed with a boy, which made both of them very happy.","Once upon a time there was a couple of humble cottagers who had no children until, at last, the man's wife was blessed with a boy, which made both of them very happy. They named him Faithful and when he was christened a huldra came to the hut, seated herself beside the child's cradle, and foretold that he would meet with good fortune. ""What is more,"" she said, ""when he is fifteen years of age, I will make him a present of a horse with many rare qualities, a horse that has the gift of speech!"" And with that the huldra turned and went away.


The boy grew up and became strong and powerful. And when he had passed his fifteenth year, a strange old man came up to their hut one day, knocked, and said that the horse he was leading had been sent by his queen, and that henceforward it was to belong to Faithful, as she had promised. Then the ancient man departed; but the beautiful horse was admired by all, and Faithful learned to love it more with every passing day.


At length he grew weary of home. ""I must away and try my fortune in the world,"" said he, and his parents did not like to object; for ","there was much, yet he yearned for adventure beyond the palace walls"
flawed_fictions_long_18,1,1,TRUE,"1. The story is set in a kingdom with a king, a queen, and a princess, indicating a royal setting. 2. The target sentence refers to the 'King's modest dwelling,' which suggests a humble abode. 3. In the story, the king is described as having a castle and a council, which implies a grand and royal setting, not a modest one. 4. The target sentence contradicts the established setting of the king's residence.",King's modest dwelling,"For it chanced that the King of these parts had one only daughter, the Princess Gemdelovely, whom he loved dearly, and to whom he denied nothing. And Princess Gemdelovely was in want of a waiting-maid, and as she had seen Assipattle's sister standing by the garden gate as she was riding by one day, and had taken a fancy to her, she asked her father if she might ask her to come and live at the Castle and serve her.","Assipattle And The Mester Stoorworm
In far bygone days, in the North, there lived a well-to-do farmer, who had seven sons and one daughter. And the youngest of these seven sons bore a very curious name; for men called him Assipattle, which means, ""He who grovels among the ashes.""
Perhaps Assipattle deserved his name, for he was rather a lazy boy, who never did any work on the farm as his brothers did, but ran about the doors with ragged clothes and unkempt hair, and whose mind was ever filled with wondrous stories of Trolls and Giants, Elves and Goblins.
When the sun was hot in the long summer afternoons, when the bees droned drowsily and even the tiny insects seemed almost asleep, the boy was content to throw himself down on the ash-heap amongst the ashes, and lie there, lazily letting them run through his fingers, as one might play with sand on the sea-shore, basking in the sunshine and telling stories to himself.


And his brothers, working hard in the fields, would point to him with mocking fingers, and laugh, and say to each other how well the name suited him, and of how little use he was in the world.
And when they came home from their work, they would push him about and tease him, and even his mother would make him sweep the floor, and draw water from the well, and fetch peats from the peat-stack, and do all the little odd jobs that nobody else would do.
So poor Assipattle had rather a hard life of it, and he would often have been very miserable had it not been for his sister, who loved him dearly, and who would listen quite patiently to all the stories that he had to tell; who never laughed at him or told him that he was telling lies, as his brothers did.


But one day a very sad thing happened--at least, it was a sad thing for poor Assipattle.
For it chanced that the King of these parts had one only daughter, the Princess Gemdelovely, whom he loved dearly, and to whom he denied nothing. And Princess Gemdelovely was in want of a waiting-maid, and as she had seen Assipattle's sister standing by the garden gate as she was riding by one day, and had taken a fancy to her, she asked her father if she might ask her to come and live at the Castle and serve her.
Her father agreed at once, as he always did agree to any of her wishes; and sent a messenger in haste to the farmer's house to ask if his daughter would come to the Castle to be the Princess's waiting-maid.
And, of course, the farmer was very pleased at the piece of good fortune which had befallen the girl, and so was her mother, and so were her six brothers, all except poor Assipattle, who looked with wistful eyes after his sister as she rode away, proud of her new clothes and of the rivlins which her father had made her out of cowhide, which she was to wear in the Palace when she waited on the Princess, for at home she always ran barefoot.


Time passed, and one day a rider rode in hot haste through the country bearing the most terrible tidings. For the evening before, some fishermen, out in their boats, had caught sight of the Mester Stoorworm, which, as everyone knows, was the largest, and the first, and the greatest of all Sea-Serpents. It was that beast which, in the Good Book, is called the Leviathan, and if it had been measured in our day, its tail would have touched Iceland, while its snout rested on the North Cape.
And the fishermen had noticed that this fearsome Monster had its head turned towards the mainland, and that it opened its mouth and yawned horribly, as if to show that it was hungry, and that, if it were not fed, it would kill every living thing upon the land, both man and beast, bird and creeping thing.
For it was well known that its breath was so poisonous that it consumed as with a burning fire everything that it lighted on. So that, if it pleased the awful creature to lift its head and put forth its breath, like noxious vapour, over the country, in a few weeks the fair land would be turned into a region of desolation.


As you may imagine, everyone was almost paralysed with terror at this awful calamity which threatened them; and the King called a solemn meeting of all his Counsellors, and asked them if they could devise any way of warding off the danger.
And for three whole days they sat in Council, these grave, bearded men, and many were the suggestions which were made, and many the words of wisdom which were spoken; but, alas! no one was wise enough to think of a way by which the Mester Stoorworm might be driven back.
At last, at the end of the third day, when everyone had given up hope of finding a remedy, the door of the Council Chamber opened and the Queen appeared.


Now the Queen was the King's second wife, and she was not a favourite in the Kingdom, for she was a proud, insolent woman, who did not behave kindly to her step-daughter, the Princess Gemdelovely, and who spent much more of her time in the company of a great Sorcerer, whom everyone feared and dreaded, than she did in that of the King, her husband.
So the sober Counsellors looked at her disapprovingly as she came boldly into the Council Chamber and stood up beside the King's Chair of State, and, speaking in a loud, clear voice, addressed them thus:
""Ye think that ye are brave men and strong, oh, ye Elders, and fit to be the Protectors of the People. And so it may be, when it is mortals that ye are called on to face. But ye be no match for the foe that now threatens our land. Before him your weapons be but as straw. It is not through strength of arm, but through sorcery, that he will be overcome. So listen to my words, even though they be but those of a woman, and take counsel with the great Sorcerer, from whom nothing is hid, but who knoweth all the mysteries of the earth, and of the air, and of the sea.""


Now the King and his Counsellors liked not this advice, for they hated the Sorcerer, who had, as they thought, too much influence with the Queen; but they were at their wits' end, and knew not to whom to turn for help, so they were fain to do as she said and summon the Wizard before them.
And when he obeyed the summons and appeared in their midst, they liked him none the better for his looks. For he was long, and thin, and awesome, with a beard that came down to his knee, and hair that wrapped him about like a mantle, and his face was the colour of mortar, as if he had always lived in darkness, and had been afraid to look on the sun.
But there was no help to be found in any other man, so they laid the case before him, and asked him what they should do. And he answered coldly that he would think over the matter, and come again to the Assembly the following day and give them his advice.
And his advice, when they heard it, was like to turn their hair white with horror.


For he said that the only way to satisfy the Monster, and to make it spare the land, was to feed it every Saturday with seven young maidens, who must be the fairest who could be found; and if, after this remedy had been tried once or twice, it did not succeed in mollifying the Stoorworm and inducing him to depart, there was but one other measure that he could suggest, but that was so horrible and dreadful that he would not rend their hearts by mentioning it in the meantime.
And as, although they hated him, they feared him also, the Council had e'en to abide by his words, and pronounced the awful doom.
And so it came about that, every Saturday, seven bonnie, innocent maidens were bound hand and foot and laid on a rock which ran into the sea, and the Monster stretched out his long, jagged tongue, and swept them into his mouth; while all the rest of the folk looked on from the top of a high hill--or, at least, the men looked--with cold, set faces, while the women hid theirs in their aprons and wept aloud.


""Is there no other way,"" they cried, ""no other way than this, to save the land?""
But the men only groaned and shook their heads. ""No other way,"" they answered; ""no other way.""
Then suddenly a boy's indignant voice rang out among the crowd. ""Is there no grown man who would fight that Monster, and kill him, and save the lassies alive? I would do it; I am not feared for the Mester Stoorworm.""
It was the boy Assipattle who spoke, and everyone looked at him in amazement as he stood staring at the great Sea-Serpent, his fingers twitching with rage, and his great blue eyes glowing with pity and indignation.


""The poor bairn's mad; the sight hath turned his head,"" they whispered one to another; and they would have crowded round him to pet and comfort him, but his elder brother came and gave him a heavy clout on the side of his head.
""Thou fight the Stoorworm!"" he cried contemptuously. ""A likely story! Go home to thy ash-pit, and stop speaking havers;"" and, taking his arm, he drew him to the place where his other brothers were waiting, and they all went home together.
But all the time Assipattle kept on saying that he meant to kill the Stoorworm; and at last his brothers became so angry at what they thought was mere bragging, that they picked up stones and pelted him so hard with them that at last he took to his heels and ran away from them.
That evening the six brothers were threshing corn in the barn, and Assipattle, as usual, was lying among the ashes thinking his own thoughts, when his mother came out and bade him run and tell the others to come in for their supper.


The boy did as he was bid, for he was a willing enough little fellow; but when he entered the barn his brothers, in revenge for his having run away from them in the afternoon, set on him and pulled him down, and piled so much straw on top of him that, had his father not come from the house to see what they were all waiting for, he would, of a surety, have been smothered.
But when, at supper-time, his mother was quarrelling with the other lads for what they had done, and saying to them that it was only cowards who set on bairns littler and younger than themselves, Assipattle looked up from the bicker of porridge which he was supping.


""Vex not thyself, Mother,"" he said, ""for I could have fought them all if I liked; ay, and beaten them, too.""
""Why didst thou not essay it then?"" cried everybody at once.
""Because I knew that I would need all my strength when I go to fight the Giant Stoorworm,"" replied Assipattle gravely.
And, as you may fancy, the others laughed louder than before.


Time passed, and every Saturday seven lassies were thrown to the Stoorworm, until at last it was felt that this state of things could not be allowed to go on any longer; for if it did, there would soon be no maidens at all left in the country.
So the Elders met once more, and, after long consultation, it was agreed that the Sorcerer should be summoned, and asked what his other remedy was. ""For, by our troth,"" said they, ""it cannot be worse than that which we are practising now.""
But, had they known it, the new remedy was even more dreadful than the old. For the cruel Queen hated her step-daughter, Gemdelovely, and the wicked Sorcerer knew that she did, and that she would not be sorry to get rid of her, and, things being as they were, he thought that he saw a way to please the Queen. So he stood up in the Council, and, pretending to be very sorry, said that the only other thing that could be done was to give the Princess Gemdelovely to the Stoorworm, then would it of a surety depart.


When they heard this sentence a terrible stillness fell upon the Council, and everyone covered his face with his hands, for no man dare look at the King.
But although his dear daughter was as the apple of his eye, he was a just and righteous Monarch, and he felt that it was not right that other fathers should have been forced to part with their daughters, in order to try and save the country, if his child was to be spared.
So, after he had had speech with the Princess, he stood up before the Elders, and declared, with trembling voice, that both he and she were ready to make the sacrifice.
""She is my only child,"" he said, ""and the last of her race. Yet it seemeth good to both of us that she should lay down her life, if by so doing she may save the land that she loves so well.""


Salt tears ran down the faces of the great bearded men as they heard their King's words, for they all knew how dear the Princess Gemdelovely was to him. But it was felt that what he said was wise and true, and that the thing was just and right; for it were better, surely, that one maiden should die, even although she were of Royal blood, than that bands of other maidens should go to their death week by week, and all to no purpose.
So, amid heavy sobs, the aged Lawman--he who was the chief man of the Council--rose up to pronounce the Princess's doom. But, ere he did so, the King's Kemper--or Fighting-man--stepped forward.
""Nature teaches us that it is fitting that each beast hath a tail,"" he said; ""and this Doom, which our Lawman is about to pronounce, is in very sooth a venomous beast. And, if I had my way, the tail which it would bear after it is this, that if the Mester Stoorworm doth not depart, and that right speedily, after he have devoured the Princess, the next thing that is offered to him be no tender young maiden, but that tough, lean old Sorcerer.""
And at his words there was such a great shout of approval that the wicked Sorcerer seemed to shrink within himself, and his pale face grew paler than it was before.


Now, three weeks were allowed between the time that the Doom was pronounced upon the Princess and the time that it was carried out, so that the King might send Ambassadors to all the neighbouring Kingdoms to issue proclamations that, if any Champion would come forward who was able to drive away the Stoorworm and save the Princess, he should have her for his wife.
And with her he should have the Kingdom, as well as a very famous sword that was now in the King's possession, but which had belonged to the great god Odin, with which he had fought and vanquished all his foes.
The sword bore the name of Sickersnapper, and no man had any power against it.
The news of all these things spread over the length and breadth of the land, and everyone mourned for the fate that was like to befall the Princess Gemdelovely. And the farmer, and his wife, and their six sons mourned also;--all but Assipattle, who sat amongst the ashes and said nothing.


When the King's Proclamation was made known throughout the neighbouring Kingdoms, there was a fine stir among all the young Gallants, for it seemed but a little thing to slay a Sea-Monster; and a beautiful wife, a fertile Kingdom, and a trusty sword are not to be won every day.
So six-and-thirty Champions arrived at the ",King's modest dwelling
flawed_fictions_long_21,1,1,TRUE,"1. The story describes a family in old Japan with a daughter who is seven years old. 2. The father goes on a journey to the capital and returns with gifts. 3. The target sentence mentions the daughter growing into a girl of sixteen, which implies a time jump. 4. The story does not mention any time passing beyond the father's return. 5. The target sentence suggests ongoing worries, but the story describes a happy reunion without mention of worries.","Time passed away in the peaceful home, and the parents saw their ongoing worries intensify as their daughter grew from childhood into a beautiful girl of sixteen.","Now that she was seven years of age, and had learned to talk and to wait upon her parents in those several little ways so dear to the hearts of fond parents, their cup of happiness seemed full. There could not be found in the whole of the Island Empire a happier little family.","Long years ago in old Japan there lived in the Province of Echigo, a very remote part of Japan even in these days, a man and his wife. When this story begins they had been married for some years and were blessed with one little daughter. She was the joy and pride of both their lives. In her they stored an endless source of happiness for their old age.
What golden letter days in their memory were these that had marked her growing up from babyhood. The visit to the temple when she was just thirty days old, her proud mother carrying her, robed in ceremonial kimono, to be put under the patronage of the family's household god. Then her first dolls festival, when her parents gave her a set of dolls and their miniature belongings, to be added to as year succeeded year. Then perhaps the most important occasion of all, on her third birthday, when her first OBI (broad brocade sash) of scarlet and gold was tied round her small waist. It a sign that she had crossed the threshold of girlhood and left infancy behind. Now that she was seven years of age, and had learned to talk and to wait upon her parents in those several little ways so dear to the hearts of fond parents, their cup of happiness seemed full. There could not be found in the whole of the Island Empire a happier little family.


One day there was much excitement in the home, for the father had been suddenly summoned to the capital on business. In these days of railways and jinrickshas and other rapid modes of traveling, it is difficult to realize what such a journey as that from Matsuyama to Kyoto meant. The roads were rough and bad, and ordinary people had to walk every step of the way, whether the distance were one hundred or several hundred miles. Indeed, in those days it was as great an undertaking to go up to the capital as it is for a Japanese to make a voyage to Europe now.


So the wife was very anxious while she helped her husband get ready for the long journey, knowing what an arduous task lay before him. Vainly she wished that she could accompany him, but the distance was too great for the mother and child to go, and besides that, it was the wife's duty to take care of the home.
All was ready at last, and the husband stood in the porch with his little family round him.
""Do not be anxious, I will come back soon,"" said the man. ""While I am away take care of everything, and especially of our little daughter.""
""Yes, we shall be all right-but you-you must take care of yourself and delay not a day in coming back to us,"" said the wife, while the tears fell like rain from her eyes.
The little girl was the only one to smile, for she was ignorant of the sorrow of parting. She did not know that going to the capital was at all different from walking to the next village, which her father did very often. She ran to his side, and caught hold of his long sleeve to keep him a moment.


""Father, I will be very good while I am waiting for you to come back, so please bring me a present.""
As the father turned to take a last look at his weeping wife and smiling, eager child, he felt as if some one were pulling him back by the hair, so hard was it for him to leave them behind, for they had never been separated before. But he knew that he must go, for the call was imperative. With a great effort he ceased to think, and resolutely turning away he went quickly down the little garden and out through the gate. His wife, catching up the child in her arms, ran as far as the gate, and watched him as he went down the road between the pines till he was lost in the haze of the distance and all she could see was his quaint peaked hat, and at last that vanished too.


""Now father has gone, you and I must take care of everything till he comes back,"" said the mother, as she made her way back to the house.
""Yes, I will be very good,"" said the child, nodding her head, ""and when father comes home please tell him how good I have been. Then perhaps he will give me a present.""
""Father is sure to bring you something that you want very much. I know, for I asked him to bring you a doll. You must think of father every day, and pray for a safe journey till he comes back.""
""O, yes, when he comes home again how happy I shall be,"" said the child, clapping her hands, and her face growing bright with joy at the glad thought. It seemed to the mother as she looked at the child's face that her love for her grew deeper and deeper.


Then she set to work to make the winter clothes for the three of them. She set up her simple wooden spinning-wheel and spun the thread before she began to weave the stuffs. In the intervals of her work she directed the little girl's games and taught her to read the old stories of her country. Thus did the wife find consolation in work during the lonely days of her husband's absence. While the time was thus slipping quickly by in the quiet home, the husband finished his business and returned.
It would have been difficult for any one who did not know the man well to recognize him. He had traveled day after day, exposed to all weathers, for about a month altogether, and was sunburnt to bronze. But his fond wife and child knew him at a glance, and flew to meet him from either side, each catching hold of one of his sleeves in their eager greeting. Both the man and his wife rejoiced to find each other well. It seemed a very long time to all till-the mother and child helping-his straw sandals were untied, his large umbrella hat taken off, and he was again in their midst in the old familiar sitting-room that had been so empty while he was away.


As soon as they had sat down on the white mats, the father opened a bamboo basket that he had brought in with him, and took out a beautiful doll and a lacquer box full of cakes.
""Here,"" he said to the little girl, ""is a present for you. It is a prize for taking care of mother and the house so well while I was away.""
""Thank you,"" said the child, as she bowed her head to the ground. She then put out her hand just like a little maple leaf with its eager wide-spread fingers to take the doll and the box, both of which, coming from the capital, were prettier than anything she had ever seen. No words can tell how delighted the little girl was-her face seemed as if it would melt with joy, and she had no eyes and no thought for anything else.
Again the husband dived into the basket, and brought out this time a square wooden box, carefully tied up with red and white string, and handing it to his wife, said:
""And this is for you.""


The wife took the box, and opening it carefully took out a metal disk with a handle attached. One side was bright and shining like a crystal, and the other was covered with raised figures of pine-trees and storks, which had been carved out of its smooth surface in lifelike reality. Never had she seen such a thing in her life, for she had been born and bred in the rural province of Echigo. She gazed into the shining disk, and looking up with surprise and wonder pictured on her face, she said:
""I see somebody looking at me in this round thing! What is it that you have given me?""
The husband laughed and said:
""Why, it is your own face that you see. What I have brought you is called a mirror, and whoever looks into its clear surface can see their own form reflected there. Although there are none to be found in this out of the way place, yet they have been in use in the capital from the most ancient times. There the mirror is considered a very necessary requisite for a woman to possess. There is an old proverb that 'As the sword is the soul of a samurai, so is the mirror the soul of a woman,' and according to popular tradition, a woman's mirror is an index to her own heart-if she keeps it bright and clear, so is her heart pure and good. It is also one of the treasures that form the insignia of the Emperor. So you must lay great store by your mirror, and use it carefully.""


The wife listened to all her husband told her, and was pleased at learning so much that was new to her. She was still more pleased at the precious gift-his token of remembrance while he had been away.
""If the mirror represents my soul, I shall certainly treasure it as a valuable possession, and never will I use it carelessly."" Saying so, she lifted it as high as her forehead, in grateful acknowledgment of the gift, and then shut it up in its box and put it away.
The wife saw that her husband was very tired, and set about serving the evening meal and making everything as comfortable as she could for him. It seemed to the little family as if they had not known what true happiness was before, so glad were they to be together again, and this evening the father had much to tell of his journey and of all he had seen at the great capital.


","Time passed away in the peaceful home, and the parents saw their ongoing worries intensify as their daughter grew from childhood into a beautiful girl of sixteen."
flawed_fictions_long_22,1,1,TRUE,"1. Analyze character/plot/setting: Uraschimataro is a young man who saves a turtle and is taken to a palace under the sea. He lives there happily with Princess Otohime, who promises him eternal youth and beauty. However, he eventually longs to see his parents again. 2. Compare target with context: The target sentence suggests Uraschimataro gave up the palace and the princess for his parents' sake. However, the story indicates he left due to a longing to see his parents, not specifically for their sake. Additionally, he did not know they had passed away until after he returned. 3. The target sentence implies a conscious sacrifice for his parents, which is not supported by the story.","the son who, despite his past disappointments, had given up for his parents' sakes the splendour and wonders of the palace in the sea, and the most beautiful woman in the world besides.","Then he told her of the longing he had to visit his old home, and that he must see his parents once more. The princess was almost frozen with horror, and implored him to stay with her, or something dreadful would be sure to happen. 'You will never come back, and we shall meet again no more,' she moaned bitterly. But Uraschimataro stood firm and repeated, 'Only this once will I leave you, and then will I return to your side for ever.'","There was once a worthy old couple who lived on the coast, and supported themselves by fishing. They had only one child, a son, who was their pride and joy, and for his sake they were ready to work hard all day long, and never felt tired or discontented with their lot. This son's name was Uraschimataro, which means in Japanese, 'Son of the island,' and he was a fine well-grown youth and a good fisherman, minding neither wind nor weather. Not the bravest sailor in the whole village dared venture so far out to sea as Uraschimataro, and many a time the neighbours used to shake their heads and say to his parents, 'If your son goes on being so rash, one day he will try his luck once too often, and the waves will end by swallowing him up.' But Uraschimataro paid no heed to these remarks, and as he was really very clever in managing a boat, the old people were very seldom anxious about him.


One beautiful bright morning, as he was hauling his well-filled nets into the boat, he saw lying among the fishes a tiny little turtle. He was delighted with his prize, and threw it into a wooden vessel to keep till he got home, when suddenly the turtle found its voice, and tremblingly begged for its life. 'After all,' it said, 'what good can I do you? I am so young and small, and I would so gladly live a little longer. Be merciful and set me free, and I shall know how to prove my gratitude.'
Now Uraschimataro was very good-natured, and besides, he could never bear to say no, so he picked up the turtle, and put it back into the sea.


Years flew by, and every morning Uraschimataro sailed his boat into the deep sea. But one day as he was making for a little bay between some rocks, there arose a fierce whirlwind, which shattered his boat to pieces, and she was sucked under by the waves. Uraschimataro himself very nearly shared the same fate. But he was a powerful swimmer, and struggled hard to reach the shore. Then he saw a large turtle coming towards him, and above the howling of the storm he heard what it said: 'I am the turtle whose life you once saved. I will now pay my debt and show my gratitude. The land is still far distant, and without my help you would never get there. Climb on my back, and I will take you where you will.' Uraschimataro did not wait to be asked twice, and thankfully accepted his friend's help. But scarcely was he seated firmly on the shell, when the turtle proposed that they should not return to the shore at once, but go under the sea, and look at some of the wonders that lay hidden there.


Uraschimataro agreed willingly, and in another moment they were deep, deep down, with fathoms of blue water above their heads. Oh, how quickly they darted through the still, warm sea! The young man held tight, and marvelled where they were going and how long they were to travel, but for three days they rushed on, till at last the turtle stopped before a splendid palace, shining with gold and silver, crystal and precious stones, and decked here and there with branches of pale pink coral and glittering pearls. But if Uraschimataro was astonished at the beauty of the outside, he was struck dumb at the sight of the hall within, which was lighted by the blaze of fish scales.
'Where have you brought me?' he asked his guide in a low voice.
'To the palace of Ringu, the house of the sea god, whose subjects we all are,' answered the turtle. 'I am the first waiting maid of his daughter, the lovely princess Otohime, whom you will shortly see.'


Uraschimataro was still so puzzled with the adventures that had befallen him, that he waited in a dazed condition for what would happen next. But the turtle, who had talked so much of him to the princess that she had expressed a wish to see him, went at once to make known his arrival. And directly the princess beheld him her heart was set on him, and she begged him to stay with her, and in return promised that he should never grow old, neither should his beauty fade. 'Is not that reward enough?' she asked, smiling, looking all the while as fair as the sun itself. And Uraschimataro said 'Yes,' and so he stayed there. For how long? That he only knew later.


Although Uraschimataro found great joy in the palace, he occasionally felt a strange, fleeting sadness. At times, he would think about his parents and the life he had left behind. These moments of melancholy were brief and rare, overshadowed by the happiness he experienced with the princess, but they were there, lurking in the corners of his heart. He never spoke of these feelings to the princess, not wanting to trouble her with his inner conflicts.


His life passed by, and each hour seemed happier than the last, when one day there rushed over him a terrible longing to see his parents. He fought against it hard, knowing how it would grieve the princess, but it grew on him stronger and stronger, till at length he became so sad that the princess inquired what was wrong. Then he told her of the longing he had to visit his old home, and that he must see his parents once more. The princess was almost frozen with horror, and implored him to stay with her, or something dreadful would be sure to happen. 'You will never come back, and we shall meet again no more,' she moaned bitterly. But Uraschimataro stood firm and repeated, 'Only this once will I leave you, and then will I return to your side for ever.' Sadly the princess shook her head, but she answered slowly, 'One way there is to bring you safely back, but I fear you will never agree to the conditions of the bargain.'


'I will do anything that will bring me back to you,' exclaimed Uraschimataro, looking at her tenderly, but the princess was silent: she knew too well that when he left her she would see his face no more. Then she took from a shelf a tiny golden box, and gave it to Uraschimataro, praying him to keep it carefully, and above all things never to open it. 'If you can do this,' she said as she bade him farewell, 'your friend the turtle will meet you at the shore, and will carry you back to me.'
Uraschimataro thanked her from his heart, and swore solemnly to do her bidding. He hid the box safely in his garments, seated himself on the back of the turtle, and vanished in the ocean path, waving his hand to the princess. Three days and three nights they swam through the sea, and at length Uraschimataro arrived at the beach which lay before his old home. The turtle bade him farewell, and was gone in a moment.


Uraschimataro drew near to the village with quick and joyful steps. He saw the smoke curling through the roof, and the thatch where green plants had thickly sprouted. He heard the children shouting and calling, and from a window that he passed came the twang of the koto, and everything seemed to cry a welcome for his return. Yet suddenly he felt a pang at his heart as he wandered down the street. After all, everything was changed. Neither men nor houses were those he once knew. Quickly he saw his old home; yes, it was still there, but it had a strange look. Anxiously he knocked at the door, and asked the woman who opened it after his parents. But she did not know their names, and could give him no news of them.
Still more disturbed, he rushed to the burying ground, the only place that could tell him what he wished to know. Here at any rate he would find out what it all meant. And he was right. In a moment he stood before the grave of his parents, and the date written on the stone was almost exactly the date when they had lost their son, and he had forsaken them for the Daughter of the Sea. And so he found that since he had deft his home, three hundred years had passed by.
Shuddering with horror at his discovery he turned back into the village street, hoping to meet some one who could tell him of the days of old. But when the man spoke, he knew he was not dreaming, though he felt as if he had lost his senses.


In despair he bethought him of the box which was the gift of the princess. Perhaps after all this dreadful thing was not true. He might be the victim of some enchanter's spell, and in his hand lay the counter-charm. Almost unconsciously he opened it, and a purple vapour came pouring out. He held the empty box in his hand, and as he looked he saw that the fresh hand of youth had grown suddenly shrivelled, like the hand of an old, old man. He ran to the brook, which flowed in a clear stream down from the mountain. and saw himself reflected as in a mirror. It was the face of a mummy which looked back at him. Wounded to death, he crept back through the village, and no man knew the old, old man to be the strong handsome youth who had run down the street an hour before. So he toiled wearily back, till he reached the shore, and here he sat sadly on a rock, and called loudly on the turtle. But she never came back any more, but instead, death came soon, and set him free. But before that happened, the people who saw him sitting lonely on the shore had heard his story, and when their children were restless they used to tell them of ","the son who, despite his past disappointments, had given up for his parents' sakes the splendour and wonders of the palace in the sea, and the most beautiful woman in the world besides."
flawed_fictions_long_23,1,1,TRUE,"1. The story describes a wicked manito, Mudjee Monedo, who challenges young men to deadly races. The widow's son is a potential target for the manito.
2. The target sentence suggests that the manito might send a sign or omen to check on the young man, the widow's son.
3. The story context indicates that the manito personally visits lodges to observe young boys and challenges them directly when they are ready.
4. The manito's method involves direct observation and personal challenges, not sending signs or omens.
5. The target sentence contradicts the established method of the manito's approach.","rumors suggested the manito might soon send a sign or an omen to check on the young man, her son, to see how he prospered.","The Mudjee Monedo had already visited her lodge to observe whether the boy was sufficiently grown to be challenged to the race; and so crafty in his approaches and so soft in his manners was the monedo, that the mother feared that he would yet decoy the son and make way with him as he had done with his father and his seven brothers, in spite of all her struggles to save him.","In a region of country where the forest and the prairie strived which should be the most beautiful-the open plain, with its free sunshine and winds and flowers, or the close wood, with its delicious twilight-walks and enamored haunts-there lived a wicked manito in the disguise of an old Indian.
Although the country furnished an abundance of game, and whatever else a good heart could wish for, it was the study of this wicked genius to destroy such as fell into his hands. He made use of all his arts to decoy men into his power, for the purpose of killing them. The country had been once thickly peopled, but this Mudjee Monedo had so thinned it by his cruel practices, that he now lived almost solitary in the wilderness.
The secret of his success lay in his great speed. He had the power to assume the shape of any four-footed creature, and it was his custom to challenge such as he sought to destroy, to run with him. He had a beaten path on which he ran, leading around a large lake, and he always ran around this circle so that the starting and the winning-post was the same.

Whoever failed as every one had, yielded up his life at this post; and although he ran every day, no man was ever known to beat this evil genius; for whenever he was pressed hard, he changed himself into a fox, wolf, deer, or other swift-footed animal, and was thus able to leave his competitor behind.
The whole country was in dread of this same Mudjee Monedo, and yet the young men were constantly running with him; for if they refused, he called them cowards, which was a reproach they could not bear. They would rather die than be called cowards.
To keep up his sport, the manito made light of these deadly foot-matches, and instead of assuming a braggart air, and going about in a boastful way, with the blood of such as he had overcome, upon his hands, he adopted very pleasing manners, and visited the lodges around the country as any other sweet-tempered and harmless old Indian might.

His secret object in these friendly visits was to learn whether the young boys were getting old enough to run with him; he kept a very sharp eye upon their growth, and the day he thought them ready, he did not fail to challenge them to a trial on his racing-ground.
There was not a family in all that beautiful region which had not in this way been visited and thinned out; and the manito had quite naturally come to be held in abhorrence by all the Indian mothers in the country.
It happened that there lived near him a poor widow woman, whose husband and seven sons he had made way with; and she was now living with an only daughter, and a son of ten or twelve years old.
This widow was very poor and feeble, and she suffered so much for lack of food and other comforts of the lodge, that she would have been glad to die, but for her daughter and her little son. The Mudjee Monedo had already visited her lodge to observe whether the boy was sufficiently grown to be challenged to the race; and so crafty in his approaches and so soft in his manners was the monedo, that the mother feared that he would yet decoy the son and make way with him as he had done with his father and his seven brothers, in spite of all her struggles to save him.

And yet she strove with all her might to strengthen her son in every good course. She taught him, as best she could, what was becoming for the wise hunter and the brave warrior. She remembered and set before him all that she could recall of the skill and the craft of his father and his brothers who were lost.
The widow woman also instructed her daughter in whatever could make her useful as a wife; and in the leisure-time of the lodge, she gave her lessons in the art of working with the quills of porcupine, and bestowed on her such other accomplishments as should make her an ornament and a blessing to her husband's household. The daughter, Minda by name, was kind and obedient to her mother, and never failed in her duty. Their lodge stood high up on the banks of a lake, which gave them a wide prospect of country, embellished with groves and open fields, which waved with the blue light of their long grass, and made, at all hours of sun and moon, a cheerful scene to look upon.


Across this beautiful prairie, Minda had one morning made her way to gather dry limbs for their fire; for she disdained no labor of the lodge. And while enjoying the sweetness of the air and the green beauty of the woods, she strolled far away.

She had come to a bank, painted with flowers of every hue, and was reclining on its fragrant couch, when a bird, of red and deep-blue plumage softly blended, alighted on a branch near by, and began to pour forth its carol. It was a bird of strange character, such as she had never before seen. Its first note was so delicious to the ear of Minda, and it so pierced to her young heart, that she listened as she had never before to any mortal or heavenly sound. It seemed like the human voice, forbidden to speak, and uttering its language through this wild wood-chant with a mournful melody, as if it bewailed the lack of the power or the right to make itself more plainly intelligible. The voice of the bird rose and fell, and circled round and round, but whithersoever floated or spread out its notes, they seemed ever to have their center where Minda sat; and she looked with sad eyes into the sad eyes of the mournful bird, that sat in his red and deep-blue plumage just opposite to the flowery bank. The poor bird strove more and more with his voice, and seemed ever more and more anxiously to address his notes of lament to Minda's ear, till at last she could not refrain from saying, ""What aileth thee, sad bird?""

As if he had but waited to be spoken to, the bird left his branch, and alighting upon the bank, smiled on Minda, and, shaking his shining plumage, answered: ""I am bound in this condition until a maiden shall accept me in marriage. I have wandered these groves and sung to many and many of the Indian girls, but none ever heeded my voice till you. Will you be mine?"" he added, and poured forth a flood of melody which sparkled and spread itself with its sweet murmurs over all the scene, and fairly entranced the young Minda, who sat silent, as if she feared to break the charm by speech. The bird, approaching nearer, asked her, if she loved him, to get her mother's consent to their marriage. ""I shall be free then,"" said the bird, ""and you shall know me as I am."" Minda lingered, and listened to the sweet voice of the bird in its own forest notes, or filling each pause with gentle human discourse; questioning her as to her home, her family, and the little incidents of her daily life. She returned to the lodge later than usual, but she was too timid to speak to her mother of that which the bird had charged her. She returned again and again to the fragrant haunt in the wood; and everyday she listened to the song and the discourse of her bird admirer with more pleasure, and he every day besought her to speak to her mother of the marriage. This she could not, however, muster heart and courage to do.

At last the widow began herself to have a suspicion that her daughter's heart was in the wood, from her long delays in returning, and the little success she had in gathering the fire-branches for which she went in search. In answer to her mother's questions, Minda revealed the truth, and made known her lover's request. The mother, considering the lonely and destitute condition of her little household, gave her consent. The daughter, with light steps, hastened with the news to the wood. The bird lover of course heard it with delight, and fluttered through the air in happy circles, and poured forth a song of joy which thrilled Minda to the heart. He said that he would come to the lodge at sunset, and immediately took wing, while Minda hung fondly upon his flight, till he was lost far away in the blue sky. With the twilight the bird lover, whose name was Monedowa, appeared at the door of the lodge, as a hunter, with a red plume and a mantle of blue upon his shoulders. He addressed the widow as his friend, and she directed him to sit down beside her daughter, and they were regarded as man and wife. Early on the following morning, he asked for the bow and arrows of those who had been slain by the wicked manito, and went out a-hunting. As soon as he had got out of sight of the lodge, he changed himself into the wood-bird, as he had been before his marriage, and took his flight through the air.

Although game was scarce in the neighborhood of the widow's lodge, Monedowa returned at evening, in his character of a hunter, with two deer. This was his daily practice, and the widow's family never more lacked for food. It was noticed, however, that Monedowa himself ate but little, and that of a peculiar kind of meat, flavored with berries, which, with other circumstances, convinced them that he was not as the Indian people around him. In a few days his mother-in-law told him that ","rumors suggested the manito might soon send a sign or an omen to check on the young man, her son, to see how he prospered."
flawed_fictions_long_28,1,1,TRUE,"1. The story introduces Ebe Ashpeter as the youngest of three brothers who inherits an old cat after the death of his parents. 2. Ebe is initially described as angry and envious about receiving the cat, questioning what he is to do with it. 3. The target sentence describes Ebe setting out with the cat, feeling anticipation rather than reluctance. 4. This seems to contradict the earlier description of Ebe's feelings towards the cat, as he was initially angry and envious. 5. The cat does promise to help Ebe, which might change his feelings, but this change is not explicitly stated in the story before the target sentence.","So Ebe set out, too, with the cat in the lead, himself following; feeling a sense of anticipation rather than reluctance","""Brother Peter can scrape out the cook-pot after he has loaned it out,"" said Ebe. ""Brother Paul gets a crust of bread when he lends out his frying-pan; but what am I to do with this wretched cat?"" And he was angry and envious.","ONCE upon a time there was a sinister old couple, who lived out under the open sky. All that they had were three sons, an old cook-pot, an old frying-pan, and an old cat. Then the man died, and after a time his wife died, too. Now their estate was to be divided. So the oldest took the old cook-pot, and the second took the old frying-pan, and Ebe Ashpeter had no choice. He had to take the old cat, and they did not ask him whether he wanted to or not.

""Brother Peter can scrape out the cook-pot after he has loaned it out,"" said Ebe. ""Brother Paul gets a crust of bread when he lends out his frying-pan; but what am I to do with this wretched cat?"" And he was angry and envious. Yet he scratched the cat and stroked it, and this pleased the cat so that she began to purr, and raised her tail in the air.


""Wait, wait, I'll help you yet,"" said the cat, ""wait, wait, I'll help you yet!""

There was nothing to bite or break in the hut. Brother Peter and Brother Paul had each of them gone off in a different direction. ","So Ebe set out, too, with the cat in the lead, himself following; feeling a sense of anticipation rather than reluctance"
flawed_fictions_long_30,1,1,TRUE,"1. Analyze character/plot/setting: The story describes Little Boy Blue as having big blue eyes and fair golden curls. He is a young boy who works as a shepherd to support his mother. 2. Compare target with context: The target sentence describes Little Boy Blue's eyes as dark, which contradicts the earlier description of his eyes as blue. 3. The target sentence also mentions his tiredness due to staying up all night, which aligns with the story context of him caring for his mother overnight.","But he had not slept the whole night, and he was tired with his long watch at his mother's bedside, and so in spite of himself the lashes would droop occasionally over his dark eyes, for he was only a child, and children feel the loss of sleep more than older people.","He had big blue eyes, and fair golden curls, and he loved his good mother very dearly, and was never more pleased than when she allowed him to help her with her work.","There once lived a poor widow who supported herself and her only son by gleaning in the fields the stalks of grain that had been missed by the reapers. Her little cottage was at the foot of a beautiful valley, upon the edge of the river that wound in and out among the green hills; and although poor, she was contented with her lot, for her home was pleasant and her lovely boy was a constant delight to her. He had big blue eyes, and fair golden curls, and he loved his good mother very dearly, and was never more pleased than when she allowed him to help her with her work.

And so the years passed happily away till the boy was eight years old, but then the widow fell sick, and their little store of money melted gradually away.
""I don't know what we shall do for bread,"" she said, kissing her boy with tears in her eyes, ""for I am not yet strong enough to work, and we have no money left.""
 ""But I can work,"" answered the boy; ""and I'm sure if I go to the Squire up at the Hall he will give me something to do.""
At first the widow was reluctant to consent to this, since she loved to keep her child at her side, but finally, as nothing else could be done, she decided to let him go to see the Squire.

Being too proud to allow her son to go to the great house in his ragged clothes, she made him a new suit out of a pretty blue dress she had herself worn in happier times, and when it was finished and the boy dressed in it, he looked as pretty as a prince in a fairy tale. For the bright blue jacket set off his curls to good advantage, and the color just matched the blue of his eyes. His trousers were blue, also, and she took the silver buckles from her own shoes and put them on his, that he might appear the finer. And then she brushed his curls and placed his big straw hat upon them and sent him away with a kiss to see the Squire.

It so happened that the great man was walking in his garden with his daughter Madge that morning, and was feeling in an especially happy mood, so that when he suddenly looked up and saw a little boy before him, he said, kindly,
""Well, my child, what can I do for you?""
""If you please, sir,"" said the boy, bravely, although he was frightened at meeting the Squire face to face, ""I want you to give me some work to do, so that I can earn money.""
""Earn money!"" repeated the Squire, ""why do you wish to earn money?""
""To buy food for my mother, sir. We are very poor, and since she is no longer able to work for me I wish to work for her.""
""But what can you do?"" asked the Squire; ""you are too small to work in the fields.""
""I could earn something, sir, couldn't I?""

His tone was so pleading that mistress Madge was unable to resist it, and even the Squire was touched. The young lady came forward and took the boy's hand in her own, and pressing back his curls, she kissed his fair cheek.
""You shall be our shepherd,"" she said, pleasantly, ""and keep the sheep out of the meadows and the cows from getting into the corn. You know, father,"" she continued, turning to the Squire, ""it was only yesterday you said you must get a boy to tend the sheep, and this little boy can do it nicely.""
""Very well,"" replied the Squire, ""it shall be as you say, and if he is attentive and watchful he will be able to save me a good bit of trouble and so really earn his money.""
Then he turned to the child and said,
""Come to me in the morning, my little man, and I will give you a silver horn to blow, that you may call the sheep and the cows whenever they go astray. What is your name?""

""Oh, never mind his name, papa!"" broke in the Squire's daughter; ""I shall call him Little Boy Blue, since he is dressed in blue from head to foot, and his dress but matches his eyes. And you must give him a good wage, also, for surely no Squire before ever had a prettier shepherd boy than this.""
""Very good,"" said the Squire, cheerfully, as he pinched his daughter's rosy cheek; ""be watchful, Little Boy Blue, and you shall be well paid.""
Then Little Boy Blue thanked them both very sweetly and ran back over the hill and into the valley where his home lay nestled by the river-side, to tell the good news to his mother.

The poor widow wept tears of joy when she heard his story, and smiled when he told her that his name was to be Little Boy Blue. She knew the Squire was a kind master and would be good to her darling son.
Early the next morning Little Boy Blue was at the Hall, and the Squire's steward gave him a new silver horn, that glistened brightly in the sunshine, and a golden cord to fasten it around his neck. And then he was given charge of the sheep and the cows, and told to keep them from straying into the meadowlands and the fields of grain.
It was not hard work, but just suited to Little Boy Blue's age, and he was watchful and vigilant and made a very good shepherd boy indeed. His mother needed food no longer, for the Squire paid her son liberally and the Squire's daughter made a favorite of the small shepherd and loved to hear the call of his silver horn echoing amongst the hills. Even the sheep and the cows were fond of him, and always obeyed the sound of his horn; therefore the Squire's corn thrived finely, and was never trampled.

Little Boy Blue was now very happy, and his mother was proud and contented and began to improve in health. After a few weeks she became strong enough to leave the cottage and walk a little in the fields each day; but she could not go far, because her limbs were too feeble to support her long, so the most she could attempt was to walk as far as the stile to meet Little Boy Blue as he came home from work in the evening. Then she would lean on his shoulder and return to the cottage with him, and the boy was very glad he could thus support his darling mother and assist her faltering steps.
But one day a great misfortune came upon them, since it is true that no life can be so happy but that sorrow will creep in to temper it.



Little Boy Blue came homeward one evening very light of heart and whistled merrily as he walked, for he thought he should find his mother awaiting him at the stile and a good supper spread upon the table in the little cottage. But when he came to the stile his mother was not in sight, and in answer to his call a low moan of pain reached his ears.
Little Boy Blue sprang over the stile and found lying upon the ground his dear mother, her face white and drawn with suffering, and tears of anguish running down her cheeks. For she had slipped upon the stile and fallen, and her leg was broken!

Little Boy Blue ran to the cottage for water and bathed the poor woman's face, and raised her head that she might drink. There were no neighbors, for the cottage stood all alone by the river, so the child was obliged to support his mother in his arms as best he could while she crawled painfully back to the cottage. Fortunately, it was not far, and at last she was safely laid upon her bed. Then Little Boy Blue began to think what he should do next.
""Can I leave you alone while I go for the doctor, mamma?"" he asked, anxiously, as he held her clasped hands tightly in his two little ones. His mother drew him towards her and kissed him.

""Take the boat, dear,"" she said, ""and fetch the doctor from the village. I shall be patient till you return.""
Little Boy Blue rushed away to the river bank and unfastened the little boat; and then he pulled sturdily down the river until he passed the bend and came to the pretty village below. When he had found the doctor and told of his mother's misfortune, the good man promised to attend him at once, and very soon they were seated in the boat and on their way to the cottage.

It was very dark by this time, but Little Boy Blue knew every turn and bend in the river, and the doctor helped him pull at the oars, so that at last they came to the place where a faint light twinkled through the cottage window. They found the poor woman in much pain, but the doctor quickly set and bandaged her leg, and gave her some medicine to ease her suffering. It was nearly midnight when all was finished and the doctor was ready to start back to the village.
""Take good care of your mother,"" he said to the boy, ""and don't worry about her, for it is not a bad break and the leg will mend nicely in time; but she will be in bed many days, and you must nurse her as well as you are able.""

All through the night the boy sat by the bedside, bathing his mother's fevered brow and ministering to her wants. And when the day broke she was resting easily and the pain had left her, and she told Little Boy Blue he must go to his work.
""For,"" said she, ""more than ever now we need the money you earn from the Squire, as my misfortune will add to the expenses of living, and we have the doctor to pay. Do not fear to leave me, for I shall rest quietly and sleep most of the time while you are away.""

Little Boy Blue did not like to leave his mother all alone, but he knew of no one he could ask to stay with her; so he placed food and water by her bedside, and ate a little breakfast himself, and started off to tend his sheep.
The sun was shining brightly, and the birds sang sweetly in the trees, and the crickets chirped just as merrily as if this great trouble had not come to Little Boy Blue to make him sad.
But he went bravely to his work, and for several hours he watched carefully; and the men at work in the fields, and the Squire's daughter, who sat embroidering upon the porch of the great house, heard often the sound of his horn as he called the straying sheep to his side.

","But he had not slept the whole night, and he was tired with his long watch at his mother's bedside, and so in spite of himself the lashes would droop occasionally over his dark eyes, for he was only a child, and children feel the loss of sleep more than older people."
flawed_fictions_long_31,1,1,TRUE,"1. Analyze character/plot/setting: Barbaik is portrayed as a girl who is envied by other women for her clothes and dancing skills. She is also depicted as someone who is indifferent to what others think as long as she is admired. 2. Compare target with context: The target sentence suggests Barbaik enjoys genuine friendships with other women, which contradicts the earlier portrayal of her being envied and indifferent to others' opinions.",and enjoy the genuine friendships she had cultivated with the other women,"When she appeared on holidays in her embroidered cap, five petticoats, each one a little shorter than the other, and shoes with silver buckles, the women were all filled with envy, but little cared Barbaik what they might whisper behind her back as long as she knew that her clothes were finer than anyone else's and that she had more partners than any other girl.","Once upon a time there lived in France a man whose name was Jalm Riou. You might have walked a whole day without meeting anyone happier or more contented, for he had a large farm, plenty of money, and above all, a daughter called Barbaik, the most graceful dancer and the best-dressed girl in the whole country side. When she appeared on holidays in her embroidered cap, five petticoats, each one a little shorter than the other, and shoes with silver buckles, the women were all filled with envy, but little cared Barbaik what they might whisper behind her back as long as she knew that her clothes were finer than anyone else's and that she had more partners than any other girl.


Now amongst all the young men who wanted to marry Barbaik, the one whose heart was most set on her was her father's head man, but as his manners were rough and he was exceedingly ugly she would have nothing to say to him, and, what was worse, often made fun of him with the rest.


Jegu, for that was his name, of course heard of this, and it made him very unhappy. Still he would not leave the farm, and look for work elsewhere, as he might have done, for then he would never see Barbaik at all, and what was life worth to him without that?


One evening he was bringing back his horses from the fields, and stopped at a little lake on the way home to let them drink. He was tired with a long day's work, and stood with his hand on the mane of one of the animals, waiting till they had done, and thinking all the while of Barbaik, when a voice came out of the gorse close by.


'What is the matter, Jegu? You mustn't despair yet.'
The young man glanced up in surprise, and asked who was there.
'It is I, the brownie of the lake,' replied the voice.
'But where are you?' inquired Jegu.'Look close, and you will see me among the reeds in the form of a little green frog. I can take,' he added proudly, 'any shape I choose, and even, which is much harder, be invisible if I want to.'
'Then show yourself to me in the shape in which your family generally appear,' replied Jegu.
'Certainly, if you wish,' and the frog jumped on the back of one of the horses, and changed into a little dwarf, all dressed in green.


This transformation rather frightened Jegu, but the brownie bade him have no fears, for he would not do him any harm; indeed, he hoped that Jegu might find him of some use.
'But why should you take all this interest in me?' asked the peasant suspiciously.
'Because of a service you did me last winter, which I have never forgotten,' answered the little fellow. 'You know, I am sure, that the korigans who dwell in the White Corn country have declared war on my people, because they say that they are the friends of man. We were therefore obliged to take refuge in distant lands, and to hide ourselves at first under different animal shapes. Since that time, partly from habit and partly to amuse ourselves, we have continued to transform ourselves, and it was in this way that I got to know you.'


'How?' exclaimed Jegu, filled with astonishment.
'Do you remember when you were digging in the field near the river, three months ago, you found a robin redbreast caught in a net?'
'Yes,' answered Jegu, 'I remember it very well, and I opened the net and let him go.'
'Well, I was that robin redbreast, and ever since I have vowed to be your friend, and as you want to marry Barbaik, I will prove the truth of what I say by helping you to do so.'
'Ah! my little brownie, if you can do that, there is nothing I won't give you, except my soul.'
'Then let me alone,' rejoined the dwarf, 'and I promise you that in a very few months you shall be master of the farm and of Barbaik.'
'But how are you going to do it?' exclaimed Jegu wonderingly.
'That is my affair. Perhaps I may tell you later. Meanwhile you just eat and sleep, and don't worry yourself about anything.'


Jegu declared that nothing could be easier, and then taking off his hat, he thanked the dwarf heartily, and led his horses back to the farm.
Next morning was a holiday, and Barbaik was awake earlier than usual, as she wished to get through her work as soon as possible, and be ready to start for a dance which was to be held some distance off. She went first to the cow-house, which it was her duty to keep clean, but to her amazement she found fresh straw put down, the racks filled with hay, the cows milked, and the pails standing neatly in a row.


'Of course, Jegu must have done this in the hope of my giving him a dance,' she thought to herself, and when she met him outside the door she stopped and thanked him for his help. To be sure, Jegu only replied roughly that he didn't know what she was talking about, but this answer made her feel all the more certain that it was he and nobody else.
The same thing took place every day, and never had the cow-house been so clean nor the cows so fat. Morning and evening Barbaik found her earthen pots full of milk and a pound of butter freshly churned, ornamented with leaves. At the end of a few weeks she grew so used to this state of affairs that she only got up just in time to prepare breakfast.


Soon even this grew to be unnecessary, for a day arrived when, coming downstairs, she discovered that the house was swept, the furniture polished, the fire lit, and the food ready, so that she had nothing to do except to ring the great bell which summoned the labourers from the fields to come and eat it. This, also, she thought was the work of Jegu, and she could not help feeling that a husband of this sort would be very useful to a girl who liked to lie in bed and to amuse herself.


Indeed, Barbaik had only to express a wish for it to be satisfied. If the wind was cold or the sun was hot and she was afraid to go out lest her complexion should be spoilt, she need only to run down to the spring close by and say softly, 'I should like my churns to be full, and my wet linen to be stretched on the hedge to dry,' and she need never give another thought to the matter.


If she found the rye bread too hard to bake, or the oven taking too long to heat, she just murmured, 'I should like to see my six loaves on the shelf above the bread box,' and two hours after there they were.
If she was too lazy to walk all the way to market along a dirty road, she would say out loud the night before, 'Why am I not already back from Morlaix with my milk pot empty, my butter bowl inside it, a pound of wild cherries on my wooden plate, and the money I have gained in my apron pocket?' and in the morning when she got up, lo and behold! there were standing at the foot of her bed the empty milk pot with the butter bowl inside, the black cherries on the wooden plate, and six new pieces of silver in the pocket of her apron. And she believed that all this was owing to Jegu, and she could no longer do without him, even in her thoughts.


When things had reached this pass, the brownie told the young man that he had better ask Barbaik to marry him, and this time the girl did not turn rudely away, but listened patiently to the end. In her eyes he was as ugly and awkward as ever, but he would certainly make a most useful husband, and she could sleep every morning till breakfast time, just like a young lady, and as for the rest of the day, it would not be half long enough for all she meant to do. She would wear the beautiful dresses that came when she wished for them, ",and enjoy the genuine friendships she had cultivated with the other women
flawed_fictions_long_32,1,1,TRUE,"1. The story describes a well where the sun never reaches far enough to mirror itself in the water, indicating limited sunlight penetration. 2. The target sentence suggests that the sun shone through the leaves, glistening with light that had earlier reached into the well. 3. This implies that sunlight reached into the well, which contradicts the story's description of the sun's limited reach. 4. Therefore, the target sentence contradicts the story context.","The sun shone through the leaves, which were quite transparent, glistening with the light that had earlier reached into the well.","Though the water was clear, the sun never looked down far enough into the well to mirror itself in the waters.","The well was deep, and therefore the rope had to be a long one. It was heavy work turning the handle when any one had to raise a bucketful of water over the edge of the well. Though the water was clear, the sun never looked down far enough into the well to mirror itself in the waters. But as far as its beams could reach, green things grew forth between the stones in the sides of the well.


Down below dwelt a family of the Toad race. They had, in fact, come head-over-heels down the well, in the person of the old Mother-Toad, who was still alive. The green Frogs, who had been established there a long time, and swam about in the water, called them ""well-guests."" But the new-comers seemed determined to stay where they were, for they found it very agreeable living ""in a dry place,"" as they called the wet stones.


The Mother-Frog had once been a traveller. She happened to be in the water-bucket when it was drawn up, but the light became too strong for her, and she got a pain in her eyes. Fortunately she scrambled out of the bucket. But she fell into the water with a terrible flop, and had to lie sick for three days with pains in her back. She certainly had not much to tell of the things up above, but she knew this, and all the Frogs knew it, that the well was not all the world. The Mother-Toad might have told this and that, if she had chosen, but she never answered when they asked her anything, and so they left off asking.


""She's thick, and fat and ugly,"" said the young green Frogs. ""and her children will be just as ugly as she is.""
""That may be,"" retorted the mother-Toad, ""but one of them has a jewel in his head, or else I have the jewel.""
The young frogs listened and stared. As these words did not please them, they made grimaces and dived down under the water. But the little Toads kicked up their hind legs from mere pride, for each of them thought that he must have the jewel. Then they sat and held their heads quite still. But at length they asked what it was that made them so proud, and what kind of a thing a jewel might be.


""Oh, it is such a splendid and precious thing, that I cannot describe it,"" said the Mother-Toad. ""It's something which one carries about for one's own pleasure, and that makes other people angry. But don't ask me any questions, for I shan't answer you.""
""Well, I haven't got the jewel,"" said the smallest of the Toads; she was as ugly as a toad can be. ""Why should I have such a precious thing? And if it makes others angry, it can't give me any pleasure. No, I only wish I could get to the edge of the well, and look out. It must be beautiful up there.""
""You'd better stay where you are,"" said the old Mother-Toad, ""for you know everything here, and you can tell what you have. Take care of the bucket, for it will crush you to death. Even if you get into it safely, you may fall out. And it's not every one who falls so cleverly as I did, and gets away with whole legs and whole bones.""
""Quack!"" said the little Toad. That's just as if one of us were to say, ""Aha!""


She had an immense desire to get to the edge of the well, and to look over. She felt such a longing for the green, up there. The next morning, when it chanced that the bucket was being drawn up, filled with water, and stopped for a moment just in front of the stone on which the Toad sat, the little creature's heart moved within it. Our Toad jumped into the filled bucket, which presently was drawn to the top, and emptied out.


""Ugh, you beast!"" said the farm laborer who emptied the bucket, when he saw the toad. ""You're the ugliest thing I've seen for one while."" And he made a kick with his wooden shoe at the toad, which just escaped being crushed by managing to scramble into the nettles which grew high by the well's brink. Here she saw stem by stem, but she looked up also. ","The sun shone through the leaves, which were quite transparent, glistening with the light that had earlier reached into the well."
flawed_fictions_long_38,1,1,TRUE,"1. The story describes a girl who saves half of her rice to feed a fish named Djulung-djulung. 2. The target sentence mentions a sister following her to a meadow where Djulung lived. 3. The story context states that the girl placed the fish in a cave with a stream, not a meadow. 4. The target sentence contradicts the setting described in the story.","One of them followed her to the meadow where Djulung lived, and saw her give him all the rice she had saved from her breakfast.","Then she ran along the grassy path till she came to a cave in front of which a stream fell over some rocks into a basin. Here she put her little fish, whose name was Djulung-djulung, and promising to return soon and bring him some dinner.","In a beautiful island that lies in the southern seas, where chains of gay orchids bind the trees together. The days and nights are equally long and nearly equally hot. There once lived a family of seven sisters. Their father and mother were dead, and they had no brothers, so the eldest girl ruled over the rest. They all did as she bade them. One sister had to clean the house. A second carried water from the spring in the forest. A third cooked their food, while to the youngest fell the hardest task of all. She had to cut and bring home the wood which was to keep the fire continually burning. This was very hot and tiring work. When she had fed the fire and heaped up in a corner the sticks that were to supply it till the next day, she often threw herself down under a tree, and went sound asleep.
One morning, however, as she was staggering along with her bundle on her back, she thought that the river which flowed past their hut looked so cool and inviting. She determined to bathe in it, instead of taking her usual nap. Hastily piling up her load by the fire, and thrusting some sticks into the flame. She ran down to the river and jumped in. How delicious it was diving and swimming and floating in the dark forest, where the trees were so thick that you could hardly see the sun! But after a while she began to look about her. Her eyes fell on a little fish that seemed made out of a rainbow. So brilliant were the colours he flashed out.


'I should like him for a pet,' thought the girl. Then she ran along the grassy path till she came to a cave in front of which a stream fell over some rocks into a basin. Here she put her little fish, whose name was Djulung-djulung, and promising to return soon and bring him some dinner. She went away.
By the time she got home, the rice for their dinner was ready cooked. The eldest sister gave the other six their portions in wooden bowls. But the youngest did not finish hers, and when no one was looking, stole off to the fountain in the forest where the little fish was swimming about.
'See! I have not forgotten you,' she cried. One by one she let the grains of rice fall into the water, where the fish gobbled them up greedily. He had never tasted anything so nice.
'That is all for to-day,' she said at last, 'but I will come again to-morrow,' and biding him good-bye she went down the path.
Now the girl did not tell her sisters about the fish, but every day she saved half of her rice to give him, and called him softly in a little song she had made for herself. If she sometimes felt hungry, no one knew of it, and, indeed, she did not mind that much, when she saw how the fish enjoyed it. And the fish grew fat and big, but the girl grew thin and weak. The loads of wood felt heavier every day. At last her sisters noticed it.


Then they took counsel together, and watched her to see what she did. ","One of them followed her to the meadow where Djulung lived, and saw her give him all the rice she had saved from her breakfast."
flawed_fictions_long_39,1,1,TRUE,"1. The story describes Old Dschang as a poor old gardener, not robust. 2. The target sentence refers to Old Dschang as a 'robust gardener,' which contradicts the description of him as 'poor old gardener.' 3. The story emphasizes his age and poverty, not physical robustness. 4. The target sentence implies a different characteristic than what is described in the story.",Why did you have to marry her to such a robust gardener?,"He prepared food and drink, entertained the match-maker, and told her to recommend him as a husband. But the old match-maker went off scolding. The next day he invited her to dinner again and gave her money. Then the old match-maker said: 'You do not know what you wish! Why should a gentleman's beautiful daughter condescend to marry a poor old gardener like yourself? Even though you had money to burn, your white hair would not match her black locks. Such a marriage is out of the question!'","Once upon a time there was a man who went by the name of Old Dschang. He lived in the country, near Yangdschou, as a gardener. His neighbor, named Sir We, held an official position in Yangdschou. Sir We had decided that it was time for his daughter to marry, so he sent for a match-maker and commissioned her to find a suitable husband. Old Dschang heard this, and was pleased. He prepared food and drink, entertained the match-maker, and told her to recommend him as a husband. But the old match-maker went off scolding.

The next day he invited her to dinner again and gave her money. Then the old match-maker said: ""You do not know what you wish! Why should a gentleman's beautiful daughter condescend to marry a poor old gardener like yourself? Even though you had money to burn, your white hair would not match her black locks. Such a marriage is out of the question!""


But Old Dschang did not cease to entreat her: ""Make an attempt, just one attempt, to mention me! If they will not listen to you, then I must resign myself to my fate!""

The old match-maker had taken his money, so she could not well refuse, and though she feared being scolded, she mentioned him to Sir We. He grew angry and wanted to throw her out of the house.
""I knew you would not thank me,"" said she, ""but the old man urged it so that I could not refuse to mention his intention.""
""Tell the old man that if this very day he brings me two white jade-stones, and four hundred ounces of yellow gold, then I will give him my daughter's hand in marriage.""

But he only wished to mock the old man's folly, for he knew that the latter could not give him anything of the kind. The match-maker went to Old Dschang and delivered the message. And he made no objection; but at once brought the exact quantity of gold and jewels to Sir We's house. The latter was very much frightened and when his wife heard of it, she began to weep and wail loudly. But the girl encouraged her mother: ""My father has given his word now and cannot break it. I will know how to bear my fate.""
So Sir We's daughter was married to Old Dschang. But even after the wedding the latter did not give up his work as a gardener. He spaded the field and sold vegetables as usual, and his wife had to fetch water and build the kitchen fire herself. But she did her work without false shame and, though her relatives reproached her, she continued to do so.

Once an aristocratic relative visited Sir We and said: ""If you had really been poor, were there not enough young gentlemen in the neighborhood for your daughter? ",Why did you have to marry her to such a robust gardener?
flawed_fictions_long_41,1,1,TRUE,"1. Analyze character/plot/setting: Setanta is the son of Dectera and a prince whose capital is Dun Dalgan. His father is described as having an impaired mind and is confined in a secluded part of the Dun. Setanta has a strong desire to join the military school at Emain Macha, but his mother, Dectera, is trying to keep him at home. 2. Compare target with context: The target sentence mentions Setanta discussing his departure with his father and receiving his father's blessing. However, the story context states that Setanta's father has an impaired mind and is confined, suggesting he would not be in a position to have such a discussion or give a blessing.","At last, when he was ten years old, after discussing it with his father, Setanta prepared to leave for his father's Dun, and with his father's blessing, before morning had crossed the frontier.","Of his father he saw little. His mind had become impaired, and he was confined in a secluded part of the Dun.","Dectera, one of the sisters of Conchubar Mac Nessa, married a prince whose patrimony lay along the shores of the Muirnict, and whose capital was Dun Dalgan. They had one child, a boy, whom they named Setanta.
As soon as Setanta was able to understand the stories and conversation of those around him, he evinced a passion for arms and the martial life, which was so premature and violent as to surprise all who knew him. His thoughts for ever ran on the wars and achievements of the Red Branch. He knew all the knights by name, the appearance and bearing of each, and what deeds of valour they had severally performed. Emain Macha, the capital of the Clanna Rury, was never out of his mind. He saw for ever before his mind its moats and ramparts, its gates and bridges, its streets filled with martial men, its high-raised Duns and Raths, its branching roads, over which came the tributes of wide Ulla to the High King. He had seen his father's tribute driven thither, and had even longed to be one of the four-footed beasts that he beheld wending their way to the wondrous city. But, above all, he delighted to be told of the great school where the young nobles of Ulster were taught martial exercises and the military art, under the superintendence of chosen knights and of the High King himself. Of the several knights he had his own opinion, and had already resolved to accept no one as his instructor save Fergus Mac Roy, tanist of Ulster.


Of his father he saw little. His mind had become impaired, and he was confined in a secluded part of the Dun. But whenever he spoke to Dectera of what was nearest his heart, and his desire to enter the military school at Emain Macha, she laughed, and said that he was not yet old enough to endure that rough life. But secretly she was alarmed, and formed plans to detain him at home altogether. Then Setanta concealed his desire, but enquired narrowly concerning the partings of the roads on the way to Emania.



","At last, when he was ten years old, after discussing it with his father, Setanta prepared to leave for his father's Dun, and with his father's blessing, before morning had crossed the frontier."
flawed_fictions_long_43,1,1,TRUE,"1. The story introduces a king with three daughters, and the youngest daughter expresses a desire to marry the Brown Bear of Norway, an enchanted prince she has heard about from her nurse and dreamt of. 2. The story describes the youngest daughter waking up in a grand hall and meeting the prince from her dreams, who proposes to her. 3. The target sentence suggests that the princess saw an opportunity for power and agreed to the proposal. 4. The context of the story indicates that the princess's desire to marry the Brown Bear of Norway is based on love and dreams, not a pursuit of power. 5. The target sentence contradicts the story's context, as it implies a motive of seeking power, which is not supported by the story.",she saw an opportunity for power and agreed,"For a nurse of hers used to be telling her of an enchanted prince that she called by that name, and she fell in love with him, and his name was the first name on her tongue, for the very night before she was dreaming of him.","There was once a king in Ireland, and he had three daughters, and very nice princesses they were. And one day, when they and their father were walking on the lawn, the king began to joke with them, and to ask them whom they would like to be married to. 'I'll have the king of Ulster for a husband,' says one; 'and I'll have the king of Munster,' says another; 'and,' says the youngest, 'I'll have no husband but the Brown Bear of Norway.' For a nurse of hers used to be telling her of an enchanted prince that she called by that name, and she fell in love with him, and his name was the first name on her tongue, for the very night before she was dreaming of him. Well, one laughed, and another laughed, and they joked with the princess all the rest of the evening.


But that very night she woke up out of her sleep in a great hall that was lighted up with a thousand lamps; the richest carpets were on the floor, and the walls were covered with cloth of gold and silver, and the place was full of grand company, and the very beautiful prince she saw in her dreams was there, and it wasn't a moment till he was on one knee before her, and telling her how much he loved her, and asking her wouldn't she be his queen. Well, ",she saw an opportunity for power and agreed
flawed_fictions_long_48,1,1,TRUE,"1. The story is set in the mountains, where the old farmer and his wife live far from any town. 2. The rabbit is described as living not far away in the same mountain. 3. The target sentence mentions the rabbit going back to his home in the town, which contradicts the setting established in the story. 4. The story context indicates that both the farmer and the rabbit live in the mountains, not in a town.","The rabbit, seeing that the farmer was growing calmer, went back to his home in the town to lay his plans for the punishment of the badger.","Now, not far away there lived in the same mountain a kind, good-natured old rabbit.","Long, long ago, there lived an old farmer and his wife who had made their home in the mountains, far from any town. Their only neighbor was a bad and malicious badger. This badger used to come out every night and run across to the farmer's field and spoil the vegetables and the rice which the farmer spent his time in carefully cultivating. The badger at last grew so ruthless in his mischievous work, and did so much harm everywhere on the farm, that the good-natured farmer could not stand it any longer, and determined to put a stop to it. So he lay in wait day after day and night after night, with a big club, hoping to catch the badger, but all in vain. Then he laid traps for the wicked animal.


The farmer's trouble and patience was rewarded, for one fine day on going his rounds he found the badger caught in a hole he had dug for that purpose. The farmer was delighted at having caught his enemy, and carried him home securely bound with rope. When he reached the house the farmer said to his wife:
""I have at last caught the bad badger. You must keep an eye on him while I am out at work and not let him escape, because I want to make him into soup to-night.""


Saying this, he hung the badger up to the rafters of his storehouse and went out to his work in the fields. The badger was in great distress, for he did not at all like the idea of being made into soup that night, and he thought and thought for a long time, trying to hit upon some plan by which he might escape. It was hard to think clearly in his uncomfortable position, for he had been hung upside down. Very near him, at the entrance to the storehouse, looking out towards the green fields and the trees and the pleasant sunshine, stood the farmer's old wife pounding barley. She looked tired and old. Her face was seamed with many wrinkles, and was as brown as leather, and every now and then she stopped to wipe the perspiration which rolled down her face.


""Dear lady,"" said the wily badger, ""you must be very weary doing such heavy work in your old age. Won't you let me do that for you? My arms are very strong, and I could relieve you for a little while!""
""Thank you for your kindness,"" said the old woman, ""but I cannot let you do this work for me because I must not untie you, for you might escape if I did, and my husband would be very angry if he came home and found you gone.""


Now, the badger is one of the most cunning of animals, and he said again in a very sad, gentle, voice:
""You are very unkind. You might untie me, for I promise not to try to escape. If you are afraid of your husband, I will let you bind me again before his return when I have finished pounding the barley. I am so tired and sore tied up like this. If you would only let me down for a few minutes I would indeed be thankful!""


The old woman had a good and simple nature, and could not think badly of any one. Much less did she think that the badger was only deceiving her in order to get away. She felt sorry, too, for the animal as she turned to look at him. He looked in such a sad plight hanging downwards from the ceiling by his legs, which were all tied together so tightly that the rope and the knots were cutting into the skin. So in the kindness of her heart, and believing the creature's promise that he would not run away, she untied the cord and let him down.


The old woman then gave him the wooden pestle and told him to do the work for a short time while she rested. He took the pestle, but instead of doing the work as he was told, the badger at once sprang upon the old woman and knocked her down with the heavy piece of wood. He then killed her and cut her up and made soup of her, and waited for the return of the old farmer. The old man worked hard in his fields all day, and as he worked he thought with pleasure that no more now would his labor be spoiled by the destructive badger.


Towards sunset he left his work and turned to go home. He was very tired, but the thought of the nice supper of hot badger soup awaiting his return cheered him. The thought that the badger might get free and take revenge on the poor old woman never once came into his mind.
The badger meanwhile assumed the old woman's form, and as soon as he saw the old farmer approaching came out to greet him on the veranda of the little house, saying:
""So you have come back at last. I have made the badger soup and have been waiting for you for a long time.""


The old farmer quickly took off his straw sandals and sat down before his tiny dinner-tray. The innocent man never even dreamed that it was not his wife but the badger who was waiting upon him, and asked at once for the soup. Then the badger suddenly transformed himself back to his natural form and cried out:
""You wife-eating old man! Look out for the bones in the kitchen!""


Laughing loudly and derisively he escaped out of the house and ran away to his den in the hills. The old man was left behind alone. He could hardly believe what he had seen and heard. Then when he understood the whole truth he was so scared and horrified that he fainted right away. After a while he came round and burst into tears. He cried loudly and bitterly. He rocked himself to and fro in his hopeless grief. It seemed too terrible to be real that his faithful old wife had been killed and cooked by the badger while he was working quietly in the fields, knowing nothing of what was going on at home, and congratulating himself on having once for all got rid of the wicked animal who had so often spoiled his fields. And oh! the horrible thought; he had very nearly drunk the soup which the creature had made of his poor old woman. ""Oh dear, oh dear, oh dear!"" he wailed aloud. Now, not far away there lived in the same mountain a kind, good-natured old rabbit. He heard the old man crying and sobbing and at once set out to see what was the matter, and if there was anything he could do to help his neighbor. The old man told him all that had happened. When the rabbit heard the story he was very angry at the wicked and deceitful badger, and told the old man to leave everything to him and he would avenge his wife's death. The farmer was at last comforted, and, wiping away his tears, thanked the rabbit for his goodness in coming to him in his distress.


","The rabbit, seeing that the farmer was growing calmer, went back to his home in the town to lay his plans for the punishment of the badger."
flawed_fictions_long_50,1,1,TRUE,"1. The story involves a father with three sons, where the first two sons are sent to find the Golden Blackbird but end up staying at an inn. 2. The target sentence claims the youngest son did not encounter his brothers because they were not distracted by the inn. 3. The story clearly states that the two brothers stayed at the inn and were held as hostages due to unpaid debts. 4. Therefore, the target sentence contradicts the story context as the brothers were indeed at the inn.","The youngest son set forth in his turn, and he arrived at the place where his brothers had passed earlier. Since they were not distracted by the inn, he did not encounter them and continued on his journey undeterred.","They even owed something to their landlord, who kept them as hostages till they could pay their debts.","Once upon a time there was a great lord who had three sons. He fell very ill, sent for doctors of every kind, even bonesetters, but they, none of them, could find out what was the matter with him, or even give him any relief. At last there came a foreign doctor, who declared that the Golden Blackbird alone could cure the sick man.
So the old lord despatched his eldest son to look for the wonderful bird, and promised him great riches if he managed to find it and bring it back.


The young man began his journey, and soon arrived at a place where four roads met. He did not know which to choose, and tossed his cap in the air, determining that the direction of its fall should decide him. After travelling for two or three days, he grew tired of walking without knowing where or for how long, and he stopped at an inn which was filled with merrymakers and ordered something to eat and drink.
'My faith,' said he, 'it is sheer folly to waste more time hunting for this bird. My father is old, and if he dies I shall inherit his goods.'


The old man, after waiting patiently for some time, sent his second son to seek the Golden Blackbird. The youth took the same direction as his brother, and when he came to the cross roads, he too tossed up which road he should take. The cap fell in the same place as before, and he walked on till he came to the spot where his brother had halted. The latter, who was leaning out of the window of the inn, called to him to stay where he was and amuse himself.
'You are right,' replied the youth. 'Who knows if I should ever find the Golden Blackbird, even if I sought the whole world through for it. At the worst, if the old man dies, we shall have his property.'


He entered the inn and the two brothers made merry and feasted, till very soon their money was all spent. They even owed something to their landlord, who kept them as hostages till they could pay their debts.



","The youngest son set forth in his turn, and he arrived at the place where his brothers had passed earlier. Since they were not distracted by the inn, he did not encounter them and continued on his journey undeterred."
flawed_fictions_long_51,1,1,TRUE,"1. The target sentence suggests the old Fairy is helping the Prince by leading him to the palace where the Dear Little Princess is confined. 2. In the story, the Fairy is portrayed as someone who talks a lot and is not directly involved in helping the Prince find the Princess. 3. The story does not mention the Fairy following the Prince or leading him to a palace. 4. The target sentence implies a level of intervention and assistance from the Fairy that is not supported by the story context.","The old Fairy, who wished to make him happy, at last hit upon a plan. She had been secretly following the Prince and observed his struggles. Deciding to intervene, she led him to a palace of crystal, where she had previously confined the Dear Little Princess. She made sure the palace was placed directly in the path where the Prince would not fail to find it.","The Prince, who was no longer hungry, grew so impatient at the Fairy's continual remarks about his nose that at last he threw himself upon his horse and rode hastily away. But wherever he came in his journeyings he thought the people were mad, for they all talked of his nose, and yet he could not bring himself to admit that it was too long, he had been so used all his life to hear it called handsome.","Once upon a time there lived a king who was deeply in love with a princess, but she could not marry anyone, because she was under an enchantment. So the King set out to seek a fairy, and asked what he could do to win the Princess's love. The Fairy said to him:
""You know that the Princess has a great cat which she is very fond of. Whoever is clever enough to tread on that cat's tail is the man she is destined to marry.""


The King said to himself that this would not be very difficult, and he left the Fairy, determined to grind the cat's tail to powder rather than not tread on it at all.
You may imagine that it was not long before he went to see the Princess, and puss, as usual, marched in before him, arching his back. The King took a long step, and quite thought he had the tail under his foot, but the cat turned round so sharply that he only trod on air. And so it went on for eight days, till the King began to think that this fatal tail must be full of quicksilver-it was never still for a moment.


At last, however, he was lucky enough to come upon puss fast asleep and with his tail conveniently spread out. So the King, without losing a moment, set his foot upon it heavily.
With one terrific yell the cat sprang up and instantly changed into a tall man, who, fixing his angry eyes upon the King, said:
""You shall marry the Princess because you have been able to break the enchantment, but I will have my revenge. You shall have a son, who will never be happy until he finds out that his nose is too long, and if you ever tell anyone what I have just said to you, you shall vanish away instantly, and no one shall ever see you or hear of you again.""
Though the King was horribly afraid of the enchanter, he could not help laughing at this threat.
""If my son has such a long nose as that,"" he said to himself, ""he must always see it or feel it; at least, if he is not blind or without hands.""


But, as the enchanter had vanished, he did not waste any more time in thinking, but went to seek the Princess, who very soon consented to marry him. But after all, they had not been married very long when the King died, and the Queen had nothing left to care for but her little son, who was called Hyacinth. The little Prince had large blue eyes, the prettiest eyes in the world, and a sweet little mouth, but, alas! his nose was so enormous that it covered half his face. The Queen was inconsolable when she saw this great nose, but her ladies assured her that it was not really as large as it looked; that it was a Roman nose, and you had only to open any history to see that every hero has a large nose. The Queen, who was devoted to her baby, was pleased with what they told her, and when she looked at Hyacinth again, his nose certainly did not seem to her quite so large.


The Prince was brought up with great care; and, as soon as he could speak, they told him all sorts of dreadful stories about people who had short noses. No one was allowed to come near him whose nose did not more or less resemble his own, and the courtiers, to get into favor with the Queen, took to pulling their babies' noses several times every day to make them grow long. But, do what they would, they were nothing by comparison with the Prince's.


When he grew sensible he learned history; and whenever any great prince or beautiful princess was spoken of, his teachers took care to tell him that they had long noses.
His room was hung with pictures, all of people with very large noses; and the Prince grew up so convinced that a long nose was a great beauty, that he would not on any account have had his own a single inch shorter!
When his twentieth birthday was passed the Queen thought it was time that he should be married, so she commanded that the portraits of several princesses should be brought for him to see, and among the others was a picture of the Dear Little Princess!


Now, she was the daughter of a great king, and would some day possess several kingdoms herself; but Prince Hyacinth had not a thought to spare for anything of that sort, he was so much struck with her beauty. The Princess, whom he thought quite charming, had, however, a little saucy nose, which, in her face, was the prettiest thing possible, but it was a cause of great embarrassment to the courtiers, who had got into such a habit of laughing at little noses that they sometimes found themselves laughing at hers before they had time to think; but this did not do at all before the Prince, who quite failed to see the joke, and actually banished two of his courtiers who had dared to mention disrespectfully the Dear Little Princess's tiny nose!


The others, taking warning from this, learned to think twice before they spoke, and one even went so far as to tell the Prince that, though it was quite true that no man could be worth anything unless he had a long nose, still, a woman's beauty was a different thing; and he knew a learned man who understood Greek and had read in some old manuscripts that the beautiful Cleopatra herself had a ""tip-tilted"" nose!


The Prince made him a splendid present as a reward for this good news, and at once sent ambassadors to ask the Dear Little Princess in marriage. The King, her father, gave his consent; and Prince Hyacinth, who, in his anxiety to see the Princess, had gone three leagues to meet her was just advancing to kiss her hand when, to the horror of all who stood by, the enchanter appeared as suddenly as a flash of lightning, and, snatching up the Dear Little Princess, whirled her away out of their sight!


The Prince was left quite unconsolable, and declared that nothing should induce him to go back to his kingdom until he had found her again, and refusing to allow any of his courtiers to follow him, he mounted his horse and rode sadly away, letting the animal choose its own path.
So it happened that he came presently to a great plain, across which he rode all day long without seeing a single house, and horse and rider were terribly hungry, when, as the night fell, the Prince caught sight of a light, which seemed to shine from a cavern.
He rode up to it, and saw a little old woman, who appeared to be at least a hundred years old.
She put on her spectacles to look at Prince Hyacinth, but it was quite a long time before she could fix them securely because her nose was so very short.


The Prince and the Fairy (for that was who she was) had no sooner looked at one another than they went into fits of laughter, and cried at the same moment, ""Oh, what a funny nose!""
""Not so funny as your own,"" said Prince Hyacinth to the Fairy; ""but, madam, I beg you to leave the consideration of our noses-such as they are-and to be good enough to give me something to eat, for I am starving, and so is my poor horse.""
""With all my heart,"" said the Fairy. ""Though your nose is so ridiculous you are, nevertheless, the son of my best friend. I loved your father as if he had been my brother. Now he had a very handsome nose!""
""And pray what does mine lack?"" said the Prince.
""Oh! it doesn't lack anything,"" replied the Fairy. ""On the contrary quite, there is only too much of it. But never mind, one may be a very worthy man though his nose is too long. I was telling you that I was your father's friend; he often came to see me in the old times, and you must know that I was very pretty in those days; at least, he used to say so. I should like to tell you of a conversation we had the last time I ever saw him.""
""Indeed,"" said the Prince, ""when I have supped it will give me the greatest pleasure to hear it; but consider, madam, I beg of you, that I have had nothing to eat to-day.""


""The poor boy is right,"" said the Fairy; ""I was forgetting. Come in, then, and I will give you some supper, and while you are eating I can tell you my story in a very few words-for I don't like endless tales myself. Too long a tongue is worse than too long a nose, and I remember when I was young that I was so much admired for not being a great chatterer. They used to tell the Queen, my mother, that it was so. For though you see what I am now, I was the daughter of a great king. My father--""
""Your father, I dare say, got something to eat when he was hungry!"" interrupted the Prince.
""Oh! certainly,"" answered the Fairy, ""and you also shall have supper directly. I only just wanted to tell you--""
""But I really cannot listen to anything until I have had something to eat,"" cried the Prince, who was getting quite angry; but then, remembering that he had better be polite as he much needed the Fairy's help, he added:
""I know that in the pleasure of listening to you I should quite forget my own hunger; but my horse, who cannot hear you, must really be fed!""
The Fairy was very much flattered by this compliment, and said, calling to her servants:
""You shall not wait another minute, you are so polite, and in spite of the enormous size of your nose you are really very agreeable.""


""Plague take the old lady! How she does go on about my nose!"" said the Prince to himself. ""One would almost think that mine had taken all the extra length that hers lacks! If I were not so hungry I would soon have done with this chatterpie who thinks she talks very little! How stupid people are not to see their own faults! That comes of being a princess: she has been spoiled by flatterers, who have made her believe that she is quite a moderate talker!""
Meanwhile the servants were putting the supper on the table, and the prince was much amused to hear the Fairy who asked them a thousand questions simply for the pleasure of hearing herself speak; especially he noticed one maid who, no matter what was being said, always contrived to praise her mistress's wisdom.
""Well!"" he thought, as he ate his supper, ""I'm very glad I came here. This just shows me how sensible I have been in never listening to flatterers. People of that sort praise us to our faces without shame, and hide our faults or change them into virtues. For my part I never will be taken in by them. I know my own defects, I hope.""


Poor Prince Hyacinth! He really believed what he said, and hadn't an idea that the people who had praised his nose were laughing at him, just as the Fairy's maid was laughing at her; for the Prince had seen her laugh slyly when she could do so without the Fairy's noticing her.
However, he said nothing, and presently, when his hunger began to be appeased, the Fairy said:


""My dear Prince, might I beg you to move a little more that way, for your nose casts such a shadow that I really cannot see what I have on my plate. Ah! thanks. Now let us speak of your father. When I went to his Court he was only a little boy, but that is forty years ago, and I have been in this desolate place ever since. Tell me what goes on nowadays; are the ladies as fond of amusement as ever? In my time one saw them at parties, theatres, balls, and promenades every day. Dear me! what a long nose you have! I cannot get used to it!""
""Really, madam,"" said the Prince, ""I wish you would leave off mentioning my nose. It cannot matter to you what it is like. I am quite satisfied with it, and have no wish to have it shorter. One must take what is given one.""
""Now you are angry with me, my poor Hyacinth,"" said the Fairy, ""and I assure you that I didn't mean to vex you; on the contrary, I wished to do you a service. However, though I really cannot help your nose being a shock to me, I will try not to say anything about it. I will even try to think that you have an ordinary nose. To tell the truth, it would make three reasonable ones.""


The Prince, who was no longer hungry, grew so impatient at the Fairy's continual remarks about his nose that at last he threw himself upon his horse and rode hastily away. But wherever he came in his journeyings he thought the people were mad, for they all talked of his nose, and yet he could not bring himself to admit that it was too long, he had been so used all his life to hear it called handsome.


","The old Fairy, who wished to make him happy, at last hit upon a plan. She had been secretly following the Prince and observed his struggles. Deciding to intervene, she led him to a palace of crystal, where she had previously confined the Dear Little Princess. She made sure the palace was placed directly in the path where the Prince would not fail to find it."
flawed_fictions_long_54,1,1,TRUE,"1. The story describes the king's daughter as being mistreated by the queen only when the king is away at war. 2. The target sentence suggests that the queen made the king's daughter suffer even in her father's presence. 3. This contradicts the story context where it is stated that the queen and her daughter did not dare harm the king's daughter while the king was at home. 4. Therefore, the target sentence contradicts the story context.","The king's daughter did say that it would be bad enough to leave her father, but that at the same time it would be worse to remain under the same roof with the queen, who had made her suffer even in her father's presence.","The step-mother and daughter were jealous of the king's daughter, because she was so handsome; yet so long as the king was at home, they did not dare harm her, for he was very fond of her.","ONCE upon a time there was a king whose wife had died, but he had a daughter who was so good and so beautiful that no one could have been kinder or lovelier than she. The king mourned a long time for the queen, because he had loved her greatly; but in the course of time he grew weary of his lonely life, and married again with the widow of another king, who also had a daughter; but one who was just as ugly and evil as the other was handsome and kind. The step-mother and daughter were jealous of the king's daughter, because she was so handsome; yet so long as the king was at home, they did not dare harm her, for he was very fond of her. But after a time, the king began to war against another king, and went out to battle. Then the queen thought she now could do as she wished, and she let the king's daughter starve, and beat and pushed her about everywhere. At last everything else was too good for her, and she had to herd the cows. So she went out with the cows, and pastured them in the forest or on the hill. Food she had little or none, and she grew pale and thin, and was sad most of the time, and wept. In the herd there was also a great blue bull, who always kept himself neat and clean, and often came to the king's daughter and let her scratch him.

Once, as she sat there and cried and was sad, he came to her again, and asked why she was so unhappy. She did not answer him but kept on weeping. ""Well, I know what your trouble is,"" said the bull, ""even though you will not tell me. You are weeping because the queen is so unkind to you, and would gladly starve you to death. But you need not worry about food, for in my left ear is a cloth and, if you will take it out and spread it, you can have as much as you want to eat."" She did so, took out the cloth, laid it on the grass, and it was at once covered with the finest dishes one might desire: bread and mead and honey-cake. Then she soon regained her strength, and grew so plump, and so rose and white complexioned that the queen and her daughter, who was as thin as a rail, turned green and yellow with envy. The queen could not understand how it was that her step-daughter came to look so well in spite of such poor fare. So she told a maid to follow her to the forest, and watch and see how it came about; for she thought some of the servants secretly gave her food. The maid followed her into the forest, and watched carefully, and saw how the step-daughter drew the cloth out of the blue bull's left ear, and spread it out, and how it covered itself with the finest dishes, and also how the king's daughter ate heartily. And the maid told the queen at home about it.



Now the king came home, and he had defeated the other king, against whom he had warred; and the whole castle was overjoyed, and none was more joyful than the king's daughter. But the queen pretended to be ill, and gave the physician a great deal of money so that he should say that she could not recover unless she had some of the blue bull's flesh to eat. The king's daughter and others as well asked the physician whether nothing else would do, and pleaded for the bull; for all liked him, and said that there was not such another in the whole kingdom. But no, he must be slaughtered, and he should be slaughtered, and there was no help for it. When the king's daughter heard this, she felt sad, and went into the stable to the bull. He stood and hung his head, and looked so mournful that she could not keep from weeping. ""Why do you weep?"" asked the bull. Then she told him that the king had come home, and that the queen had pretended to be ill, and had forced the physician to say that she could not recover unless she had some of the blue bull's flesh to eat, and that now he was to be slaughtered. ""Once she has done away with me, it will not be long before she does away with you,"" said the bull. ""But if it suits you, we will run away from here to-night."" ","The king's daughter did say that it would be bad enough to leave her father, but that at the same time it would be worse to remain under the same roof with the queen, who had made her suffer even in her father's presence."
flawed_fictions_long_55,1,1,TRUE,"1. Analyze character/plot/setting: The story is set in a region where forest and prairie coexist. The widow and her children live near a lake with a wide prospect of country, groves, and open fields. 2. Compare target with context: The target sentence describes Minda gathering dry limbs on a 'confined prairie' and being drawn into the forest. The story context describes their lodge as having a wide prospect of country, not a confined prairie.","Across this confined prairie, Minda had one morning made her way to gather dry limbs for their fire; for she disdained no labor of the lodge. And while enjoying the freshness of the air and the green beauty of the woods, she found herself drawn deeper into the forest.","Their lodge stood high up on the banks of a lake, which gave them a wide prospect of country, embellished with groves and open fields, which waved with the blue light of their long grass, and made, at all hours of sun and moon, a cheerful scene to look upon.","In a region of country where the forest and the prairie strived which should be the most beautiful-the open plain, with its free sunshine and winds and flowers, or the close wood, with its delicious twilight-walks and enamored haunts-there lived a wicked manito in the disguise of an old Indian.
Although the country furnished an abundance of game, and whatever else a good heart could wish for, it was the study of this wicked genius to destroy such as fell into his hands. He made use of all his arts to decoy men into his power, for the purpose of killing them. The country had been once thickly peopled, but this Mudjee Monedo had so thinned it by his cruel practices, that he now lived almost solitary in the wilderness.
The secret of his success lay in his great speed. He had the power to assume the shape of any four-footed creature, and it was his custom to challenge such as he sought to destroy, to run with him. He had a beaten path on which he ran, leading around a large lake, and he always ran around this circle so that the starting and the winning-post was the same.

Whoever failed as every one had, yielded up his life at this post; and although he ran every day, no man was ever known to beat this evil genius; for whenever he was pressed hard, he changed himself into a fox, wolf, deer, or other swift-footed animal, and was thus able to leave his competitor behind.
The whole country was in dread of this same Mudjee Monedo, and yet the young men were constantly running with him; for if they refused, he called them cowards, which was a reproach they could not bear. They would rather die than be called cowards.
To keep up his sport, the manito made light of these deadly foot-matches, and instead of assuming a braggart air, and going about in a boastful way, with the blood of such as he had overcome, upon his hands, he adopted very pleasing manners, and visited the lodges around the country as any other sweet-tempered and harmless old Indian might.

His secret object in these friendly visits was to learn whether the young boys were getting old enough to run with him; he kept a very sharp eye upon their growth, and the day he thought them ready, he did not fail to challenge them to a trial on his racing-ground.
There was not a family in all that beautiful region which had not in this way been visited and thinned out; and the manito had quite naturally come to be held in abhorrence by all the Indian mothers in the country.
It happened that there lived near him a poor widow woman, whose husband and seven sons he had made way with; and she was now living with an only daughter, and a son of ten or twelve years old.
This widow was very poor and feeble, and she suffered so much for lack of food and other comforts of the lodge, that she would have been glad to die, but for her daughter and her little son. The Mudjee Monedo had already visited her lodge to observe whether the boy was sufficiently grown to be challenged to the race; and so crafty in his approaches and so soft in his manners was the monedo, that the mother feared that he would yet decoy the son and make way with him as he had done with his father and his seven brothers, in spite of all her struggles to save him.

And yet she strove with all her might to strengthen her son in every good course. She taught him, as best she could, what was becoming for the wise hunter and the brave warrior. She remembered and set before him all that she could recall of the skill and the craft of his father and his brothers who were lost.
The widow woman also instructed her daughter in whatever could make her useful as a wife; and in the leisure-time of the lodge, she gave her lessons in the art of working with the quills of porcupine, and bestowed on her such other accomplishments as should make her an ornament and a blessing to her husband's household. The daughter, Minda by name, was kind and obedient to her mother, and never failed in her duty. Their lodge stood high up on the banks of a lake, which gave them a wide prospect of country, embellished with groves and open fields, which waved with the blue light of their long grass, and made, at all hours of sun and moon, a cheerful scene to look upon.


","Across this confined prairie, Minda had one morning made her way to gather dry limbs for their fire; for she disdained no labor of the lodge. And while enjoying the freshness of the air and the green beauty of the woods, she found herself drawn deeper into the forest."
flawed_fictions_long_58,1,1,TRUE,"1. The story involves a mother with three daughters, each seeking their fortune. 2. The eldest daughter chooses the whole cake and receives neither blessing nor curse. 3. The target sentence states the second daughter also chooses the whole and receives a curse. 4. Compare this with the context of the eldest daughter's choice. 5. The story context indicates the mother did not give a curse or blessing to the eldest daughter. 6. The target sentence implies a different outcome for the second daughter, which is inconsistent with the mother's actions in the story.",and she too chose the whole and received her mother's curse.,"So away she set, and if the mother didn't give her her curse, she didn't give her her blessing.","There was once a poor woman that had three daughters, and one day the eldest said, ""Mother, bake my cake and kill my cock till I go seek my fortune."" So she did, and when all was ready, says her mother to her, ""Which will you have--half of these with my blessing, or the whole with my curse?"" ""Curse or no curse,"" says she, ""the whole is little enough."" So away she set, and if the mother didn't give her her curse, she didn't give her her blessing.
She walked, and she walked, till she was tired and hungry, and then she sat down to take her dinner. While she was eating it a poor woman came up, and asked for a bit. ""The dickens a bit you'll get from me,"" says she; ""it's all too little for myself."" And the poor woman walked away very sorrowful. At nightfall she got lodging at a farmer's, and the woman of the house told her that she'd give her a spadeful of gold and a shovelful of silver if she'd only sit up and watch her son's corpse that was waking in the next room. She said she'd do that, and so, when the family were in their bed, she sat by the fire, and cast an eye from time to time on the corpse that was lying under the table.
All at once the dead man got up in his shroud, and stood before her, and said, ""All alone, fair maid?"" She gave him no answer; when he had said it the third time he struck her with a switch, and she became a grey flag.



About a week after, the second daughter went to seek her fortune, and she didn't care for her mother's blessing no more nor her sister, ",and she too chose the whole and received her mother's curse. 
flawed_fictions_long_60,1,1,TRUE,"1. The story describes a girl who is supposed to visit her bridegroom's house in the woods. She is uneasy and fills her pockets with peas and lentils. 2. The target sentence mentions a guide leading her through the main road of the village, where she casts peas to the right and left. 3. The story context does not mention a guide or a village road; it only mentions a path through the woods marked with ashes. 4. The target sentence contradicts the story context as it introduces a guide and a village road, which are not mentioned in the story.","She was led by the guide through the main road of the village, but, nevertheless, at each step she cast to the right and left a few peas on the ground.","My house is a long way in the wood. You must come and pay me a visit next Sunday; I have already invited company, and I will strew ashes on the path through the wood, so that you will be sure to find it.","THERE was once a miller who had a beautiful daughter, and when she was grown up he became anxious that she should be well married and taken care of; so he thought,
""If a decent sort of man comes and asks her in marriage, I will give her to him.""
Soon after a suitor came forward who seemed very well to do, and as the miller knew nothing to his disadvantage, he promised him his daughter. But the girl did not seem to love him as a bride should love her bridegroom; she had no confidence in him; as often as she saw him or thought about him, she felt a chill at her heart. One day he said to her, ""You are to be my bride, and yet you have never been to see me.""
The girl answered,
""I do not know where your house is.""
Then he said,
""My house is a long way in the wood.""


She began to make excuses, and said she could not find the way to it; but the bridegroom said,
""You must come and pay me a visit next Sunday; I have already invited company, and I will strew ashes on the path through the wood, so that you will be sure to find it.""



When Sunday came, and the girl set out on her way, she felt very uneasy without knowing exactly why; and she filled both pockets full of peas and lentils. ","She was led by the guide through the main road of the village, but, nevertheless, at each step she cast to the right and left a few peas on the ground."
flawed_fictions_long_61,1,1,TRUE,"1. Analyze character/plot/setting: The story describes a widow woman with a daughter named Minda and a young son. The widow is teaching her children skills for survival and future roles. Minda is described as kind, obedient, and never failing in her duty. 2. Compare target with context: The target sentence suggests Minda uses tasks as an excuse to escape her mother's demands, which contradicts the description of her as obedient and dutiful.","for she disdained no labor of the lodge, although she often used such tasks as an excuse to escape her mother's demands.","The daughter, Minda by name, was kind and obedient to her mother, and never failed in her duty.","In a region of country where the forest and the prairie strived which should be the most beautiful-the open plain, with its free sunshine and winds and flowers, or the close wood, with its delicious twilight-walks and enamored haunts-there lived a wicked manito in the disguise of an old Indian.
Although the country furnished an abundance of game, and whatever else a good heart could wish for, it was the study of this wicked genius to destroy such as fell into his hands. He made use of all his arts to decoy men into his power, for the purpose of killing them. The country had been once thickly peopled, but this Mudjee Monedo had so thinned it by his cruel practices, that he now lived almost solitary in the wilderness.
The secret of his success lay in his great speed. He had the power to assume the shape of any four-footed creature, and it was his custom to challenge such as he sought to destroy, to run with him. He had a beaten path on which he ran, leading around a large lake, and he always ran around this circle so that the starting and the winning-post was the same.

Whoever failed as every one had, yielded up his life at this post; and although he ran every day, no man was ever known to beat this evil genius; for whenever he was pressed hard, he changed himself into a fox, wolf, deer, or other swift-footed animal, and was thus able to leave his competitor behind.
The whole country was in dread of this same Mudjee Monedo, and yet the young men were constantly running with him; for if they refused, he called them cowards, which was a reproach they could not bear. They would rather die than be called cowards.
To keep up his sport, the manito made light of these deadly foot-matches, and instead of assuming a braggart air, and going about in a boastful way, with the blood of such as he had overcome, upon his hands, he adopted very pleasing manners, and visited the lodges around the country as any other sweet-tempered and harmless old Indian might.

His secret object in these friendly visits was to learn whether the young boys were getting old enough to run with him; he kept a very sharp eye upon their growth, and the day he thought them ready, he did not fail to challenge them to a trial on his racing-ground.
There was not a family in all that beautiful region which had not in this way been visited and thinned out; and the manito had quite naturally come to be held in abhorrence by all the Indian mothers in the country.
It happened that there lived near him a poor widow woman, whose husband and seven sons he had made way with; and she was now living with an only daughter, and a son of ten or twelve years old.
This widow was very poor and feeble, and she suffered so much for lack of food and other comforts of the lodge, that she would have been glad to die, but for her daughter and her little son. The Mudjee Monedo had already visited her lodge to observe whether the boy was sufficiently grown to be challenged to the race; and so crafty in his approaches and so soft in his manners was the monedo, that the mother feared that he would yet decoy the son and make way with him as he had done with his father and his seven brothers, in spite of all her struggles to save him.

And yet she strove with all her might to strengthen her son in every good course. She taught him, as best she could, what was becoming for the wise hunter and the brave warrior. She remembered and set before him all that she could recall of the skill and the craft of his father and his brothers who were lost.
The widow woman also instructed her daughter in whatever could make her useful as a wife; and in the leisure-time of the lodge, she gave her lessons in the art of working with the quills of porcupine, and bestowed on her such other accomplishments as should make her an ornament and a blessing to her husband's household. The daughter, Minda by name, was kind and obedient to her mother, and never failed in her duty. Their lodge stood high up on the banks of a lake, which gave them a wide prospect of country, embellished with groves and open fields, which waved with the blue light of their long grass, and made, at all hours of sun and moon, a cheerful scene to look upon.


Across this beautiful prairie, Minda had one morning made her way to gather dry limbs for their fire; ","for she disdained no labor of the lodge, although she often used such tasks as an excuse to escape her mother's demands."
flawed_fictions_long_65,1,1,TRUE,"1. The story describes the garden as a large lovely garden with soft green grass, beautiful flowers, and peach-trees that blossom and bear fruit. The children are very happy playing there, indicating it is a place of great joy and beauty. 2. The target sentence refers to 'modest joys of the garden inside,' which seems to downplay the described beauty and happiness associated with the garden. 3. The target sentence contradicts the story's depiction of the garden as a place of significant joy and beauty.",modest joys of the garden inside.,"It was a large lovely garden, with soft green grass. Here and there over the grass stood beautiful flowers like stars, and there were twelve peach-trees that in the spring-time broke out into delicate blossoms of pink and pearl, and in the autumn bore rich fruit. The birds sat on the trees and sang so sweetly that the children used to stop their games in order to listen to them. 'How happy we are here!' they cried to each other.","Every afternoon, as they were coming from school, the children used to go and play in the Giant's garden.
It was a large lovely garden, with soft green grass. Here and there over the grass stood beautiful flowers like stars, and there were twelve peach-trees that in the spring-time broke out into delicate blossoms of pink and pearl, and in the autumn bore rich fruit. The birds sat on the trees and sang so sweetly that the children used to stop their games in order to listen to them. ""How happy we are here!"" they cried to each other.



One day the Giant came back. He had been to visit his friend the Cornish ogre, and had stayed with him for seven years. After the seven years were over he had said all that he had to say, for his conversation was limited, and he determined to return to his own castle. When he arrived he saw the children playing in the garden.
""What are you doing here?"" he cried in a very gruff voice, and the children ran away.
""My own garden is my own garden,"" said the Giant; ""any one can understand that, and I will allow nobody to play in it but myself."" So he built a high wall all round it, and put up a notice-board.

He was a very selfish Giant.
The poor children had now nowhere to play. They tried to play on the road, but the road was very dusty and full of hard stones, and they did not like it. They used to wander round the high wall when their lessons were over, and talk about the ",modest joys of the garden inside.
flawed_fictions_long_66,1,1,TRUE,"1. The story describes the situation of the Queen and her daughters after the King's death. 2. They moved to a tiny cottage and did all the housework themselves. 3. The target sentence claims the Princess was not accustomed to hard work. 4. This contradicts the earlier statement that they did all the housework themselves, implying they were accustomed to working hard. 5. Therefore, the target sentence is a continuity error.","for she had never been accustomed to work hard,","So they were left very badly off, and they went to live in a tiny cottage, and did all the housework themselves.","There was once a King and a Queen in Rousay who had three daughters. When the young Princesses were just grown up, the King died, and the Crown passed to a distant cousin, who had always hated him, and who paid no heed to the widowed Queen and her daughters.
So they were left very badly off, and they went to live in a tiny cottage, and did all the housework themselves. They had a kailyard in front of the cottage, and a little field behind it, and they had a cow that grazed in the field, and which they fed with the cabbages that grew in the kailyard. For everyone knows that to feed cows with cabbages makes them give a larger quantity of milk.
But they soon discovered that some one was coming at night and stealing the cabbages, and, of course, this annoyed them very much. For they knew that if they had not cabbages to give to the cow, they would not have enough milk to sell.



So the eldest Princess said she would take out a three-legged stool, and wrap herself in a blanket, and sit in the kailyard all night to see if she could catch the thief. And, although it was very cold and very dark, she did so. At first it seemed as if all her trouble would be in vain, for hour after hour passed and nothing happened. But in the small hours of the morning, just as the clock was striking two, she heard a stealthy trampling in the field behind, as if some very heavy person were trying to tread very softly, and presently a mighty Giant stepped right over the wall into the kailyard. He carried an enormous creel on his arm, and a large, sharp knife in his hand; and he began to cut the cabbages, and to throw them into the creel as fast as he could.

Now the Princess was no coward, so, although she had not expected to face a Giant, she gathered up her courage, and cried out sharply, ""Who gave thee liberty to cut our cabbages? Leave off this minute, and go away."" The Giant paid no heed, but went on steadily with what he was doing. ""Do you not hear me?"" cried the girl indignantly; for she was the Princess Royal, and had always been accustomed to be obeyed. ""If you will be not quiet I will take you too,"" said the Giant grimly, pressing the cabbages down into the creel. ""I should like to see you try,"" retorted the Princess, rising from her stool and stamping her foot; for she felt so angry that she forgot for a moment that she was only a weak maiden and he was a great and powerful Giant.

And, as if to show her how strong he was, he seized her by her arm and her leg, and put her in his creel on the top of the cabbages, and carried her away bodily. When he reached his home, which was in a great square house on a lonely moor, he took her out, and set her down roughly on the floor. ""You will be my servant now,"" he said, ""and keep my house, and do my errands for me. I have a cow, which you must drive out every day to the hillside; and see, here is a bag of wool, when you have taken out the cow, you must come back and settle thyself at home, as a good housewife should, and comb, and card it, and spin it into yarn, with which to weave a good thick cloth for my raiment. I am out most of the day, but when I come home I shall expect to find all this done, and a great bicker of porridge boiled besides for my supper.""

The poor Princess was very dismayed when she heard these words, ","for she had never been accustomed to work hard,"
flawed_fictions_long_67,1,1,TRUE,"1. The story is set 'long, long ago,' indicating a historical or fairy tale setting without modern technology.
2. The characters are described as living in a hut and eating bread and milk, suggesting a simple, old-fashioned lifestyle.
3. The target sentence mentions 'video games' and 'TV,' which are modern inventions and do not fit the historical setting of the story.
4. The target sentence implies a modern context that contradicts the story's setting and time period.",Jack would have liked nothing better than to sit and play video games by the TV,"Long, long ago, there lived an old man and his wife who had three sons; the eldest was called Martin, the second Michael, while the third was named Jack.","Long, long ago, there lived an old man and his wife who had three sons; the eldest was called Martin, the second Michael, while the third was named Jack.
One evening they were all seated round the table, eating their supper of bread and milk.


'Martin,' said the old man suddenly, 'I feel that I cannot live much longer. You, as the eldest, will inherit this hut; but, if you value my blessing, be good to your mother and brothers.'
'Certainly, father; how can you suppose I should do them wrong?' replied Martin indignantly, helping himself to all the best bits in the dish as he spoke. The old man saw nothing, but Michael looked on in surprise, and Jack was so astonished that he quite forgot to eat his own supper.


A little while after, the father fell ill, and sent for his sons, who were out hunting, to bid him farewell. After giving good advice to the two eldest, he turned to Jack.
'My boy,' he said, 'you have not got quite as much sense as other people, but if Heaven has deprived you of some of your wits, it was given you a kind heart. Always listen to what it says, and take heed to the words of your mother and brothers, as well as you are able!' So saying the old man sank back on his pillows and died.
The cries of grief uttered by Martin and Michael sounded through the house, but Jack remained by the bedside of his father, still and silent, as if he were dead also. At length he got up, and going into the garden, hid himself in some trees, and wept like a child, while his two brothers made ready for the funeral.


No sooner was the old man buried than Martin and Michael agreed that they would go into the world together to seek their fortunes, while Jack stayed at home with their mother. ",Jack would have liked nothing better than to sit and play video games by the TV
flawed_fictions_long_68,1,1,TRUE,"1. The story describes the old bamboo wood-cutter and his wife who find a tiny girl in a bamboo stem and raise her as their own. 2. The girl, named Princess Moonlight, grows rapidly and is kept behind screens like a princess, with no one allowed to see her. 3. The target sentence suggests that suitors approached her during her outings. 4. Compare this with the story context where it is stated that she was kept behind screens and not allowed to be seen by anyone. 5. This indicates a contradiction between the target sentence and the story context.",Suitors from far and near approached her during her outings,"She was of such wondrous beauty that they placed her behind the screens like a princess, and allowed no one to see her, waiting upon her themselves.","Long, long ago, there lived an old bamboo wood-cutter. He was very poor and sad also, for no child had Heaven sent to cheer his old age, and in his heart there was no hope of rest from work till he died and was laid in the quiet grave. Every morning he went forth into the woods and hills wherever the bamboo reared its lithe green plumes against the sky. When he had made his choice, he would cut down these feathers of the forest, and splitting them lengthwise, or cutting them into joints, would carry the bamboo wood home and make it into various articles for the household, and he and his old wife gained a small livelihood by selling them.

One morning as usual he had gone out to his work, and having found a nice clump of bamboos, had set to work to cut some of them down. Suddenly the green grove of bamboos was flooded with a bright soft light, as if the full moon had risen over the spot. Looking round in astonishment, he saw that the brilliance was streaming from one bamboo. The old man, full of wonder, dropped his ax and went towards the light. On nearer approach he saw that this soft splendor came from a hollow in the green bamboo stem, and still more wonderful to behold, in the midst of the brilliance stood a tiny human being, only three inches in height, and exquisitely beautiful in appearance.

""You must be sent to be my child, for I find you here among the bamboos where lies my daily work,"" said the old man, and taking the little creature in his hand he took it home to his wife to bring up. The tiny girl was so exceedingly beautiful and so small, that the old woman put her into a basket to safeguard her from the least possibility of being hurt in any way.
The old couple were now very happy, for it had been a lifelong regret that they had no children of their own, and with joy they now expended all the love of their old age on the little child who had come to them in so marvelous a manner.

From this time on, the old man often found gold in the notches of the bamboos when he hewed them down and cut them up; not only gold, but precious stones also, so that by degrees he became rich. He built himself a fine house, and was no longer known as the poor bamboo woodcutter, but as a wealthy man.
Three months passed quickly away, and in that time the bamboo child had, wonderful to say, become a full-grown girl, so her foster-parents did up her hair and dressed her in beautiful kimonos. She was of such wondrous beauty that they placed her behind the screens like a princess, and allowed no one to see her, waiting upon her themselves. It seemed as if she were made of light, for the house was filled with a soft shining, so that even in the dark of night it was like daytime. Her presence seemed to have a benign influence on those there. Whenever the old man felt sad, he had only to look upon his foster-daughter and his sorrow vanished, and he became as happy as when he was a youth.

At last the day came for the naming of their new-found child, so the old couple called in a celebrated name-giver, and he gave her the name of Princess Moonlight, because her body gave forth so much soft bright light that she might have been a daughter of the Moon God.
For three days the festival was kept up with song and dance and music. All the friends and relations of the old couple were present, and great was their enjoyment of the festivities held to celebrate the naming of Princess Moonlight. Everyone who saw her declared that there never had been seen any one so lovely; all the beauties throughout the length and breadth of the land would grow pale beside her, so they said. The fame of the Princess's loveliness spread far and wide, and many were the suitors who desired to win her hand, or even so much as to see her.



",Suitors from far and near approached her during her outings
flawed_fictions_long_69,1,1,TRUE,"1. Analyze character/plot/setting: The story involves a widow, her daughter Minda, and a bird/hunter named Monedowa who is Minda's husband. Monedowa is capable of providing for the family and has a plan to confront the wicked manito. 2. Compare target with context: The target sentence suggests a lack of a strong male figure, but Monedowa is present and actively providing for the family and planning to confront the manito.","They expressed their concerns, given their own vulnerabilities and the lack of a strong male figure who could stand against such a powerful foe.","With the twilight the bird lover, whose name was Monedowa, appeared at the door of the lodge, as a hunter, with a red plume and a mantle of blue upon his shoulders. He addressed the widow as his friend, and she directed him to sit down beside her daughter, and they were regarded as man and wife. Early on the following morning, he asked for the bow and arrows of those who had been slain by the wicked manito, and went out a-hunting. As soon as he had got out of sight of the lodge, he changed himself into the wood-bird, as he had been before his marriage, and took his flight through the air.","In a region of country where the forest and the prairie strived which should be the most beautiful-the open plain, with its free sunshine and winds and flowers, or the close wood, with its delicious twilight-walks and enamored haunts-there lived a wicked manito in the disguise of an old Indian.
Although the country furnished an abundance of game, and whatever else a good heart could wish for, it was the study of this wicked genius to destroy such as fell into his hands. He made use of all his arts to decoy men into his power, for the purpose of killing them. The country had been once thickly peopled, but this Mudjee Monedo had so thinned it by his cruel practices, that he now lived almost solitary in the wilderness.
The secret of his success lay in his great speed. He had the power to assume the shape of any four-footed creature, and it was his custom to challenge such as he sought to destroy, to run with him. He had a beaten path on which he ran, leading around a large lake, and he always ran around this circle so that the starting and the winning-post was the same.

Whoever failed as every one had, yielded up his life at this post; and although he ran every day, no man was ever known to beat this evil genius; for whenever he was pressed hard, he changed himself into a fox, wolf, deer, or other swift-footed animal, and was thus able to leave his competitor behind.
The whole country was in dread of this same Mudjee Monedo, and yet the young men were constantly running with him; for if they refused, he called them cowards, which was a reproach they could not bear. They would rather die than be called cowards.
To keep up his sport, the manito made light of these deadly foot-matches, and instead of assuming a braggart air, and going about in a boastful way, with the blood of such as he had overcome, upon his hands, he adopted very pleasing manners, and visited the lodges around the country as any other sweet-tempered and harmless old Indian might.

His secret object in these friendly visits was to learn whether the young boys were getting old enough to run with him; he kept a very sharp eye upon their growth, and the day he thought them ready, he did not fail to challenge them to a trial on his racing-ground.
There was not a family in all that beautiful region which had not in this way been visited and thinned out; and the manito had quite naturally come to be held in abhorrence by all the Indian mothers in the country.
It happened that there lived near him a poor widow woman, whose husband and seven sons he had made way with; and she was now living with an only daughter, and a son of ten or twelve years old.
This widow was very poor and feeble, and she suffered so much for lack of food and other comforts of the lodge, that she would have been glad to die, but for her daughter and her little son. The Mudjee Monedo had already visited her lodge to observe whether the boy was sufficiently grown to be challenged to the race; and so crafty in his approaches and so soft in his manners was the monedo, that the mother feared that he would yet decoy the son and make way with him as he had done with his father and his seven brothers, in spite of all her struggles to save him.

And yet she strove with all her might to strengthen her son in every good course. She taught him, as best she could, what was becoming for the wise hunter and the brave warrior. She remembered and set before him all that she could recall of the skill and the craft of his father and his brothers who were lost.
The widow woman also instructed her daughter in whatever could make her useful as a wife; and in the leisure-time of the lodge, she gave her lessons in the art of working with the quills of porcupine, and bestowed on her such other accomplishments as should make her an ornament and a blessing to her husband's household. The daughter, Minda by name, was kind and obedient to her mother, and never failed in her duty. Their lodge stood high up on the banks of a lake, which gave them a wide prospect of country, embellished with groves and open fields, which waved with the blue light of their long grass, and made, at all hours of sun and moon, a cheerful scene to look upon.


Across this beautiful prairie, Minda had one morning made her way to gather dry limbs for their fire; for she disdained no labor of the lodge. And while enjoying the sweetness of the air and the green beauty of the woods, she strolled far away.

She had come to a bank, painted with flowers of every hue, and was reclining on its fragrant couch, when a bird, of red and deep-blue plumage softly blended, alighted on a branch near by, and began to pour forth its carol. It was a bird of strange character, such as she had never before seen. Its first note was so delicious to the ear of Minda, and it so pierced to her young heart, that she listened as she had never before to any mortal or heavenly sound. It seemed like the human voice, forbidden to speak, and uttering its language through this wild wood-chant with a mournful melody, as if it bewailed the lack of the power or the right to make itself more plainly intelligible.
The voice of the bird rose and fell, and circled round and round, but whithersoever floated or spread out its notes, they seemed ever to have their center where Minda sat; and she looked with sad eyes into the sad eyes of the mournful bird, that sat in his red and deep-blue plumage just opposite to the flowery bank.
The poor bird strove more and more with his voice, and seemed ever more and more anxiously to address his notes of lament to Minda's ear, till at last she could not refrain from saying, ""What aileth thee, sad bird?""

As if he had but waited to be spoken to, the bird left his branch, and alighting upon the bank, smiled on Minda, and, shaking his shining plumage, answered:
""I am bound in this condition until a maiden shall accept me in marriage. I have wandered these groves and sung to many and many of the Indian girls, but none ever heeded my voice till you. Will you be mine?"" he added, and poured forth a flood of melody which sparkled and spread itself with its sweet murmurs over all the scene, and fairly entranced the young Minda, who sat silent, as if she feared to break the charm by speech.
The bird, approaching nearer, asked her, if she loved him, to get her mother's consent to their marriage. ""I shall be free then,"" said the bird, ""and you shall know me as I am.""
Minda lingered, and listened to the sweet voice of the bird in its own forest notes, or filling each pause with gentle human discourse; questioning her as to her home, her family, and the little incidents of her daily life.
She returned to the lodge later than usual, but she was too timid to speak to her mother of that which the bird had charged her. She returned again and again to the fragrant haunt in the wood; and everyday she listened to the song and the discourse of her bird admirer with more pleasure, and he every day besought her to speak to her mother of the marriage. This she could not, however, muster heart and courage to do.

At last the widow began herself to have a suspicion that her daughter's heart was in the wood, from her long delays in returning, and the little success she had in gathering the fire-branches for which she went in search.
In answer to her mother's questions, Minda revealed the truth, and made known her lover's request. The mother, considering the lonely and destitute condition of her little household, gave her consent.
The daughter, with light steps, hastened with the news to the wood. The bird lover of course heard it with delight, and fluttered through the air in happy circles, and poured forth a song of joy which thrilled Minda to the heart.
He said that he would come to the lodge at sunset, and immediately took wing, while Minda hung fondly upon his flight, till he was lost far away in the blue sky.
With the twilight the bird lover, whose name was Monedowa, appeared at the door of the lodge, as a hunter, with a red plume and a mantle of blue upon his shoulders.
He addressed the widow as his friend, and she directed him to sit down beside her daughter, and they were regarded as man and wife.
Early on the following morning, he asked for the bow and arrows of those who had been slain by the wicked manito, and went out a-hunting. As soon as he had got out of sight of the lodge, he changed himself into the wood-bird, as he had been before his marriage, and took his flight through the air.

Although game was scarce in the neighborhood of the widow's lodge, Monedowa returned at evening, in his character of a hunter, with two deer. This was his daily practice, and the widow's family never more lacked for food.
It was noticed, however, that Monedowa himself ate but little, and that of a peculiar kind of meat, flavored with berries, which, with other circumstances, convinced them that he was not as the Indian people around him.
In a few days his mother-in-law told him that the manito would come to pay them a visit, to see how the young man, her son, prospered.
Monedowa answered that he should on that day be absent. When the time arrived, he flew upon a tall tree, overlooking the lodge, and took his station there as the wicked manito passed in.
The mudjee monedo cast sharp glances at the scaffolds so well laden with meat, and as soon as he had entered, he said, ""Why, who is it that is furnishing you with meat so plentifully?""
""No one,"" she answered, ""but my son; he is just beginning to kill deer.""
""No, no,"" he retorted; ""some one is living with you.""
""Kaween, no indeed,"" replied the widow; ""you are only making sport of my hapless condition. Who do you think would come and trouble themselves about me?""
""Very well,"" answered the manito, ""I will go; but on such a day I will again visit you, and see who it is that furnishes the meat, and whether it is your son or not.""

He had no sooner left the lodge and got out of sight, than the son-in-law made his appearance with two more deer. On being made acquainted with the conduct of the manito, ""Very well,"" he said, ""I will be at home the next time, to see him.""
Both the mother and the wife urged Monedowa to be aware of the manito. ","They expressed their concerns, given their own vulnerabilities and the lack of a strong male figure who could stand against such a powerful foe."
flawed_fictions_long_76,1,1,TRUE,"1. The story involves Fionn, Conan, and a giant with one eye, one arm, and one leg. Fionn is asked by the giant for a haunch of meat. 2. In the story, Fionn already has the haunch in his hand when the giant requests it. 3. The target sentence suggests that Gobha Gaoithe had the haunch and returned it to Fionn, which contradicts the story context where Fionn already had the haunch. 4. The contradiction lies in who possesses the haunch at the time of the giant's request.",Upon hearing this I called for Gobha Gaoithe who reluctantly returned with the haunch. I took it from him and handed it to the giant.,"I replied that if he were a man I would not give him a refusal. 'Well, then,' said the giant, 'let me have that haunch you have in your hand, and I will say good-bye to the Fenians, provided that you allow me the length of the haunch as a distance, and that I am not seized upon until I make my first hop.'","""Win victory and blessings, O Fionn,"" said Conan, ""and tell me who was the man that, having only one leg, one arm, and one eye, escaped from you in consequence of his swiftness. Who outstripped the Fenians of Eire, and why is this proverb used, 'As Roc came to the house of Fionn'?""
""I will tell you that,"" said Fionn. ""One day the chief of the Fenians and I went to Teamhair Luachra. We took nothing in the chase that same day but one fawn. When it had been cooked it was fetched to me for the purpose of dividing it. I gave a portion of it to each of the Fenian chiefs, and there remained none for my own share but a haunch bone. Gobha Gaoithe, son of Ronan, presented himself, and requested me to give him the haunch. I accordingly gave it to him. He then declared that I gave him that portion on account of his swiftness of foot. He went out on the plain, but he had only gone a short distance when Caoilte, son of Ronan, his own brother, overtook him, and brought the haunch back again to me, and we had no further dispute about the matter. We had not been long so when we saw a huge, obnoxious, massy-boned, black, detestable giant, having only one eye, one arm, and one leg, hop forward towards us. He saluted us. I returned the salutation, and asked him whence he came.""


'I am come by the powers of the agility of my arm and leg,' responded he, 'having heard there is not one man in the world more liberal in bestowing gifts than you, O Fionn. Therefore, I am come to solicit wealth and valuable gifts from you.' I replied that were all the wealth of the world mine I would give him neither little nor much. He then declared 'they were all liars who asserted that I never gave a refusal to any person.' I replied that if he were a man I would not give him a refusal. 'Well, then,' said the giant, 'let me have that haunch you have in your hand, and I will say good-bye to the Fenians, provided that you allow me the length of the haunch as a distance, and that I am not seized upon until I make my first hop.' ",Upon hearing this I called for Gobha Gaoithe who reluctantly returned with the haunch. I took it from him and handed it to the giant.
flawed_fictions_long_78,1,1,TRUE,"1. The story describes the old man as working in the fields most of the day. 2. The target sentence mentions the old man going to the local market to sell crafts, which is not mentioned in the story. 3. The story does not mention the old man making crafts or selling them at the market. 4. The target sentence does not align with the established routine of the old man working in the fields.","Now one day the old man went out to the local market to sell some of his crafts, and the old woman stopped at home to wash clothes",He was out most of the day at work in the fields,"Long, long ago in Japan there lived an old man and his wife. The old man was a good, kind-hearted, hard-working old fellow, but his wife was a regular cross-patch, who spoiled the happiness of her home by her scolding tongue. She was always grumbling about something from morning to night. The old man had for a long time ceased to take any notice of her crossness. He was out most of the day at work in the fields, and as he had no child, for his amusement when he came home, he kept a tame sparrow. He loved the little bird just as much as if she had been his child.

When he came back at night after his hard day's work in the open air it was his only pleasure to pet the sparrow, to talk to her and to teach her little tricks, which she learned very quickly. The old man would open her cage and let her fly about the room, and they would play together. Then when supper-time came, he always saved some tit-bits from his meal with which to feed his little bird.



","Now one day the old man went out to the local market to sell some of his crafts, and the old woman stopped at home to wash clothes"
flawed_fictions_long_79,1,1,TRUE,"1. The story describes the children playing happily in the Giant's garden. 2. The children express their happiness by saying, 'How happy we are here!' 3. The target sentence suggests the children were weary, which contradicts their expressed happiness. 4. The target sentence implies a negative experience, while the story context shows a positive one.","How weary we were there,"" they said to each other.","""How happy we are here!"" they cried to each other.","Every afternoon, as they were coming from school, the children used to go and play in the Giant's garden.
It was a large lovely garden, with soft green grass. Here and there over the grass stood beautiful flowers like stars, and there were twelve peach-trees that in the spring-time broke out into delicate blossoms of pink and pearl, and in the autumn bore rich fruit. The birds sat on the trees and sang so sweetly that the children used to stop their games in order to listen to them. ""How happy we are here!"" they cried to each other.



One day the Giant came back. He had been to visit his friend the Cornish ogre, and had stayed with him for seven years. After the seven years were over he had said all that he had to say, for his conversation was limited, and he determined to return to his own castle. When he arrived he saw the children playing in the garden.
""What are you doing here?"" he cried in a very gruff voice, and the children ran away.
""My own garden is my own garden,"" said the Giant; ""any one can understand that, and I will allow nobody to play in it but myself."" So he built a high wall all round it, and put up a notice-board.

He was a very selfish Giant.
The poor children had now nowhere to play. They tried to play on the road, but the road was very dusty and full of hard stones, and they did not like it. They used to wander round the high wall when their lessons were over, and talk about the beautiful garden inside. ""","How weary we were there,"" they said to each other."
flawed_fictions_long_80,1,1,TRUE,"1. The story mentions that the King, who is Prince Hyacinth's father, died shortly after marrying the Princess. 2. The target sentence suggests that the King was alive to rejoice in the return of Prince Hyacinth and the Dear Little Princess. 3. This contradicts the story context where the King is already deceased.","Back in the kingdom, his father, the King, rejoiced in their return and the wisdom his son had gained, ensuring the prosperity and happiness of their realm for many years to come.","But after all, they had not been married very long when the King died, and the Queen had nothing left to care for but her little son, who was called Hyacinth.","Once upon a time there lived a king who was deeply in love with a princess, but she could not marry anyone, because she was under an enchantment. So the King set out to seek a fairy, and asked what he could do to win the Princess's love. The Fairy said to him:
""You know that the Princess has a great cat which she is very fond of. Whoever is clever enough to tread on that cat's tail is the man she is destined to marry.""

The King said to himself that this would not be very difficult, and he left the Fairy, determined to grind the cat's tail to powder rather than not tread on it at all.
You may imagine that it was not long before he went to see the Princess, and puss, as usual, marched in before him, arching his back. The King took a long step, and quite thought he had the tail under his foot, but the cat turned round so sharply that he only trod on air. And so it went on for eight days, till the King began to think that this fatal tail must be full of quicksilver-it was never still for a moment.

At last, however, he was lucky enough to come upon puss fast asleep and with his tail conveniently spread out. So the King, without losing a moment, set his foot upon it heavily.
With one terrific yell the cat sprang up and instantly changed into a tall man, who, fixing his angry eyes upon the King, said:
""You shall marry the Princess because you have been able to break the enchantment, but I will have my revenge. You shall have a son, who will never be happy until he finds out that his nose is too long, and if you ever tell anyone what I have just said to you, you shall vanish away instantly, and no one shall ever see you or hear of you again.""
Though the King was horribly afraid of the enchanter, he could not help laughing at this threat.
""If my son has such a long nose as that,"" he said to himself, ""he must always see it or feel it; at least, if he is not blind or without hands.""

But, as the enchanter had vanished, he did not waste any more time in thinking, but went to seek the Princess, who very soon consented to marry him. But after all, they had not been married very long when the King died, and the Queen had nothing left to care for but her little son, who was called Hyacinth. The little Prince had large blue eyes, the prettiest eyes in the world, and a sweet little mouth, but, alas! his nose was so enormous that it covered half his face. The Queen was inconsolable when she saw this great nose, but her ladies assured her that it was not really as large as it looked; that it was a Roman nose, and you had only to open any history to see that every hero has a large nose. The Queen, who was devoted to her baby, was pleased with what they told her, and when she looked at Hyacinth again, his nose certainly did not seem to her quite so large.

The Prince was brought up with great care; and, as soon as he could speak, they told him all sorts of dreadful stories about people who had short noses. No one was allowed to come near him whose nose did not more or less resemble his own, and the courtiers, to get into favor with the Queen, took to pulling their babies' noses several times every day to make them grow long. But, do what they would, they were nothing by comparison with the Prince's.

When he grew sensible he learned history; and whenever any great prince or beautiful princess was spoken of, his teachers took care to tell him that they had long noses.
His room was hung with pictures, all of people with very large noses; and the Prince grew up so convinced that a long nose was a great beauty, that he would not on any account have had his own a single inch shorter!
When his twentieth birthday was passed the Queen thought it was time that he should be married, so she commanded that the portraits of several princesses should be brought for him to see, and among the others was a picture of the Dear Little Princess!

Now, she was the daughter of a great king, and would some day possess several kingdoms herself; but Prince Hyacinth had not a thought to spare for anything of that sort, he was so much struck with her beauty. The Princess, whom he thought quite charming, had, however, a little saucy nose, which, in her face, was the prettiest thing possible, but it was a cause of great embarrassment to the courtiers, who had got into such a habit of laughing at little noses that they sometimes found themselves laughing at hers before they had time to think; but this did not do at all before the Prince, who quite failed to see the joke, and actually banished two of his courtiers who had dared to mention disrespectfully the Dear Little Princess's tiny nose!

The others, taking warning from this, learned to think twice before they spoke, and one even went so far as to tell the Prince that, though it was quite true that no man could be worth anything unless he had a long nose, still, a woman's beauty was a different thing; and he knew a learned man who understood Greek and had read in some old manuscripts that the beautiful Cleopatra herself had a ""tip-tilted"" nose!

The Prince made him a splendid present as a reward for this good news, and at once sent ambassadors to ask the Dear Little Princess in marriage. The King, her father, gave his consent; and Prince Hyacinth, who, in his anxiety to see the Princess, had gone three leagues to meet her was just advancing to kiss her hand when, to the horror of all who stood by, the enchanter appeared as suddenly as a flash of lightning, and, snatching up the Dear Little Princess, whirled her away out of their sight!



The Prince was left quite unconsolable, and declared that nothing should induce him to go back to his kingdom until he had found her again, and refusing to allow any of his courtiers to follow him, he mounted his horse and rode sadly away, letting the animal choose his own path.
So it happened that he came presently to a great plain, across which he rode all day long without seeing a single house, and horse and rider were terribly hungry, when, as the night fell, the Prince caught sight of a light, which seemed to shine from a cavern.
He rode up to it, and saw a little old woman, who appeared to be at least a hundred years old.
She put on her spectacles to look at Prince Hyacinth, but it was quite a long time before she could fix them securely because her nose was so very short.

The Prince and the Fairy (for that was who she was) had no sooner looked at one another than they went into fits of laughter, and cried at the same moment, ""Oh, what a funny nose!""
""Not so funny as your own,"" said Prince Hyacinth to the Fairy; ""but, madam, I beg you to leave the consideration of our noses-such as they are-and to be good enough to give me something to eat, for I am starving, and so is my poor horse.""
""With all my heart,"" said the Fairy. ""Though your nose is so ridiculous you are, nevertheless, the son of my best friend. I loved your father as if he had been my brother. Now he had a very handsome nose, and he often visited me here in this cavern, sharing many a tale and advice.""
""And pray what does mine lack?"" said the Prince.
""Oh! it doesn't lack anything,"" replied the Fairy. ""On the contrary quite, there is only too much of it. But never mind, one may be a very worthy man though his nose is too long. I was telling you that I was your father's friend; he often came to see me in the old times, and you must know that I was very pretty in those days; at least, he used to say so. I should like to tell you of a conversation we had the last time I ever saw him.""
""Indeed,"" said the Prince, ""when I have supped it will give me the greatest pleasure to hear it; but consider, madam, I beg of you, that I have had nothing to eat to-day.""

""The poor boy is right,"" said the Fairy; ""I was forgetting. Come in, then, and I will give you some supper, and while you are eating I can tell you my story in a very few words-for I don't like endless tales myself. Too long a tongue is worse than too long a nose, and I remember when I was young that I was so much admired for not being a great chatterer. They used to tell the Queen, my mother, that it was so. For though you see what I am now, I was the daughter of a great king. My father--""
""Your father, I dare say, got something to eat when he was hungry!"" interrupted the Prince.
""Oh! certainly,"" answered the Fairy, ""and you also shall have supper directly. I only just wanted to tell you--""
""But I really cannot listen to anything until I have had something to eat,"" cried the Prince, who was getting quite angry; but then, remembering that he had better be polite as he much needed the Fairy's help, he added:
""I know that in the pleasure of listening to you I should quite forget my own hunger; but my horse, who cannot hear you, must really be fed!""
The Fairy was very much flattered by this compliment, and said, calling to her servants:
""You shall not wait another minute, you are so polite, and in spite of the enormous size of your nose you are really very agreeable.""

""Plague take the old lady! How she does go on about my nose!"" said the Prince to himself. ""One would almost think that mine had taken all the extra length that hers lacks! If I were not so hungry I would soon have done with this chatterpie who thinks she talks very little! How stupid people are not to see their own faults! That comes of being a princess: she has been spoiled by flatterers, who have made her believe that she is quite a moderate talker!""
Meanwhile the servants were putting the supper on the table, and the prince was much amused to hear the Fairy who asked them a thousand questions simply for the pleasure of hearing herself speak; especially he noticed one maid who, no matter what was being said, always contrived to praise her mistress's wisdom.
""Well!"" he thought, as he ate his supper, ""I'm very glad I came here. This just shows me how sensible I have been in never listening to flatterers. People of that sort praise us to our faces without shame, and hide our faults or change them into virtues. For my part I never will be taken in by them. I know my own defects, I hope.""

Poor Prince Hyacinth! He really believed what he said, and hadn't an idea that the people who had praised his nose were laughing at him, just as the Fairy's maid was laughing at her; for the Prince had seen her laugh slyly when she could do so without the Fairy's noticing her.
However, he said nothing, and presently, when his hunger began to be appeased, the Fairy said:

""My dear Prince, might I beg you to move a little more that way, for your nose casts such a shadow that I really cannot see what I have on my plate. Ah! thanks. Now let us speak of your father. When I went to his Court he was only a little boy, but that is forty years ago, and I have been in this desolate place ever since. Tell me what goes on nowadays; are the ladies as fond of amusement as ever? In my time one saw them at parties, theatres, balls, and promenades every day. Dear me! what a long nose you have! I cannot get used to it!""
""Really, madam,"" said the Prince, ""I wish you would leave off mentioning my nose. It cannot matter to you what it is like. I am quite satisfied with it, and have no wish to have it shorter. One must take what is given one.""
""Now you are angry with me, my poor Hyacinth,"" said the Fairy, ""and I assure you that I didn't mean to vex you; on the contrary, I wished to do you a service. However, though I really cannot help your nose being a shock to me, I will try not to say anything about it. I will even try to think that you have an ordinary nose. To tell the truth, it would make three reasonable ones.""

The Prince, who was no longer hungry, grew so impatient at the Fairy's continual remarks about his nose that at last he threw himself upon his horse and rode hastily away. But wherever he came in his journeyings he thought the people were mad, for they all talked of his nose, and yet he could not bring himself to admit that it was too long, he had been so used all his life to hear it called handsome.

The old Fairy, who wished to make him happy, at last hit upon a plan. She shut the Dear Little Princess up in a palace of crystal, and put this palace down where the Prince would not fail to find it. His joy at seeing the Princess again was extreme, and he set to work with all his might to try to break her prison; but in spite of all his efforts he failed utterly. In despair he thought at least that he would try to get near enough to speak to the Dear Little Princess, who, on her part, stretched out her hand that he might kiss it; but turn which way he might, he never could raise it to his lips, for his long nose always prevented it. For the first time he realized how long it really was, and exclaimed:
""Well, it must be admitted that my nose is too long!""

In an instant the crystal prison flew into a thousand splinters, and the old Fairy, taking the Dear Little Princess by the hand, said to the Prince:
""Now, say if you are not very much obliged to me. Much good it was for me to talk to you about your nose! You would never have found out how extraordinary it was if it hadn't hindered you from doing what you wanted to. You see how self-love keeps us from knowing our own defects of mind and body. Our reason tries in vain to show them to us; we refuse to see them till we find them in the way of our interests.""
Prince Hyacinth, whose nose was now just like anyone's else, did not fail to profit by the lesson he had received. He married the Dear Little Princess, and they lived happily ever after. ","Back in the kingdom, his father, the King, rejoiced in their return and the wisdom his son had gained, ensuring the prosperity and happiness of their realm for many years to come."
flawed_fictions_long_85,1,1,TRUE,"1. Analyze character/plot/setting: The story describes Prince Toyonari and Princess Murasaki as having a happy marriage, despite their sorrow over not having a child. Their marriage is described as happy and fulfilling, except for the absence of a child. 2. Compare target with context: The target sentence suggests that Prince Toyonari's decision to remarry was due to an unfulfilled marital life, which contradicts the story's description of his previous marriage as happy. 3. The target sentence implies a lack of affection in his previous marriage, which is not supported by the story.","His decision to remarry was swift, driven by a sense of duty rather than affection, reflecting his previous experience of an unfulfilled marital life.","They had been married by their respective families according to Japanese custom when very young, and had lived together happily ever since.","Many, many years ago there lived in Nara, the ancient Capital of Japan, a wise State minister, by name Prince Toyonari Fujiwara. His wife was a noble, good, and beautiful woman called Princess Murasaki (Violet). They had been married by their respective families according to Japanese custom when very young, and had lived together happily ever since. They had, however, one cause for great sorrow, for as the years went by no child was born to them. This made them very unhappy, for they both longed to see a child of their own who would grow up to gladden their old age, carry on the family name, and keep up the ancestral rites when they were dead. The Prince and his lovely wife, after long consultation and much thought, determined to make a pilgrimage to the temple of Hase-no-Kwannon (Goddess of Mercy at Hase). They believed, according to the beautiful tradition of their religion, that the Mother of Mercy, Kwannon, comes to answer the prayers of mortals in the form that they need the most. Surely after all these years of prayer she would come to them in the form of a beloved child in answer to their special pilgrimage, for that was the greatest need of their two lives. Everything else they had that this life could give them, but it was all as nothing because the cry of their hearts was unsatisfied.


So the Prince Toyonari and his wife went to the temple of Kwannon at Hase and stayed there for a long time, both daily offering incense and praying to Kwannon, the Heavenly Mother, to grant them the desire of their whole lives. And their prayer was answered.
A daughter was born at last to the Princess Murasaki, and great was the joy of her heart. On presenting the child to her husband, they both decided to call her Hase-Hime, or the Princess of Hase, because she was the gift of the Kwannon at that place. They both reared her with great care and tenderness, and the child grew in strength and beauty.


When the little girl was five years old her mother fell dangerously ill and all the doctors and their medicines could not save her. A little before she breathed her last she called her daughter to her, and gently stroking her head, said:
""Hase-Hime, do you know that your mother cannot live any longer? Though I die, you must grow up a good girl. Do your best not to give trouble to your nurse or any other of your family. Perhaps your father will marry again and some one will fill my place as your mother. If so do not grieve for me, but look upon your father's second wife as your true mother, and be obedient and filial to both her and your father. Remember when you are grown up to be submissive to those who are your superiors, and to be kind to all those who are under you. Don't forget this. I die with the hope that you will grow up a model woman.""


Hase-Hime listened in an attitude of respect while her mother spoke, and promised to do all that she was told. There is a proverb which says ""As the soul is at three so it is at one hundred,"" and so Hase-Hime grew up as her mother had wished, a good and obedient little Princess, though she was now too young to understand how great was the loss of her mother.



Not long after the death of his first wife, Prince Toyonari married again, a lady of noble birth named Princess Terute. ","His decision to remarry was swift, driven by a sense of duty rather than affection, reflecting his previous experience of an unfulfilled marital life."
flawed_fictions_long_92,1,1,TRUE,"1. The target sentence suggests the old Fairy is helping the Prince by leading him to the Dear Little Princess. 2. In the story, the Fairy is portrayed as someone who talks a lot and is amused by the Prince's nose, but there is no indication she is actively helping him find the Princess. 3. The story does not mention the Fairy following the Prince or leading him to a palace of crystal. 4. The enchanter had taken the Princess away, and the story does not mention the Fairy's involvement in the Princess's location.","The old Fairy, who wished to make him happy, at last hit upon a plan. She had been secretly following the Prince and observed his struggles. Deciding to intervene, she led him to a palace of crystal, where she had previously confined the Dear Little Princess. She made sure the palace was placed directly in the path where the Prince would not fail to find it.","The Prince made him a splendid present as a reward for this good news, and at once sent ambassadors to ask the Dear Little Princess in marriage. The King, her father, gave his consent; and Prince Hyacinth, who, in his anxiety to see the Princess, had gone three leagues to meet her was just advancing to kiss her hand when, to the horror of all who stood by, the enchanter appeared as suddenly as a flash of lightning, and, snatching up the Dear Little Princess, whirled her away out of their sight!","Once upon a time there lived a king who was deeply in love with a princess, but she could not marry anyone, because she was under an enchantment. So the King set out to seek a fairy, and asked what he could do to win the Princess's love. The Fairy said to him:
""You know that the Princess has a great cat which she is very fond of. Whoever is clever enough to tread on that cat's tail is the man she is destined to marry.""

The King said to himself that this would not be very difficult, and he left the Fairy, determined to grind the cat's tail to powder rather than not tread on it at all.
You may imagine that it was not long before he went to see the Princess, and puss, as usual, marched in before him, arching his back. The King took a long step, and quite thought he had the tail under his foot, but the cat turned round so sharply that he only trod on air. And so it went on for eight days, till the King began to think that this fatal tail must be full of quicksilver-it was never still for a moment.

At last, however, he was lucky enough to come upon puss fast asleep and with his tail conveniently spread out. So the King, without losing a moment, set his foot upon it heavily.
With one terrific yell the cat sprang up and instantly changed into a tall man, who, fixing his angry eyes upon the King, said:
""You shall marry the Princess because you have been able to break the enchantment, but I will have my revenge. You shall have a son, who will never be happy until he finds out that his nose is too long, and if you ever tell anyone what I have just said to you, you shall vanish away instantly, and no one shall ever see you or hear of you again.""
Though the King was horribly afraid of the enchanter, he could not help laughing at this threat.
""If my son has such a long nose as that,"" he said to himself, ""he must always see it or feel it; at least, if he is not blind or without hands.""

But, as the enchanter had vanished, he did not waste any more time in thinking, but went to seek the Princess, who very soon consented to marry him. But after all, they had not been married very long when the King died, and the Queen had nothing left to care for but her little son, who was called Hyacinth. The little Prince had large blue eyes, the prettiest eyes in the world, and a sweet little mouth, but, alas! his nose was so enormous that it covered half his face. The Queen was inconsolable when she saw this great nose, but her ladies assured her that it was not really as large as it looked; that it was a Roman nose, and you had only to open any history to see that every hero has a large nose. The Queen, who was devoted to her baby, was pleased with what they told her, and when she looked at Hyacinth again, his nose certainly did not seem to her quite so large.

The Prince was brought up with great care; and, as soon as he could speak, they told him all sorts of dreadful stories about people who had short noses. No one was allowed to come near him whose nose did not more or less resemble his own, and the courtiers, to get into favor with the Queen, took to pulling their babies' noses several times every day to make them grow long. But, do what they would, they were nothing by comparison with the Prince's.

When he grew sensible he learned history; and whenever any great prince or beautiful princess was spoken of, his teachers took care to tell him that they had long noses.
His room was hung with pictures, all of people with very large noses; and the Prince grew up so convinced that a long nose was a great beauty, that he would not on any account have had his own a single inch shorter!
When his twentieth birthday was passed the Queen thought it was time that he should be married, so she commanded that the portraits of several princesses should be brought for him to see, and among the others was a picture of the Dear Little Princess!

Now, she was the daughter of a great king, and would some day possess several kingdoms herself; but Prince Hyacinth had not a thought to spare for anything of that sort, he was so much struck with her beauty. The Princess, whom he thought quite charming, had, however, a little saucy nose, which, in her face, was the prettiest thing possible, but it was a cause of great embarrassment to the courtiers, who had got into such a habit of laughing at little noses that they sometimes found themselves laughing at hers before they had time to think; but this did not do at all before the Prince, who quite failed to see the joke, and actually banished two of his courtiers who had dared to mention disrespectfully the Dear Little Princess's tiny nose!

The others, taking warning from this, learned to think twice before they spoke, and one even went so far as to tell the Prince that, though it was quite true that no man could be worth anything unless he had a long nose, still, a woman's beauty was a different thing; and he knew a learned man who understood Greek and had read in some old manuscripts that the beautiful Cleopatra herself had a ""tip-tilted"" nose!

The Prince made him a splendid present as a reward for this good news, and at once sent ambassadors to ask the Dear Little Princess in marriage. The King, her father, gave his consent; and Prince Hyacinth, who, in his anxiety to see the Princess, had gone three leagues to meet her was just advancing to kiss her hand when, to the horror of all who stood by, the enchanter appeared as suddenly as a flash of lightning, and, snatching up the Dear Little Princess, whirled her away out of their sight!



The Prince was left quite unconsolable, and declared that nothing should induce him to go back to his kingdom until he had found her again, and refusing to allow any of his courtiers to follow him, he mounted his horse and rode sadly away, letting the animal choose its own path.
So it happened that he came presently to a great plain, across which he rode all day long without seeing a single house, and horse and rider were terribly hungry, when, as the night fell, the Prince caught sight of a light, which seemed to shine from a cavern.
He rode up to it, and saw a little old woman, who appeared to be at least a hundred years old.
She put on her spectacles to look at Prince Hyacinth, but it was quite a long time before she could fix them securely because her nose was so very short.

The Prince and the Fairy (for that was who she was) had no sooner looked at one another than they went into fits of laughter, and cried at the same moment, ""Oh, what a funny nose!""
""Not so funny as your own,"" said Prince Hyacinth to the Fairy; ""but, madam, I beg you to leave the consideration of our noses-such as they are-and to be good enough to give me something to eat, for I am starving, and so is my poor horse.""
""With all my heart,"" said the Fairy. ""Though your nose is so ridiculous you are, nevertheless, the son of my best friend. I loved your father as if he had been my brother. Now he had a very handsome nose!""
""And pray what does mine lack?"" said the Prince.
""Oh! it doesn't lack anything,"" replied the Fairy. ""On the contrary quite, there is only too much of it. But never mind, one may be a very worthy man though his nose is too long. I was telling you that I was your father's friend; he often came to see me in the old times, and you must know that I was very pretty in those days; at least, he used to say so. I should like to tell you of a conversation we had the last time I ever saw him.""
""Indeed,"" said the Prince, ""when I have supped it will give me the greatest pleasure to hear it; but consider, madam, I beg of you, that I have had nothing to eat to-day.""

""The poor boy is right,"" said the Fairy; ""I was forgetting. Come in, then, and I will give you some supper, and while you are eating I can tell you my story in a very few words-for I don't like endless tales myself. Too long a tongue is worse than too long a nose, and I remember when I was young that I was so much admired for not being a great chatterer. They used to tell the Queen, my mother, that it was so. For though you see what I am now, I was the daughter of a great king. My father--""
""Your father, I dare say, got something to eat when he was hungry!"" interrupted the Prince.
""Oh! certainly,"" answered the Fairy, ""and you also shall have supper directly. I only just wanted to tell you--""
""But I really cannot listen to anything until I have had something to eat,"" cried the Prince, who was getting quite angry; but then, remembering that he had better be polite as he much needed the Fairy's help, he added:
""I know that in the pleasure of listening to you I should quite forget my own hunger; but my horse, who cannot hear you, must really be fed!""
The Fairy was very much flattered by this compliment, and said, calling to her servants:
""You shall not wait another minute, you are so polite, and in spite of the enormous size of your nose you are really very agreeable.""

""Plague take the old lady! How she does go on about my nose!"" said the Prince to himself. ""One would almost think that mine had taken all the extra length that hers lacks! If I were not so hungry I would soon have done with this chatterpie who thinks she talks very little! How stupid people are not to see their own faults! That comes of being a princess: she has been spoiled by flatterers, who have made her believe that she is quite a moderate talker!""
Meanwhile the servants were putting the supper on the table, and the prince was much amused to hear the Fairy who asked them a thousand questions simply for the pleasure of hearing herself speak; especially he noticed one maid who, no matter what was being said, always contrived to praise her mistress's wisdom.
""Well!"" he thought, as he ate his supper, ""I'm very glad I came here. This just shows me how sensible I have been in never listening to flatterers. People of that sort praise us to our faces without shame, and hide our faults or change them into virtues. For my part I never will be taken in by them. I know my own defects, I hope.""

Poor Prince Hyacinth! He really believed what he said, and hadn't an idea that the people who had praised his nose were laughing at him, just as the Fairy's maid was laughing at her; for the Prince had seen her laugh slyly when she could do so without the Fairy's noticing her.
However, he said nothing, and presently, when his hunger began to be appeased, the Fairy said:

""My dear Prince, might I beg you to move a little more that way, for your nose casts such a shadow that I really cannot see what I have on my plate. Ah! thanks. Now let us speak of your father. When I went to his Court he was only a little boy, but that is forty years ago, and I have been in this desolate place ever since. Tell me what goes on nowadays; are the ladies as fond of amusement as ever? In my time one saw them at parties, theatres, balls, and promenades every day. Dear me! what a long nose you have! I cannot get used to it!""
""Really, madam,"" said the Prince, ""I wish you would leave off mentioning my nose. It cannot matter to you what it is like. I am quite satisfied with it, and have no wish to have it shorter. One must take what is given one.""
""Now you are angry with me, my poor Hyacinth,"" said the Fairy, ""and I assure you that I didn't mean to vex you; on the contrary, I wished to do you a service. However, though I really cannot help your nose being a shock to me, I will try not to say anything about it. I will even try to think that you have an ordinary nose. To tell the truth, it would make three reasonable ones.""

The Prince, who was no longer hungry, grew so impatient at the Fairy's continual remarks about his nose that at last he threw himself upon his horse and rode hastily away. But wherever he came in his journeyings he thought the people were mad, for they all talked of his nose, and yet he could not bring himself to admit that it was too long, he had been so used all his life to hear it called handsome.

","The old Fairy, who wished to make him happy, at last hit upon a plan. She had been secretly following the Prince and observed his struggles. Deciding to intervene, she led him to a palace of crystal, where she had previously confined the Dear Little Princess. She made sure the palace was placed directly in the path where the Prince would not fail to find it."
flawed_fictions_long_93,1,1,TRUE,"1. The story involves a young man named White Feather who has been given magical gifts, including a white feather, to avenge his family against six giants. 2. The story describes a challenge where White Feather is to race against the giants, with the winner using a war-club of iron to dispatch the loser. 3. The target sentence mentions White Feather using a sword to win the race and cut off the giant's head. 4. The story context specifies that the race's winner uses a war-club of iron, not a sword, to dispatch the defeated. 5. The target sentence contradicts the story's context regarding the weapon used.","By a dexterous use of the sword, he gained the first race, struck down his competitor, and cut off his head.","The point to which they were to run was a peeled tree toward the rising sun, and then back to the starting-place, which was a war-club of iron. Whoever won this stake, was empowered to use it in dispatching the defeated champion.","There was an old man living in the depth of a forest, with his grandson, whom he had taken in charge when quite an infant. The child had no parents, brothers, or sisters; they had all been destroyed by six large giants, and he had been informed that he had no other relative living beside his grandfather. The band to whom he had belonged had put up their children on a wager in a race against those of the giants, and had thus lost them. There was an old tradition in the tribe, that, one day, it would produce a great man, who would wear a white feather, and who would astonish every one by his feats of skill and bravery.
The grandfather, as soon as the child could play about, gave him a bow and arrows to amuse himself with. He went into the edge of the woods one day, and saw a rabbit; but not knowing what it was, he ran home and described it to his grandfather. He told him what it was, that its flesh was good to eat, and that if he would shoot one of his arrows into its body he would kill it.


The boy went out again and brought home the little animal, which he asked his grandfather to boil, that they might feast on it. He humored the boy in this, and he encouraged him to go on in acquiring the knowledge of hunting, until he could kill deer and the larger kinds of game; and he became, as he grew up, an expert hunter.
As they lived alone, and away from other Indians, the curiosity of the stripling was excited to know what was passing in the world. One day he came to the edge of a prairie, where he saw ashes like those at his grandfather's lodge, and lodge-poles left standing.


He returned, and inquired whether his grandfather had put up the poles and made the fire. He was answered, No. Nor did he believe that he had seen any thing of the kind. He must have lost his senses to be talking of such things.
Another day the young man went out to see what there was, within a day's hunt, that was curious; and on entering the woods he heard a voice calling out to him, ""Come here, you destined wearer of the White Feather. You do not wear it, yet, but you are worthy of it. Return home and take a short nap. You will dream of hearing a voice, which will tell you to rise and smoke. You will see in your dream a pipe, a smoking-sack, and a large white feather. When you awake you will find these articles. Put the feather on your head, and you will become a great hunter, a great warrior, and a great man, able to do any thing. As a proof that these things shall come to pass, when you smoke, the smoke will turn into pigeons.""
The voice then informed the young man who he was, and made known the character of his grandfather, who was imposing upon him to serve his own ends.
The voice-spirit then caused a vine to be laid at his side, and told him that he was now of an age to avenge the wrongs of his kindred. ""When you meet your enemy,"" the spirit added, ""you will run a race with him. He will not see the vine, because it is enchanted. While you are running, you will throw it over his head and entangle him, so that you will win the race.""


Long before this speech was ended the young man had turned to the quarter from which the voice proceeded, and he was astonished to behold a man; for as yet he had never seen any human being beside his grandfather.
As he looked more keenly, he saw that this man, who had the looks of great age, was wood from the breast downward, and that he appeared to be fixed in the earth. As his eye dwelt upon this strange being, the countenance by degrees faded away, and when he advanced to the spot whence it had addressed him, it was gone.
He returned home; slept; in the midst of his slumbers, as from the hollow of the air, heard the voice; wakened and found the promised gifts. His grandfather, when his attention was called to his awakening, was greatly surprised to find the youth with a white feather on his forehead, and to see flocks of pigeons flying out of his lodge. He then remembered the old tradition, and knowing that now the day when he should lose control of his charge had begun, he bitterly bewailed the hour.



Possessed of his three magic gifts, the young man departed the next morning, to seek his enemies, and to demand revenge.


The six giants lived in a very high lodge in the middle of a wood. He traveled on, in good heart, till he reached this lodge, where he found that his coming had been made known by the little spirits who carry the news. The giants hastened out, and gave a cry of joy as they saw him drawing near. When he approached within hail, they began to make sport of him, saying, ""Here comes the little man with the white feather, who is to achieve such wonderful wonders.""
When, however, he had arrived among them, they spoke him fair, saying he was a brave man and would do brave things. Their object was to encourage him, so that he would be bold to engage in some fool-hardy trial of strength.
Without paying much heed to their fine speeches, White Feather went fearlessly into their lodge; and without waiting for invitation, he challenged them to a foot-match. They agreed; and, as they said, by way of being easy with him, they told him to begin the race with the smallest of their number.
The point to which they were to run was a peeled tree toward the rising sun, and then back to the starting-place, which was a war-club of iron. Whoever won this stake, was empowered to use it in dispatching the defeated champion. If White Feather should overcome the first giant, he was to try the second, and so on, until they had all measured speed with him. ","By a dexterous use of the sword, he gained the first race, struck down his competitor, and cut off his head."
flawed_fictions_long_95,1,1,TRUE,"1. The story describes the first two sons who set out to find the Golden Blackbird but end up staying at an inn. 2. The story states that the two brothers spent all their money and owed something to their landlord, who kept them as hostages. 3. The target sentence claims the brothers were free from any financial burdens. 4. This contradicts the story's context where the brothers are in debt and held as hostages.","The youngest son set forth in his turn, and he arrived at the place where his brothers were enjoying their time at the inn, free from any financial burdens.","They even owed something to their landlord, who kept them as hostages till they could pay their debts.","Once upon a time there was a great lord who had three sons. He fell very ill, sent for doctors of every kind, even bonesetters, but they, none of them, could find out what was the matter with him, or even give him any relief. At last there came a foreign doctor, who declared that the Golden Blackbird alone could cure the sick man.
So the old lord despatched his eldest son to look for the wonderful bird, and promised him great riches if he managed to find it and bring it back.


The young man began his journey, and soon arrived at a place where four roads met. He did not know which to choose, and tossed his cap in the air, determining that the direction of its fall should decide him. After travelling for two or three days, he grew tired of walking without knowing where or for how long, and he stopped at an inn which was filled with merrymakers and ordered something to eat and drink.
'My faith,' said he, 'it is sheer folly to waste more time hunting for this bird. My father is old, and if he dies I shall inherit his goods.'


The old man, after waiting patiently for some time, sent his second son to seek the Golden Blackbird. The youth took the same direction as his brother, and when he came to the cross roads, he too tossed up which road he should take. The cap fell in the same place as before, and he walked on till he came to the spot where his brother had halted. The latter, who was leaning out of the window of the inn, called to him to stay where he was and amuse himself.
'You are right,' replied the youth. 'Who knows if I should ever find the Golden Blackbird, even if I sought the whole world through for it. At the worst, if the old man dies, we shall have his property.'


He entered the inn and the two brothers made merry and feasted, till very soon their money was all spent. They even owed something to their landlord, who kept them as hostages till they could pay their debts.



","The youngest son set forth in his turn, and he arrived at the place where his brothers were enjoying their time at the inn, free from any financial burdens."
flawed_fictions_long_96,1,1,TRUE,"1. Analyze character/plot/setting: Aggo Dah Gauda is a character who has one leg tied up as a punishment. He has a daughter whom he is very protective of, especially from the king of the buffalos. He advises her to stay indoors to avoid being kidnapped by the buffalo-king. 2. Compare target with context: The target sentence suggests that Aggo reminded his daughter of the freedom he had given her to explore, which contradicts the story context where he advises her to stay indoors. Additionally, the target sentence mentions a 'strange and industrious lover,' which is not mentioned in the story context.","reminded her of the freedom he had given her to explore, but also of her strange and industrious lover, whom she had never seen.","Although he might claim this extensive privilege of ground, he advised his daughter to keep within doors, and by no means to go far in the neighborhood, as she would otherwise be sure to be stolen away, as he was satisfied that the buffalo-king spent night and day lurking about and lying in wait to seize her.","The Man With His Leg Tied Up
As a punishment for having once upon a time used that foot against a venerable medicine man, Aggo Dah Gauda had one leg looped up to his thigh, so that he was obliged to get along by hopping. By dint of practice he had become very skillful in this exercise, and he could make leaps which seemed almost incredible.
Aggo had a beautiful daughter, and his chief care was to secure her from being carried off by the king of the buffalos, who was the ruler of all the herds of that kind, and had them entirely at his command to make them do as he willed.
Dah Gauda, too, was quite an important person in his own way, for he lived in great state, having a log house of his own, and a court-yard which extended from the sill of his front-door as many hundred miles westward as he chose to measure it.
Although he might claim this extensive privilege of ground, he advised his daughter to keep within doors, and by no means to go far in the neighborhood, as she would otherwise be sure to be stolen away, as he was satisfied that the buffalo-king spent night and day lurking about and lying in wait to seize her.


One sunshiny morning, when there were just two or three promising clouds rolling moistly about the sky, Aggo prepared to go out a-fishing; but before he left the lodge he ","reminded her of the freedom he had given her to explore, but also of her strange and industrious lover, whom she had never seen."
flawed_fictions_long_97,1,1,TRUE,"1. The story describes a strong bond between the characters, particularly between Manawyddan and Rhiannon, as well as Kieva and Pryderi. They are described as not wanting to be parted from each other by night or day due to their great love. 2. The target sentence suggests growing tensions and implies that practicality is the only thing keeping them together, which contradicts the story's depiction of their relationship. 3. The story does not mention any tensions or practical concerns affecting their relationships.","As time passed, tensions grew, and the practicality of their situation was the only thread that kept them together.","They would not be parted from each other by night or by day, so great was the love between them.","Manawyddan the prince and his friend Pryderi were wanderers. The brother of Manawyddan had been slain. His throne was taken from him. Very sorrowful was Manawyddan, but Pryderi was stout of heart, and bade him be of good cheer. He knew a way out of his trouble.
'And what may that be?' asked Manawyddan.
'It is that thou marry my mother Rhiannon and become lord of the fair lands that I will give her for dowry. Never did any lady have more wit than she. In her youth none was more lovely; even yet she is good to look upon.'
'Thou art the best friend that ever a man had,' said Manawyddan. 'Let us go now to seek Rhiannon, and the lands where she dwells.'


Then they set forth, but the news of their coming ran swifter still. Rhiannon and Kieva, wife of Pryderi, made haste to prepare a feast for them. And Manawyddan found that Pryderi had spoken the truth concerning his mother, and asked if she would take him for her husband. Right gladly did she consent, and without delay they were married, and rode away to the hunt, Rhiannon and Manawyddan, Kieva and Pryderi. They would not be parted from each other by night or by day, so great was the love between them.



One day, when they were returned, they were sitting out in a green place. Suddenly the crash of thunder struck loudly on their ears. A wall of mist fell between them, so that they were hidden one from the other. Trembling they sat till the darkness fled and the light shone again upon them. In the place where they were wont to see cattle, and herds, and dwellings, they beheld neither house nor beast, nor man nor smoke. Neither was any one remaining in the green place save these four only.


'Whither have they gone, and my host also?' cried Manawyddan. They searched the hall, and there was no man, and the castle, and there was none. In the dwellings that were left was nothing save wild beasts. For a year these four fed on the meat that Manawyddan and Pryderi killed out hunting, and the honey of the bees that sucked the mountain heather. ","As time passed, tensions grew, and the practicality of their situation was the only thread that kept them together."
flawed_fictions_long_98,1,1,TRUE,"1. The story is set on a large farm owned by Jalm Riou, where Jegu works as the head man. 2. The target sentence mentions a 'smaller farm,' which is not mentioned in the story. 3. The story describes Jalm Riou's farm as large, with plenty of money and resources. 4. The target sentence implies a different setting or a change in the farm's size, which is not supported by the story. 5. The target sentence contradicts the established setting of a large farm.",while the chores were fewer on the smaller farm,"Once upon a time there lived in France a man whose name was Jalm Riou. You might have walked a whole day without meeting anyone happier or more contented, for he had a large farm, plenty of money, and above all, a daughter called Barbaik, the most graceful dancer and the best-dressed girl in the whole country side.","Once upon a time there lived in France a man whose name was Jalm Riou. You might have walked a whole day without meeting anyone happier or more contented, for he had a large farm, plenty of money, and above all, a daughter called Barbaik, the most graceful dancer and the best-dressed girl in the whole country side. When she appeared on holidays in her embroidered cap, five petticoats, each one a little shorter than the other, and shoes with silver buckles, the women were all filled with envy, but little cared Barbaik what they might whisper behind her back as long as she knew that her clothes were finer than anyone else's and that she had more partners than any other girl.


Now amongst all the young men who wanted to marry Barbaik, the one whose heart was most set on her was her father's head man, but as his manners were rough and he was exceedingly ugly she would have nothing to say to him, and, what was worse, often made fun of him with the rest.


Jegu, for that was his name, of course heard of this, and it made him very unhappy. Still he would not leave the farm, and look for work elsewhere, as he might have done, for then he would never see Barbaik at all, and what was life worth to him without that?


One evening he was bringing back his horses from the fields, and stopped at a little lake on the way home to let them drink. He was tired with a long day's work, and stood with his hand on the mane of one of the animals, waiting till they had done, and thinking all the while of Barbaik, when a voice came out of the gorse close by.


'What is the matter, Jegu? You mustn't despair yet.'
The young man glanced up in surprise, and asked who was there.
'It is I, the brownie of the lake,' replied the voice.
'But where are you?' inquired Jegu.'Look close, and you will see me among the reeds in the form of a little green frog. I can take,' he added proudly, 'any shape I choose, and even, which is much harder, be invisible if I want to.'
'Then show yourself to me in the shape in which your family generally appear,' replied Jegu.
'Certainly, if you wish,' and the frog jumped on the back of one of the horses, and changed into a little dwarf, all dressed in green.


This transformation rather frightened Jegu, but the brownie bade him have no fears, for he would not do him any harm; indeed, he hoped that Jegu might find him of some use.
'But why should you take all this interest in me?' asked the peasant suspiciously.
'Because of a service you did me last winter, which I have never forgotten,' answered the little fellow. 'You know, I am sure, that the korigans who dwell in the White Corn country have declared war on my people, because they say that they are the friends of man. We were therefore obliged to take refuge in distant lands, and to hide ourselves at first under different animal shapes. Since that time, partly from habit and partly to amuse ourselves, we have continued to transform ourselves, and it was in this way that I got to know you.'


'How?' exclaimed Jegu, filled with astonishment.
'Do you remember when you were digging in the field near the river, three months ago, you found a robin redbreast caught in a net?'
'Yes,' answered Jegu, 'I remember it very well, and I opened the net and let him go.'
'Well, I was that robin redbreast, and ever since I have vowed to be your friend, and as you want to marry Barbaik, I will prove the truth of what I say by helping you to do so.'
'Ah! my little brownie, if you can do that, there is nothing I won't give you, except my soul.'
'Then let me alone,' rejoined the dwarf, 'and I promise you that in a very few months you shall be master of the farm and of Barbaik.'
'But how are you going to do it?' exclaimed Jegu wonderingly.
'That is my affair. Perhaps I may tell you later. Meanwhile you just eat and sleep, and don't worry yourself about anything.'


Jegu declared that nothing could be easier, and then taking off his hat, he thanked the dwarf heartily, and led his horses back to the farm.
Next morning was a holiday, and Barbaik was awake earlier than usual, as she wished to get through her work as soon as possible, and be ready to start for a dance which was to be held some distance off. She went first to the cow-house, which it was her duty to keep clean, but to her amazement she found fresh straw put down, the racks filled with hay, the cows milked, and the pails standing neatly in a row.


'Of course, Jegu must have done this in the hope of my giving him a dance,' she thought to herself, and when she met him outside the door she stopped and thanked him for his help. To be sure, Jegu only replied roughly that he didn't know what she was talking about, but this answer made her feel all the more certain that it was he and nobody else.
The same thing took place every day, and ",while the chores were fewer on the smaller farm
flawed_fictions_long_99,1,1,TRUE,"1. The target sentence suggests the old man found the girl many years ago in the midst of a great whispering melody. 2. In the story, the old man found the girl when she was a tiny human being, only three inches in height, inside a bamboo stem. 3. The story does not mention a 'great whispering melody' when the old man found her. 4. The story context indicates the discovery was recent, as the girl grew to a full-grown girl in three months.","I found you,"" answered the old man, ""many years ago, when you were a little creature three inches high, in the midst of a great whispering melody.","On nearer approach he saw that this soft splendor came from a hollow in the green bamboo stem, and still more wonderful to behold, in the midst of the brilliance stood a tiny human being, only three inches in height, and exquisitely beautiful in appearance.","Long, long ago, there lived an old bamboo wood-cutter. He was very poor and sad also, for no child had Heaven sent to cheer his old age, and in his heart there was no hope of rest from work till he died and was laid in the quiet grave. Every morning he went forth into the woods and hills wherever the bamboo reared its lithe green plumes against the sky. When he had made his choice, he would cut down these feathers of the forest, and splitting them lengthwise, or cutting them into joints, would carry the bamboo wood home and make it into various articles for the household, and he and his old wife gained a small livelihood by selling them.

One morning as usual he had gone out to his work, and having found a nice clump of bamboos, had set to work to cut some of them down. Suddenly the green grove of bamboos was flooded with a bright soft light, as if the full moon had risen over the spot. Looking round in astonishment, he saw that the brilliance was streaming from one bamboo. The old man, full of wonder, dropped his ax and went towards the light. On nearer approach he saw that this soft splendor came from a hollow in the green bamboo stem, and still more wonderful to behold, in the midst of the brilliance stood a tiny human being, only three inches in height, and exquisitely beautiful in appearance.

""You must be sent to be my child, for I find you here among the bamboos where lies my daily work,"" said the old man, and taking the little creature in his hand he took it home to his wife to bring up. The tiny girl was so exceedingly beautiful and so small, that the old woman put her into a basket to safeguard her from the least possibility of being hurt in any way.
The old couple were now very happy, for it had been a lifelong regret that they had no children of their own, and with joy they now expended all the love of their old age on the little child who had come to them in so marvelous a manner.

From this time on, the old man often found gold in the notches of the bamboos when he hewed them down and cut them up; not only gold, but precious stones also, so that by degrees he became rich. He built himself a fine house, and was no longer known as the poor bamboo woodcutter, but as a wealthy man.
Three months passed quickly away, and in that time the bamboo child had, wonderful to say, become a full-grown girl, so her foster-parents did up her hair and dressed her in beautiful kimonos. She was of such wondrous beauty that they placed her behind the screens like a princess, and allowed no one to see her, waiting upon her themselves. It seemed as if she were made of light, for the house was filled with a soft shining, so that even in the dark of night it was like daytime. Her presence seemed to have a benign influence on those there. Whenever the old man felt sad, he had only to look upon his foster-daughter and his sorrow vanished, and he became as happy as when he was a youth.

At last the day came for the naming of their new-found child, so the old couple called in a celebrated name-giver, and he gave her the name of Princess Moonlight, because her body gave forth so much soft bright light that she might have been a daughter of the Moon God.
For three days the festival was kept up with song and dance and music. All the friends and relations of the old couple were present, and great was their enjoyment of the festivities held to celebrate the naming of Princess Moonlight. Everyone who saw her declared that there never had been seen any one so lovely; all the beauties throughout the length and breadth of the land would grow pale beside her, so they said. The fame of the Princess's loveliness spread far and wide, and many were the suitors who desired to win her hand, or even so much as to see her.



Suitors from far and near posted themselves outside the house, and made little holes in the fence, in the hope of catching a glimpse of the Princess as she went from one room to the other along the veranda. They stayed there day and night, sacrificing even their sleep for a chance of seeing her, but all in vain. Then they approached the house, and tried to speak to the old man and his wife or some of the servants, but not even this was granted them.
Still, in spite of all this disappointment they stayed on day after day, and night after night, and counted it as nothing, so great was their desire to see the Princess.

At last, however, most of the men, seeing how hopeless their quest was, lost heart and hope both, and returned to their homes. All except five Knights, whose ardor and determination, instead of waning, seemed to wax greater with obstacles. These five men even went without their meals, and took snatches of whatever they could get brought to them, so that they might always stand outside the dwelling. They stood there in all weathers, in sunshine and in rain.
Sometimes they wrote letters to the Princess, but no answer was vouchsafed to them. Then when letters failed to draw any reply, they wrote poems to her telling her of the hopeless love which kept them from sleep, from food, from rest, and even from their homes. Still Princess Moonlight gave no sign of having received their verses.

In this hopeless state the winter passed. The snow and frost and the cold winds gradually gave place to the gentle warmth of spring. Then the summer came, and the sun burned white and scorching in the heavens above and on the earth beneath, and still these faithful Knights kept watch and waited. At the end of these long months they called out to the old bamboo-cutter and entreated him to have some mercy upon them and to show them the Princess, but he answered only that as he was not her real father he could not insist on her obeying him against her wishes.

The five Knights on receiving this stern answer returned to their several homes, and pondered over the best means of touching the proud Princess's heart, even so much as to grant them a hearing. They took their rosaries in hand and knelt before their household shrines, and burned precious incense, praying to Buddha to give them their heart's desire. Thus several days passed, but even so they could not rest in their homes.

So again they set out for the bamboo-cutter's house. This time the old man came out to see them, and they asked him to let them know if it was the Princess's resolution never to see any man whatsoever, and they implored him to speak for them and to tell her the greatness of their love, and how long they had waited through the cold of winter and the heat of summer, sleepless and roofless through all weathers, without food and without rest, in the ardent hope of winning her, and they were willing to consider this long vigil as pleasure if she would but give them one chance of pleading their cause with her.

The old man lent a willing ear to their tale of love, for in his inmost heart he felt sorry for these faithful suitors and would have liked to see his lovely foster-daughter married to one of them. So he went in to Princess Moonlight and said reverently:
""Although you have always seemed to me to be a heavenly being, yet I have had the trouble of bringing you up as my own child and you have been glad of the protection of my roof. Will you refuse to do as I wish?""

Then Princess Moonlight replied that there was nothing she would not do for him, that she honored and loved him as her own father, and that as for herself she could not remember the time before she came to earth.
The old man listened with great joy as she spoke these dutiful words. Then he told her how anxious he was to see her safely and happily married before he died.
""I am an old man, over seventy years of age, and my end may come any time now. It is necessary and right that you should see these five suitors and choose one of them.""
""Oh, why,"" said the Princess in distress, ""must I do this? I have no wish to marry now.""

""","I found you,"" answered the old man, ""many years ago, when you were a little creature three inches high, in the midst of a great whispering melody."
flawed_fictions_long_101,1,1,TRUE,"1. Analyze character/plot/setting: The story involves Little Lasse sailing pea-shell boats to different parts of the world, including Asia, America, Polynesia, and Africa. Antarctica is not mentioned as a destination. 2. Compare target with context: The target sentence mentions frigates returning from Antarctica, which is not mentioned in the story as a destination for any of the pea-shell boats.","and the frigates had returned from their voyage to Antarctica,","The ships of the line steered a straight course to Asia, the frigates sailed to Africa, the brigs to America, and the schooners to Polynesia.","There was once a little boy whose name was Lars, and because he was so little he was called Little Lasse; he was a brave little man, for he sailed round the world in a pea-shell boat.
It was summer time, when the pea shells grew long and green in the garden. Little Lasse crept into the pea bed where the pea stalks rose high above his cap, and he picked seventeen large shells, the longest and straightest he could find.
Little Lasse thought, perhaps, that no one saw him; but that was foolish, for God sees everywhere.
Then the gardener came with his gun over his shoulder, and he heard something rustling in the pea bed.
'I think that must be a sparrow,' he said. 'Ras! Ras!' but no sparrows flew out, for Little Lasse had no wings, only two small legs. 'Wait! I will load my gun and shoot the sparrows,' said the gardener.
Then Little Lasse was frightened, and crept out on to the path.
'Forgive me, dear gardener!' he said. 'I wanted to get some fine boats.'
'Well, I will this time,' said the gardener. 'But another time Little Lasse must ask leave to go and look for boats in the pea bed.'


'I will,' answered Lasse; and he went off to the shore. Then he opened the shells with a pin, split them carefully in two, and broke small little bits of sticks for the rowers' seats. Then he took the peas which were in the shells and put them in the boats for cargo. Some of the shells got broken, some remained whole, and when all were ready Lasse had twelve boats. But they should not be boats, they should be large warships. He had three liners, three frigates, three brigs and three schooners. The largest liner was called Hercules, and the smallest schooner The Flea. Little Lasse put all the twelve into the water, and they floated as splendidly and as proudly as any great ships over the waves of the ocean.
And now the ships must sail round the world. The great island over there was Asia; that large stone Africa; the little island America; the small stones were Polynesia; and the shore from which the ships sailed out was Europe. The whole fleet set off and sailed far away to other parts of the world. The ships of the line steered a straight course to Asia, the frigates sailed to Africa, the brigs to America, and the schooners to Polynesia. But Little Lasse remained in Europe, and threw small stones out into the great sea.



Now, there was on the shore of Europe a real boat, father's own, a beautiful white-painted boat, and Little Lasse got into it. Father and mother had forbidden this, but Little Lasse forgot. He thought he should very much like to travel to some other part of the world.


'I shall row out a little way--only a very little way,' he thought. The pea-shell boats had travelled so far that they only looked like little specks on the ocean. 'I shall seize Hercules on the coast of Asia,' said Lasse, 'and then row home again to Europe.'
He shook the rope that held the boat, and, strange to say, the rope became loose. Ditsch, ratsch, a man is a man, and so Little Lasse manned the boat.
Now he would row--and he could row, for he had rowed so often on the step sat home, when the steps pretended to be a boat and father's big stick an oar. But when Little Lasse wanted to row there were no oars to be found in the boat. The oars were locked up in the boat-house, and Little Lasse had not noticed that the boat was empty. It is not so easy as one thinks to row to Asia without oars.
What could Little Lasse do now? The boat was already some distance out on the sea, and the wind, which blew from land, was driving it still further out. Lasse was frightened and began to cry. But there was no one on the shore to hear him. Only a big crow perched alone in the birch tree; and the gardener's black cat sat under the birch tree, waiting to catch the crow. Neither of them troubled themselves in the least about Little Lasse, who was drifting out to sea.


Ah! how sorry Little Lasse was now that he had been disobedient and got into the boat, when father and mother had so often forbidden him to do so! Now it was too late, he could not get back to land. Perhaps he would be lost out on the great sea. What should he do?
When he had shouted until he was tired and no one heard him, he put his two little hands together and said, 'Good God, do not be angry with Little Lasse.' And then he went to sleep. For although it was daylight, old Nukku Matti was sitting on the shores of the 'Land of Nod,' and was fishing for little children with his long fishing rod. He heard the low words which Little Lasse said to God, and he immediately drew the boat to himself and laid Little Lasse to sleep on a bed of rose leaves.
Then Nukku Matti said to one of the Dreams, 'Play with Little Lasse, so that he does not feel lonesome.'
It was a little dream-boy, so little, so little, that he was less than Lasse himself; he had blue eyes and fair hair, a red cap with a silver band, and white coat with pearls on the collar. He came to Little Lasse and said, 'Would you like to sail round the world?'
'Yes,' said Lasse in his sleep, 'I should like to.'
'Come, then,' said the dream-boy, 'and let us sail in your pea-shell boats. You shall sail in Hercules and I shall sail in The Flea.'


So they sailed away from the 'Land of Nod,' and in a little while Hercules and The Flea were on the shores of Asia away at the other end of the world, where the Ice Sea flows through Behring Straits into the Pacific Ocean. A long way off in the winter mist they could see the explorer Nordenskiold with his ship Vega trying to find an opening between the ice. It was so cold, so cold; the great icebergs glittered strangely, and the huge whales now lived under the ice, for they could not make a hole through with their awkward heads. All around on the dreary shore there was snow and snow as far as the eye could see; little grey men in shaggy skins moved about, and drove in small sledges through the snow drifts, but the sledges were drawn by dogs.


'Shall we land here?' asked the dream-boy.
'No,' said Little Lasse. 'I am so afraid that the whales would swallow us up, and the big dogs bite us. Let us sail instead to another part of the world.'
'Very well,' said the dream-boy with the red cap and the silver band; 'it is not far to America'--and at the same moment they were there.
The sun was shining and it was very warm. Tall palm trees grew in long rows on the shore and bore coconuts in their top branches. Men red as copper galloped over the immense green prairies and shot their arrows at the buffaloes, who turned against them with their sharp horns. An enormous cobra which had crept up the stem of a tall palm tree threw itself on to a little llama that was grazing at the foot. Knaps! it was all over the little llama.


'Shall we land here?' asked the dream-boy.
'No,' said Little Lasse. 'I am so afraid that the buffaloes will butt us, and the great serpent eat us up. Let us travel to another part of the world.'
'Very well,' said the dream-boy with the white coat, 'it is only a little way to Polynesia'--and then they were there.
It was very warm there, as warm as in a hot bath in Finland. Costly spices grew on the shores: the pepper plant, the cinnamon tree, ginger, saffron; the coffee plant and the tea plant. Brown people with long ears and thick lips, and hideously painted faces, hunted a yellow-spotted tiger among the high bamboos on the shore, and the tiger turned on them and stuck its claws into one of the brown men. Then all the others took to flight.


'Shall we land here?' asked the dream-boy.
'No,' said Little Lasse. 'Don't you see the tiger away there by the pepper plant? Let us travel to another part of the world.'
'We can do so,' said the dream-boy with the blue eyes. 'We are not far from Africa'--and as he said that they were there.
They anchored at the mouth of a great river where the shores were as green as the greenest velvet. A little distance from the river an immense desert stretched away. The air was yellow; the sun shone so hot, so hot as if it would burn the earth to ashes, and the people were as black as the blackest jet. They rode across the desert on tall camels; the lions roared with thirst, and the great crocodiles with their grey lizard heads and sharp white teeth gaped up out of the river.


'Shall we land here?' asked the dream-boy.
'No,' said Little Lasse. 'The sun would burn us, and the lions and the crocodiles would eat us up. Let us travel to another part of the world.'
'We can travel back to Europe,' said the dream-boy with the fair hair. And with that they were there.
They came to a shore where it was all so cool and familiar and friendly. There stood the tall birch tree with its drooping leaves; at the top sat the old crow, and at its foot crept the gardener's black cat. Not far away was a house which Little Lasse had seen before; near the house there was a garden, and in the garden a pea bed with long pea shells. An old gardener with a green coat walked about and wondered if the cucumbers were ripe. Fylax was barking on the steps, and when he saw Little Lasse he wagged his tail. Old Stina was milking the cows in the farmyard, and there was a very familiar lady in a check woollen shawl on her way to the bleaching green to see if the clothes were bleached. There was, too, a well-known gentleman in a yellow summer coat, with a long pipe in his mouth; he was going to see if the reapers had cut the rye. A boy and a girl were running on the shore and calling out, 'Little Lasse! Come home for bread-and-butter!'
'Shall we land here?' asked the dream-boy, and he blinked his blue eyes roguishly.
'Come with me, and I shall ask mother to give you some bread-and-butter and a glass of milk,' said Little Lasse.


'Wait a little,' said the dream-boy. And now Little Lasse saw that the kitchen door was open, and from within there was heard a low, pleasant frizzling, like that which is heard when one whisks yellow batter with a wooden ladle into a hot frying-pan.
'Perhaps we should sail back to Polynesia now?' said the happy dream-boy.
'No; they are frying pancakes in Europe just now,' said Little Lasse; and he wanted to jump ashore, but he could not. The dream-boy had tied him with a chain of flowers, so that he could not move. And now all the little dreams came about him, thousands and thousands of little children, and they made a ring around him and sang a little song:


The world is very, very wide,


Little Lasse, Lasse,


And though you've sailed beyond the tide,


You can never tell how wide


It is on the other side,


Lasse, Little Lasse.


You have found it cold and hot,


Little Lasse, Lasse;


But in no land is God not,


Lasse, Little Lasse.


Many men live there as here,


But they all to God are dear,


Little Lasse, Lasse.


When His angel is your guide,


Little Lasse, Lasse,


Then no harm can e'er betide,


Even on the other side


Where the wild beasts wander.


But tell us now,


Whene'er you roam,


Do you not find the best is home


Of all the lands you've looked upon,


Lasse, Little Lasse?


When the dreams had sung their song they skipped away, and Nukku Matti carried Lasse back to the boat. He lay there for a long time quite still, and he still heard the frying-pan frizzling at home of the fire, the frizzling was very plain, Little Lasse heard it quite near him; and so he woke up and rubbed his eyes.
There he lay in the boat, where he had fallen asleep. The wind had turned, and the boat had drifted out with one wind and drifted in with another while Little Lasse slept, and what Lasse thought was frizzling in a frying-pan was the low murmur of the waves as they washed against the stones on the shore. But he was not altogether wrong, for the clear blue sea is like a great pan in which God's sun all day makes cakes for good children.
Little Lasse rubbed the sleep out of his eyes and looked around him. Everything was the same as before; the crow in the birch tree, the cat on the grass, and the pea-shell fleet on the shore. Some of the ships had foundered, and some had drifted back to land. Hercules had come back with its cargo from Asia, The Flea had arrived from Polynesia, ","and the frigates had returned from their voyage to Antarctica,"
flawed_fictions_long_103,1,1,TRUE,"1. The target sentence describes the Sorcerer as having a 'rosy face.'
2. In the story, the Sorcerer is described as having a face 'the colour of mortar,' which implies a pale or grayish complexion.
3. The target sentence contradicts this description by suggesting the Sorcerer has a rosy complexion.
4. Therefore, the target sentence is inconsistent with the established description of the Sorcerer in the story.",and his rosy face grew paler than it was before.,"For he was long, and thin, and awesome, with a beard that came down to his knee, and hair that wrapped him about like a mantle, and his face was the colour of mortar, as if he had always lived in darkness, and had been afraid to look on the sun.","Assipattle And The Mester Stoorworm
In far bygone days, in the North, there lived a well-to-do farmer, who had seven sons and one daughter. And the youngest of these seven sons bore a very curious name; for men called him Assipattle, which means, ""He who grovels among the ashes.""
Perhaps Assipattle deserved his name, for he was rather a lazy boy, who never did any work on the farm as his brothers did, but ran about the doors with ragged clothes and unkempt hair, and whose mind was ever filled with wondrous stories of Trolls and Giants, Elves and Goblins.
When the sun was hot in the long summer afternoons, when the bees droned drowsily and even the tiny insects seemed almost asleep, the boy was content to throw himself down on the ash-heap amongst the ashes, and lie there, lazily letting them run through his fingers, as one might play with sand on the sea-shore, basking in the sunshine and telling stories to himself.

And his brothers, working hard in the fields, would point to him with mocking fingers, and laugh, and say to each other how well the name suited him, and of how little use he was in the world.
And when they came home from their work, they would push him about and tease him, and even his mother would make him sweep the floor, and draw water from the well, and fetch peats from the peat-stack, and do all the little odd jobs that nobody else would do.
So poor Assipattle had rather a hard life of it, and he would often have been very miserable had it not been for his sister, who loved him dearly, and who would listen quite patiently to all the stories that he had to tell; who never laughed at him or told him that he was telling lies, as his brothers did.

But one day a very sad thing happened--at least, it was a sad thing for poor Assipattle.
For it chanced that the King of these parts had one only daughter, the Princess Gemdelovely, whom he loved dearly, and to whom he denied nothing. And Princess Gemdelovely was in want of a waiting-maid, and as she had seen Assipattle's sister standing by the garden gate as she was riding by one day, and had taken a fancy to her, she asked her father if she might ask her to come and live at the Castle and serve her.
Her father agreed at once, as he always did agree to any of her wishes; and sent a messenger in haste to the farmer's house to ask if his daughter would come to the Castle to be the Princess's waiting-maid.
And, of course, the farmer was very pleased at the piece of good fortune which had befallen the girl, and so was her mother, and so were her six brothers, all except poor Assipattle, who looked with wistful eyes after his sister as she rode away, proud of her new clothes and of the rivlins which her father had made her out of cowhide, which she was to wear in the Palace when she waited on the Princess, for at home she always ran barefoot.

Time passed, and one day a rider rode in hot haste through the country bearing the most terrible tidings. For the evening before, some fishermen, out in their boats, had caught sight of the Mester Stoorworm, which, as everyone knows, was the largest, and the first, and the greatest of all Sea-Serpents. It was that beast which, in the Good Book, is called the Leviathan, and if it had been measured in our day, its tail would have touched Iceland, while its snout rested on the North Cape.
And the fishermen had noticed that this fearsome Monster had its head turned towards the mainland, and that it opened its mouth and yawned horribly, as if to show that it was hungry, and that, if it were not fed, it would kill every living thing upon the land, both man and beast, bird and creeping thing.
For it was well known that its breath was so poisonous that it consumed as with a burning fire everything that it lighted on. So that, if it pleased the awful creature to lift its head and put forth its breath, like noxious vapour, over the country, in a few weeks the fair land would be turned into a region of desolation.

As you may imagine, everyone was almost paralysed with terror at this awful calamity which threatened them; and the King called a solemn meeting of all his Counsellors, and asked them if they could devise any way of warding off the danger.
And for three whole days they sat in Council, these grave, bearded men, and many were the suggestions which were made, and many the words of wisdom which were spoken; but, alas! no one was wise enough to think of a way by which the Mester Stoorworm might be driven back.
At last, at the end of the third day, when everyone had given up hope of finding a remedy, the door of the Council Chamber opened and the Queen appeared.

Now the Queen was the King's second wife, and she was not a favourite in the Kingdom, for she was a proud, insolent woman, who did not behave kindly to her step-daughter, the Princess Gemdelovely, and who spent much more of her time in the company of a great Sorcerer, whom everyone feared and dreaded, than she did in that of the King, her husband.
So the sober Counsellors looked at her disapprovingly as she came boldly into the Council Chamber and stood up beside the King's Chair of State, and, speaking in a loud, clear voice, addressed them thus:
""Ye think that ye are brave men and strong, oh, ye Elders, and fit to be the Protectors of the People. And so it may be, when it is mortals that ye are called on to face. But ye be no match for the foe that now threatens our land. Before him your weapons be but as straw. It is not through strength of arm, but through sorcery, that he will be overcome. So listen to my words, even though they be but those of a woman, and take counsel with the great Sorcerer, from whom nothing is hid, but who knoweth all the mysteries of the earth, and of the air, and of the sea.""

Now the King and his Counsellors liked not this advice, for they hated the Sorcerer, who had, as they thought, too much influence with the Queen; but they were at their wits' end, and knew not to whom to turn for help, so they were fain to do as she said and summon the Wizard before them.
And when he obeyed the summons and appeared in their midst, they liked him none the better for his looks. For he was long, and thin, and awesome, with a beard that came down to his knee, and hair that wrapped him about like a mantle, and his face was the colour of mortar, as if he had always lived in darkness, and had been afraid to look on the sun.
But there was no help to be found in any other man, so they laid the case before him, and asked him what they should do. And he answered coldly that he would think over the matter, and come again to the Assembly the following day and give them his advice.
And his advice, when they heard it, was like to turn their hair white with horror.

For he said that the only way to satisfy the Monster, and to make it spare the land, was to feed it every Saturday with seven young maidens, who must be the fairest who could be found; and if, after this remedy had been tried once or twice, it did not succeed in mollifying the Stoorworm and inducing him to depart, there was but one other measure that he could suggest, but that was so horrible and dreadful that he would not rend their hearts by mentioning it in the meantime.
And as, although they hated him, they feared him also, the Council had e'en to abide by his words, and pronounced the awful doom.
And so it came about that, every Saturday, seven bonnie, innocent maidens were bound hand and foot and laid on a rock which ran into the sea, and the Monster stretched out his long, jagged tongue, and swept them into his mouth; while all the rest of the folk looked on from the top of a high hill--or, at least, the men looked--with cold, set faces, while the women hid theirs in their aprons and wept aloud.

""Is there no other way,"" they cried, ""no other way than this, to save the land?""
But the men only groaned and shook their heads. ""No other way,"" they answered; ""no other way.""
Then suddenly a boy's indignant voice rang out among the crowd. ""Is there no grown man who would fight that Monster, and kill him, and save the lassies alive? I would do it; I am not feared for the Mester Stoorworm.""
It was the boy Assipattle who spoke, and everyone looked at him in amazement as he stood staring at the great Sea-Serpent, his fingers twitching with rage, and his great blue eyes glowing with pity and indignation.

""The poor bairn's mad; the sight hath turned his head,"" they whispered one to another; and they would have crowded round him to pet and comfort him, but his elder brother came and gave him a heavy clout on the side of his head.
""Thou fight the Stoorworm!"" he cried contemptuously. ""A likely story! Go home to thy ash-pit, and stop speaking havers;"" and, taking his arm, he drew him to the place where his other brothers were waiting, and they all went home together.
But all the time Assipattle kept on saying that he meant to kill the Stoorworm; and at last his brothers became so angry at what they thought was mere bragging, that they picked up stones and pelted him so hard with them that at last he took to his heels and ran away from them.
That evening the six brothers were threshing corn in the barn, and Assipattle, as usual, was lying among the ashes thinking his own thoughts, when his mother came out and bade him run and tell the others to come in for their supper.

The boy did as he was bid, for he was a willing enough little fellow; but when he entered the barn his brothers, in revenge for his having run away from them in the afternoon, set on him and pulled him down, and piled so much straw on top of him that, had his father not come from the house to see what they were all waiting for, he would, of a surety, have been smothered.
But when, at supper-time, his mother was quarrelling with the other lads for what they had done, and saying to them that it was only cowards who set on bairns littler and younger than themselves, Assipattle looked up from the bicker of porridge which he was supping.

""Vex not thyself, Mother,"" he said, ""for I could have fought them all if I liked; ay, and beaten them, too.""
""Why didst thou not essay it then?"" cried everybody at once.
""Because I knew that I would need all my strength when I go to fight the Giant Stoorworm,"" replied Assipattle gravely.
And, as you may fancy, the others laughed louder than before.



Time passed, and every Saturday seven lassies were thrown to the Stoorworm, until at last it was felt that this state of things could not be allowed to go on any longer; for if it did, there would soon be no maidens at all left in the country.
So the Elders met once more, and, after long consultation, it was agreed that the Sorcerer should be summoned, and asked what his other remedy was. ""For, by our troth,"" said they, ""it cannot be worse than that which we are practising now.""
But, had they known it, the new remedy was even more dreadful than the old. For the cruel Queen hated her step-daughter, Gemdelovely, and the wicked Sorcerer knew that she did, and that she would not be sorry to get rid of her, and, things being as they were, he thought that he saw a way to please the Queen. So he stood up in the Council, and, pretending to be very sorry, said that the only other thing that could be done was to give the Princess Gemdeloadly to the Stoorworm, then would it of a surety depart.

When they heard this sentence a terrible stillness fell upon the Council, and everyone covered his face with his hands, for no man dare look at the King.
But although his dear daughter was as the apple of his eye, he was a just and righteous Monarch, and he felt that it was not right that other fathers should have been forced to part with their daughters, in order to try and save the country, if his child was to be spared.
So, after he had had speech with the Princess, he stood up before the Elders, and declared, with trembling voice, that both he and she were ready to make the sacrifice.
""She is my only child,"" he said, ""and the last of her race. Yet it seemeth good to both of us that she should lay down her life, if by so doing she may save the land that she loves so well.""

Salt tears ran down the faces of the great bearded men as they heard their King's words, for they all knew how dear the Princess Gemdelovely was to him. But it was felt that what he said was wise and true, and that the thing was just and right; for it were better, surely, that one maiden should die, even although she were of Royal blood, than that bands of other maidens should go to their death week by week, and all to no purpose.
So, amid heavy sobs, the aged Lawman--he who was the chief man of the Council--rose up to pronounce the Princess's doom. But, ere he did so, the King's Kemper--or Fighting-man--stepped forward.
""Nature teaches us that it is fitting that each beast hath a tail,"" he said; ""and this Doom, which our Lawman is about to pronounce, is in very sooth a venomous beast. And, if I had my way, the tail which it would bear after it is this, that if the Mester Stoorworm doth not depart, and that right speedily, after he have devoured the Princess, the next thing that is offered to him be no tender young maiden, but that tough, lean old Sorcerer.""
And at his words there was such a great shout of approval that the wicked Sorcerer seemed to shrink within himself, ",and his rosy face grew paler than it was before.
flawed_fictions_long_105,1,1,TRUE,"1. The story describes a hunter living in the North with his wife and child, isolated in the forest, several days' journey from any other lodge. 2. The target sentence mentions the wife reaching out to a neighbor, which implies proximity to other people. 3. This contradicts the story's setting of isolation, as it states the lodge is several days' journey from any other. 4. Therefore, the target sentence is inconsistent with the story's context.","Concerned, she reached out to a neighbor who reassured her but agreed to keep an eye out.","His lodge stood far off in the forest, several days' journey from any other.","There lived a hunter in the North, who had a wife and one child. His lodge stood far off in the forest, several days' journey from any other. He spent his days in hunting, and his evenings in relating to his wife the incidents that had befallen him. As game was very abundant, he found no difficulty in killing as much as they wanted. Just in all his acts, he lived a peaceful and happy life.



One evening during the winter season, it chanced that he remained out longer than usual, and his wife began to fear that some accident had befallen him. It was already dark. ","Concerned, she reached out to a neighbor who reassured her but agreed to keep an eye out."
flawed_fictions_long_109,1,1,TRUE,"1. The story describes the racing path of the manito as a beaten path leading around a large lake, with the starting and winning post being the same. 2. The target sentence describes the course as winding in a long girdle through the clearing. 3. Compare the description of the course in the target sentence with the description in the story.","From this the course could be seen, winding in a long girdle through the clearing;","He had a beaten path on which he ran, leading around a large lake, and he always ran around this circle so that the starting and the winning-post was the same.","In a region of country where the forest and the prairie strived which should be the most beautiful-the open plain, with its free sunshine and winds and flowers, or the close wood, with its delicious twilight-walks and enamored haunts-there lived a wicked manito in the disguise of an old Indian.
Although the country furnished an abundance of game, and whatever else a good heart could wish for, it was the study of this wicked genius to destroy such as fell into his hands. He made use of all his arts to decoy men into his power, for the purpose of killing them. The country had been once thickly peopled, but this Mudjee Monedo had so thinned it by his cruel practices, that he now lived almost solitary in the wilderness.
The secret of his success lay in his great speed. He had the power to assume the shape of any four-footed creature, and it was his custom to challenge such as he sought to destroy, to run with him. He had a beaten path on which he ran, leading around a large lake, and he always ran around this circle so that the starting and the winning-post was the same.

Whoever failed as every one had, yielded up his life at this post; and although he ran every day, no man was ever known to beat this evil genius; for whenever he was pressed hard, he changed himself into a fox, wolf, deer, or other swift-footed animal, and was thus able to leave his competitor behind.
The whole country was in dread of this same Mudjee Monedo, and yet the young men were constantly running with him; for if they refused, he called them cowards, which was a reproach they could not bear. They would rather die than be called cowards.
To keep up his sport, the manito made light of these deadly foot-matches, and instead of assuming a braggart air, and going about in a boastful way, with the blood of such as he had overcome, upon his hands, he adopted very pleasing manners, and visited the lodges around the country as any other sweet-tempered and harmless old Indian might.

His secret object in these friendly visits was to learn whether the young boys were getting old enough to run with him; he kept a very sharp eye upon their growth, and the day he thought them ready, he did not fail to challenge them to a trial on his racing-ground.
There was not a family in all that beautiful region which had not in this way been visited and thinned out; and the manito had quite naturally come to be held in abhorrence by all the Indian mothers in the country.
It happened that there lived near him a poor widow woman, whose husband and seven sons he had made way with; and she was now living with an only daughter, and a son of ten or twelve years old.
This widow was very poor and feeble, and she suffered so much for lack of food and other comforts of the lodge, that she would have been glad to die, but for her daughter and her little son. The Mudjee Monedo had already visited her lodge to observe whether the boy was sufficiently grown to be challenged to the race; and so crafty in his approaches and so soft in his manners was the monedo, that the mother feared that he would yet decoy the son and make way with him as he had done with his father and his seven brothers, in spite of all her struggles to save him.

And yet she strove with all her might to strengthen her son in every good course. She taught him, as best she could, what was becoming for the wise hunter and the brave warrior. She remembered and set before him all that she could recall of the skill and the craft of his father and his brothers who were lost.
The widow woman also instructed her daughter in whatever could make her useful as a wife; and in the leisure-time of the lodge, she gave her lessons in the art of working with the quills of porcupine, and bestowed on her such other accomplishments as should make her an ornament and a blessing to her husband's household. The daughter, Minda by name, was kind and obedient to her mother, and never failed in her duty. Their lodge stood high up on the banks of a lake, which gave them a wide prospect of country, embellished with groves and open fields, which waved with the blue light of their long grass, and made, at all hours of sun and moon, a cheerful scene to look upon.


Across this beautiful prairie, Minda had one morning made her way to gather dry limbs for their fire; for she disdained no labor of the lodge. And while enjoying the sweetness of the air and the green beauty of the woods, she strolled far away.

She had come to a bank, painted with flowers of every hue, and was reclining on its fragrant couch, when a bird, of red and deep-blue plumage softly blended, alighted on a branch near by, and began to pour forth its carol. It was a bird of strange character, such as she had never before seen. Its first note was so delicious to the ear of Minda, and it so pierced to her young heart, that she listened as she had never before to any mortal or heavenly sound. It seemed like the human voice, forbidden to speak, and uttering its language through this wild wood-chant with a mournful melody, as if it bewailed the lack of the power or the right to make itself more plainly intelligible.
The voice of the bird rose and fell, and circled round and round, but whithersoever floated or spread out its notes, they seemed ever to have their center where Minda sat; and she looked with sad eyes into the sad eyes of the mournful bird, that sat in his red and deep-blue plumage just opposite to the flowery bank.
The poor bird strove more and more with his voice, and seemed ever more and more anxiously to address his notes of lament to Minda's ear, till at last she could not refrain from saying, ""What aileth thee, sad bird?""

As if he had but waited to be spoken to, the bird left his branch, and alighting upon the bank, smiled on Minda, and, shaking his shining plumage, answered:
""I am bound in this condition until a maiden shall accept me in marriage. I have wandered these groves and sung to many and many of the Indian girls, but none ever heeded my voice till you. Will you be mine?"" he added, and poured forth a flood of melody which sparkled and spread itself with its sweet murmurs over all the scene, and fairly entranced the young Minda, who sat silent, as if she feared to break the charm by speech.
The bird, approaching nearer, asked her, if she loved him, to get her mother's consent to their marriage. ""I shall be free then,"" said the bird, ""and you shall know me as I am.""
Minda lingered, and listened to the sweet voice of the bird in its own forest notes, or filling each pause with gentle human discourse; questioning her as to her home, her family, and the little incidents of her daily life.
She returned to the lodge later than usual, but she was too timid to speak to her mother of that which the bird had charged her. She returned again and again to the fragrant haunt in the wood; and everyday she listened to the song and the discourse of her bird admirer with more pleasure, and he every day besought her to speak to her mother of the marriage. This she could not, however, muster heart and courage to do.

At last the widow began herself to have a suspicion that her daughter's heart was in the wood, from her long delays in returning, and the little success she had in gathering the fire-branches for which she went in search.
In answer to her mother's questions, Minda revealed the truth, and made known her lover's request. The mother, considering the lonely and destitute condition of her little household, gave her consent.
The daughter, with light steps, hastened with the news to the wood. The bird lover of course heard it with delight, and fluttered through the air in happy circles, and poured forth a song of joy which thrilled Minda to the heart.
He said that he would come to the lodge at sunset, and immediately took wing, while Minda hung fondly upon his flight, till he was lost far away in the blue sky.
With the twilight the bird lover, whose name was Monedowa, appeared at the door of the lodge, as a hunter, with a red plume and a mantle of blue upon his shoulders.
He addressed the widow as his friend, and she directed him to sit down beside her daughter, and they were regarded as man and wife.
Early on the following morning, he asked for the bow and arrows of those who had been slain by the wicked manito, and went out a-hunting. As soon as he had got out of sight of the lodge, he changed himself into the wood-bird, as he had been before his marriage, and took his flight through the air.

Although game was scarce in the neighborhood of the widow's lodge, Monedowa returned at evening, in his character of a hunter, with two deer. This was his daily practice, and the widow's family never more lacked for food.
It was noticed, however, that Monedowa himself ate but little, and that of a peculiar kind of meat, flavored with berries, which, with other circumstances, convinced them that he was not as the Indian people around him.
In a few days his mother-in-law told him that the manito would come to pay them a visit, to see how the young man, her son, prospered.
Monedowa answered that he should on that day be absent. When the time arrived, he flew upon a tall tree, overlooking the lodge, and took his station there as the wicked manito passed in.
The mudjee monedo cast sharp glances at the scaffolds so well laden with meat, and as soon as he had entered, he said, ""Why, who is it that is furnishing you with meat so plentifully?""
""No one,"" she answered, ""but my son; he is just beginning to kill deer.""
""No, no,"" he retorted; ""some one is living with you.""
""Kaween, no indeed,"" replied the widow; ""you are only making sport of my hapless condition. Who do you think would come and trouble themselves about me?""
""Very well,"" answered the manito, ""I will go; but on such a day I will again visit you, and see who it is that furnishes the meat, and whether it is your son or not.""

He had no sooner left the lodge and got out of sight, than the son-in-law made his appearance with two more deer. On being made acquainted with the conduct of the manito, ""Very well,"" he said, ""I will be at home the next time, to see him.""
Both the mother and the wife urged Monedowa to be aware of the manito. They made known to him all of his cruel courses, and assured him that no man could escape from his power.
""No matter,"" said Monedowa; ""if he invites me to the race-ground, I will not be backward. What follows, may teach him, my mother, to show pity on the vanquished, and not to trample on the widow and those who are without fathers.""
When the day of the visit of the manito arrived, Monedowa told his wife to prepare certain pieces of meat, which he pointed out to her, together with two or three buds of the birch-tree, which he requested her to put in the pot. He directed also that the manito should be hospitably received, as if he had been just the kind-hearted old Indian he professed to be. Monedowa then dressed himself as a warrior, embellishing his visage with tints of red, to show that he was prepared for either war or peace.

As soon as the mudjee monedo arrived, he eyed this strange warrior whom he had never seen before; but he dissembled, as usual, and, with a gentle laugh, said to the widow, ""Did I not tell you that some one was staying with you, for I knew your son was too young to hunt.""
The widow excused herself by saying that she did not think it necessary to tell him, inasmuch as he was a manito, and must have known before he asked.
The manito was very pleasant with Monedowa, and after much other discourse, in a gentle-spoken voice, he invited him to the racing-ground, saying it was a manly amusement, that he would have an excellent chance to meet there with other warriors, and that he should himself be pleased to run with him.
Monedowa would have excused himself, saying that he knew nothing of running.
""Why,"" replied the mudjee monedo, trembling in every limb as he spoke, ""don't you see how old I look, while you are young and full of life. We must at least run a little to amuse others.""
""Be it so, then,"" replied Monedowa. ""I will oblige you. I will go in the morning.""
Pleased with his crafty success, the manito would have now taken his leave, but he was pressed to remain and partake of their hospitality. The meal was immediately prepared. But one dish was used.

Monedowa partook of it first, to show his guest that he need not fear, saying at the same time, ""It is a feast, and as we seldom meet, we must eat all that is placed on the dish, as a mark of gratitude to the Great Spirit for permitting me to kill animals, and for the pleasure of seeing you, and partaking of it with you.""
They ate and talked, on this and that, until they had nearly dispatched the meal, when the manito took up the dish and drank off the broth at a breath. On setting it down he immediately turned his head and commenced coughing with great violence. The old body in which he had disguised himself was well-nigh shaken in pieces, for he had, as Monedowa expected, swallowed a grain of the birch-bud, and this, which relished to himself as being of the bird nature, greatly distressed the old manito, who partook of the character of an animal, or four-footed thing.
He was at last put to such confusion of face by his constant coughing, that he was enforced to leave, saying, or rather hiccoughing as he left the lodge, that he should look for the young man at the racing-ground in the morning.
When the morning came, Monedowa was early astir, oiling his limbs and enameling his breast and arms with red and blue, resembling the plumage in which he had first appeared to Minda. Upon his brow he placed a tuft of feathers of the same shining tints.

By his invitation his wife, Minda, the mother and her young son, attended Monedowa to the manito's racing-ground.
The lodge of the manito stood upon a high ground, and near it stretched out a long row of other lodges, said to be possessed by wicked kindred of his, who shared in the spoils of his cruelty.
As soon as the young hunter and his party approached, the inmates appeared at their lodge-doors and cried out:
""We are visited.""
At this cry, the mudjee monedo came forth and descended with his companions to the starting-post on the plain. ","From this the course could be seen, winding in a long girdle through the clearing;"
flawed_fictions_long_111,1,1,TRUE,"1. Analyze character/plot/setting: The story involves Morraha and a young man who plays hurly with a hurl of gold and a ball of silver. 2. Compare target with context: The target sentence mentions balls of stone and a hurl of wood, which contradicts the earlier description of the young man's equipment.","He had balls of stone and a hurl of wood,",He had a hurl of gold and a ball of silver.,"Morraha rose in the morning, and washed his hands and face, and said his prayers, and ate his food. He asked God to prosper the day for him; and he went down to the brink of the sea, and he saw a currach, short and green, coming towards him. In it there was but one youthful champion, and he playing hurly from prow to stern of the currach. He had a hurl of gold and a ball of silver. He stopped not until the currach was in on the shore. He drew her up on the green grass, and put fastening on her for a day and a year, whether he should be there all that time, or should only be on land for an hour by the clock. And Morraha saluted the young man in words intelligent, intelligible, such as were spoken at that time. The other saluted him in the same fashion, and asked him would he play a game of cards with him; and Morraha said he had not the wherewithal. The other answered that he was never without a candle or the making of it. He put his hand in his pocket and drew out a table and two chairs and a pack of cards, and they sat down on the chairs and went to the card-playing. The first game Morraha won, and the slender red champion bade him make his claim. He said that the land above him should be filled with stock of sheep in the morning. It was well, and he played no second game, but home he went.
The next day Morraha went to the brink of the sea, and the young man came in the currach and asked him would he play cards. They played, and Morraha won. And the young man bade him make his claim. He said that the land above should be filled with cattle in the morning. It was well, and he played no other game, but went home.


And on the third morning Morraha went to the brink of the sea, and he saw the young man coming. And he drew up his boat on the shore, and asked him would he play cards. And they played, and Morraha won the game. The young man bade him give his claim. And he said he should have a castle, and of women the finest and fairest; and they were his. It was well, and the young man went away.



On the fourth day the woman asked him how he had found himself, and he told her. ""And I am going out,"" said he, ""to play again to-day.""
""I cross (forbid) you go again to him. If you have won so much, you will lose more. Have no more to do with him.""
But he went against her will, and he saw the currach coming, and the young man was driving his balls from end to end of the currach. ","He had balls of stone and a hurl of wood,"
flawed_fictions_long_116,1,1,TRUE,"1. Old Dschang is described as a poor old gardener, which suggests he does not have wealth.
2. Sir We mocks Old Dschang by setting an impossible condition of bringing two white jade-stones and four hundred ounces of yellow gold, knowing Old Dschang cannot fulfill it.
3. The target sentence claims Old Dschang brought the exact quantity of gold and jewels, which contradicts the established context of his poverty.
4. The contradiction lies in the fact that Old Dschang is portrayed as unable to provide such wealth, yet the target sentence claims he did.",brought the exact quantity of gold and jewels from his distant home to Sir We's house.,"But he only wished to mock the old man's folly, for he knew that the latter could not give him anything of the kind.","Once upon a time there was a man who went by the name of Old Dschang. He lived in the country, near Yangdschou, as a gardener. His neighbor, named Sir We, held an official position in Yangdschou. Sir We had decided that it was time for his daughter to marry, so he sent for a match-maker and commissioned her to find a suitable husband. Old Dschang heard this, and was pleased. He prepared food and drink, entertained the match-maker, and told her to recommend him as a husband. But the old match-maker went off scolding.

The next day he invited her to dinner again and gave her money. Then the old match-maker said: ""You do not know what you wish! Why should a gentleman's beautiful daughter condescend to marry a poor old gardener like yourself? Even though you had money to burn, your white hair would not match her black locks. Such a marriage is out of the question!""


But Old Dschang did not cease to entreat her: ""Make an attempt, just one attempt, to mention me! If they will not listen to you, then I must resign myself to my fate!""

The old match-maker had taken his money, so she could not well refuse, and though she feared being scolded, she mentioned him to Sir We. He grew angry and wanted to throw her out of the house.
""I knew you would not thank me,"" said she, ""but the old man urged it so that I could not refuse to mention his intention.""
""Tell the old man that if this very day he brings me two white jade-stones, and four hundred ounces of yellow gold, then I will give him my daughter's hand in marriage.""

But he only wished to mock the old man's folly, for he knew that the latter could not give him anything of the kind. The match-maker went to Old Dschang and delivered the message. And he made no objection; but at once ",brought the exact quantity of gold and jewels from his distant home to Sir We's house.
flawed_fictions_long_122,1,1,TRUE,"1. The Snow Man is observing the sky and mentions the sun setting and the moon rising. 2. The target sentence suggests the Snow Man recognizes the moon. 3. In the story, the Snow Man refers to the sun as 'that great red thing up there' and does not name the moon, indicating he may not recognize celestial bodies by name. 4. The target sentence implies recognition, which contradicts the Snow Man's earlier lack of specific identification.",recognizing the moon,"""How that great red thing up there is staring at me!"" He meant the sun, who was just setting.","""It is so delightfully cold,"" said the Snow Man, ""that it makes my whole body crackle. This is just the kind of wind to blow life into one. How that great red thing up there is staring at me!"" He meant the sun, who was just setting. ""It shall not make me wink. I shall manage to keep the pieces."" He had two triangular pieces of tile in his head, instead of eyes. His mouth was made of an old broken rake, and was, of course, furnished with teeth. He had been brought into existence amidst the joyous shouts of boys, the jingling of sleigh-bells, and the slashing of whips. The sun went down, and the full moon rose, large, round, and clear, shining in the deep blue.


""There it comes again, from the other side,"" said the Snow Man, ",recognizing the moon
flawed_fictions_long_125,1,1,TRUE,"1. The story is set in the South of Scotland, near the Border, specifically mentioning locations like Longtown, Bowden Moor, and the Eildon Hills. 2. The target sentence mentions 'Ben Nevis Moor,' which is geographically incorrect as Ben Nevis is located in the Scottish Highlands, far from the South of Scotland. 3. The story specifies that Canonbie Dick should bring horses to the same spot, which is Bowden Moor, not Ben Nevis Moor. 4. The target sentence contradicts the setting and instructions given in the story.","For, whenever he came across a suitable horse, he had only to lead it over Ben Nevis Moor after dark.","He was riding over Bowden Moor, which lies to the west of the Eildon Hills. Then the two parted, but not before the old man had commissioned Dick to get him other good horses at the same price. The only stipulation he made being that Dick should always bring them to the same spot, after dark, and that he should always come alone.","It chanced, long years ago, that a certain horse-dealer lived in the South of Scotland, near the Border. It was not very far from Longtown. He was known as Canonbie Dick. As he went up and down the country, he almost always had a long string of horses behind him. He bought them at one fair and sold at another, generally managing to turn a good big penny by the transaction.
He was a very fearless man, not easily daunted. The people who knew him used to say that if Canonbie Dick dare not attempt a thing, no one else need be asked to do it.
One evening, he was returning from a fair at some distance from his home with a pair of horses which he had not succeeded in selling. He was riding over Bowden Moor, which lies to the west of the Eildon Hills. These hills are, as all men know, the scene of some of the most famous of Thomas the Rhymer's prophecies. Also, so men say, they are the sleeping-place of King Arthur and his Knights, who rest under the three high peaks, waiting for the mystic call that shall awake them.


But little recked the horse-dealer of Arthur and his Knights, nor yet of Thomas the Rhymer. He was riding along at a snail's pace, thinking over the bargains which he had made at the fair that day. He was wondering when he was likely to dispose of his two remaining horses.



All at once he was startled by the approach of a venerable man, with white hair and an old-world dress, who seemed almost to start out of the ground, so suddenly did he make his appearance.


When they met, the stranger stopped. To Canonbie Dick's great amazement, asked him for how much he would be willing to part with his horses.


The wily horse-dealer thought that he saw a chance of driving a good bargain. The stranger looked a man of some consequence; so he named a good round sum.


The old man tried to bargain with him; but when he found that he had not much chance of succeeding. No one ever did succeed in inducing Canonbie Dick to sell a horse for a less sum than he named for it at first. He agreed to buy the animals, and, pulling a bag of gold from the pocket of his queerly cut breeches. He began to count out the price.


As he did so, Canonbie Dick got another shock of surprise. The gold that the stranger gave him was not the gold that was in use at the time, but was fashioned into Unicorns, and Bonnet-pieces, and other ancient coins. It would be of no use to the horse-dealer in his everyday transactions. But it was good, pure gold. He took it gladly. He knew that he was selling his horses at about half as much again as they were worth. ""So,"" thought he to himself, ""surely I cannot be the loser in the long run.""


Then the two parted, but not before the old man had commissioned Dick to get him other good horses at the same price. The only stipulation he made being that Dick should always bring them to the same spot, after dark, and that he should always come alone.


And, as time went on, the horse-dealer found that he had indeed met a good customer.


","For, whenever he came across a suitable horse, he had only to lead it over Ben Nevis Moor after dark."
flawed_fictions_long_128,1,1,TRUE,"1. Analyze character/plot/setting: The story involves a peasant with three sons, the youngest being John by the Ashes. He encounters three maidens who are enchanted by a troll. John is particularly interested in one of the maidens. 2. Compare target with context: The target sentence states that John is fonder than fond of the youngest maiden. However, the story context indicates that John chose the middle maiden because she seemed the most beautiful to him. 3. The target sentence contradicts the story context.",for he was fonder than fond of the youngest one of the three maidens.,"So he chose the middle one, for she seemed the most beautiful to him, and she gave him a ring and put it on his finger.","ONCE upon a time there was a peasant who had a wheat-field, which was trampled down every Saturday night. Now the peasant had three sons, and he told each one of them to spend a Saturday night in the field, and to watch and see who trampled it down. The oldest was to make the first trial. So he lay down by the upper ridge of the field, and after he had lain there a while he fell asleep. The following morning the whole field had been trampled down, and the young fellow was unable to tell how it had happened.


Now the second son was to make the attempt; but he had the same experience. After he had lain a while he fell asleep, and in the morning he was unable to tell how the field had come to be trampled down.


Now it was the turn of John by the Ashes. He did not lie down by the upper ridge of the field; but lower down, and stayed awake. After he had lain there a while, three doves came flying along. They settled in the field, and that very moment shook off all their feathers, and turned into the most beautiful maidens one might wish to see. They danced with each other over the whole field; and while they did so, the young fellow gathered up all their feathers. Toward morning they wanted to put on their feathers again, but could not find them anywhere. Then they were frightened, and wept and searched and searched and wept.


Finally, they discovered the young fellow, and begged him to give them back their feathers. ""But why do you dance in our wheat-field?"" said the young fellow. ""Alas, it is not our fault,"" said the maidens. ""The troll who has enchanted us sends us here every Saturday night to trample the field. But now give us our feathers, for morning is near."" And they begged for them in the sweetest way. ""I do not know about that,"" said the young fellow, ""you have trampled down the field so very badly; perhaps if I might choose and have one of you?"" ""That would please us,"" returned the maidens, ""but it would not be possible; for three trolls guard us, one with three, one with six and one with nine heads, and they kill all who come to the mountain."" But the young fellow said that one of them pleased him so very much that he would make the attempt, in spite of what they had told him. So he chose the middle one, for she seemed the most beautiful to him, and she gave him a ring and put it on his finger. And then the maidens at once put on their garments of dove feathers, and flew back across forest and hill.


When the young fellow returned home, he told what he had seen. ""And now I must set out and try my luck,"" said he. ""I do not know whether I will return, but I must make the venture."" ""O John, John by the Ashes!"" said his brothers, and laughed at him. ""Well, it makes no difference, even though I am worthless,"" said John by the Ashes. ""I must try my luck."" So the young fellow set out to wander to the place where the maidens lived. They had told him it was farther south than south, and farther north than north, in the great hill of gold. After he had gone a while, he met two poor lads who were quarreling with each other about a pair of old shoes and a bamboo cane, which their mother had left them.


The young fellow said it was not worth quarreling about such things, and that he had better shoes and better canes at home. ""You cannot say that,"" returned the brothers, ""for whoever has these shoes on can cover a thousand miles in a single step, and whatever is touched with this cane must die at once."" The young fellow went on to ask whether they would sell the things. They said that they ought to get a great deal for them. ""But what you say of them is not true at all,"" the young fellow replied. ""Yes, indeed, it is absolutely true,"" they answered. ""Just let me see whether the boots will fit me,"" said the young fellow. So they let him try them on. But no sooner did the young fellow have the boots on his feet, and the cane in his hand, than he took a step and off he was, a thousand miles away.


A little later he met two young fellows who were quarreling over an old fiddle, which had been left them. ""Now is that worth while doing?"" said the young fellow. ""I have a brand-new fiddle at home."" ""But I doubt if it has such a tone as ours,"" said one of the youths, ""for if some one is dead, and you play this fiddle, he will come to life again."" ""That really is a good deal,"" said the young fellow. ""May I draw the bow across the strings?"" They told him he might, but no sooner did he have the fiddle in his hand than he took a step, and suddenly he was a thousand miles away.


A little later he met an old man, and him he asked whether he knew where the place might be that was ""farther south than south, and farther north than north, and in the great hill of gold."" The man said yes, he knew well enough, but it would not do the young fellow much good to get there, for the troll who lived there killed every one. ""O, I have to make the attempt, whether it lead to life or death,"" said the young fellow, ",for he was fonder than fond of the youngest one of the three maidens.
flawed_fictions_long_129,1,1,TRUE,"1. The story describes the sword of Murakumo as one of the three sacred treasures of the Japanese Empire, along with the Mirror of Yata and the Jewel of Yasakami. 2. The target sentence claims that the sword of Murakumo is not officially recognized as one of the three sacred treasures. 3. This is a direct contradiction because the story explicitly states that the sword is one of the three treasures.","The sword was the sword of Murakumo, one of the great historical weapons of the land. Although it was not officially recognized as one of the three sacred treasures along with the Mirror of Yata and the Jewel of Yasakami, it was nonetheless revered and considered a powerful symbol of victory and protection for those who wielded it skillfully.","The insignia of the great Japanese Empire is composed of three treasures which have been considered sacred, and guarded with jealous care from time immemorial. These are the Yatano-no-Kagami or the Mirror of Yata, the Yasakami-no-Magatama or the Jewel of Yasakami, and the Murakumo-no-Tsurugi or the Sword of Murakumo.","The insignia of the great Japanese Empire is composed of three treasures which have been considered sacred, and guarded with jealous care from time immemorial. These are the Yatano-no-Kagami or the Mirror of Yata, the Yasakami-no-Magatama or the Jewel of Yasakami, and the Murakumo-no-Tsurugi or the Sword of Murakumo.
Of these three treasures of the Empire, the sword of Murakumo, afterwards known as Kusanagi-no-Tsrugugi, or the grass-cleaving sword, is considered the most precious and most highly to be honored, for it is the symbol of strength to this nation of warriors and the talisman of invincibility for the Emperor, while he holds it sacred in the shrine of his ances


Nearly two thousand years ago this sword was kept at the shrines of Ite, the temples dedicated to the worship of Amaterasu, the great and beautiful Sun Goddess from whom the Japanese Emperors are said to be descended.
There is a story of knightly adventure and daring which explains why the name of the sword was changed from that of Murakumo to Kasanagi, which means grass clearing.


Once, many, many years ago, there was born a son to the Emperor Keiko, the twelfth in descent from the great Jimmu, the founder of the Japanese dynasty. This Prince was the second son of the Emperor Keiko, and he was named Yamato. From his childhood he proved himself to be of remarkable strength, wisdom and courage, and his father noticed with pride that he gave promise of great things, and he loved him even more than he did his elder son.


Now when Prince Yamato had grown to manhood (in the olden days of Japanese history, a boy was considered to have reached man's estate at the early age of sixteen) the realm was much troubled by a band of outlaws whose chiefs were two brothers, Kumaso and Takeru. These rebels seemed to delight in rebelling against the King, in breaking the laws and defying all authority.


At last King Keiko ordered his younger son Prince Yamato to subdue the brigands and, if possible, to rid the land of their evil lives. Prince Yamato was only sixteen years of age, he had but reached his manhood according to the law, yet though he was such a youth in years he possessed the dauntless spirit of a warrior of fuller age and knew not what fear was. Even then there was no man who could rival him for courage and bold deeds, and he received his father's command with great joy.


He at once made ready to start, and great was the stir in the precincts of the Palace as he and his trusty followers gathered together and prepared for the expedition, and polished up their armor and donned it. Before he left his father's Court he went to pray at the shrine of Ise and to take leave of his aunt the Princess Yamato, for his heart was somewhat heavy at the thought of the dangers he had to face, and he felt that he needed the protection of his ancestress, Amaterasu, the Sun Goddess. The Princess his aunt came out to give him glad welcome, and congratulated him on being trusted with so great a mission by his father the King. She then gave him one of her gorgeous robes as a keepsake to go with him and to bring him good luck, saying that it would surely be of service to him on this adventure. She then wished him all success in his undertaking and bade him good speed.


The young Prince bowed low before his aunt, and received her gracious gift with much pleasure and many respectful bows.
""I will now set out,"" said the Prince, and returning to the Palace he put himself at the head of his troops. Thus cheered by his aunt's blessing, he felt ready for all that might befall, and marching through the land he went down to the Southern Island of Kiushiu, the home of the brigands.


Before many days had passed he reached the Southern Island, and then slowly but surely made his way to the head-quarters of the chiefs Kumaso and Takeru. He now met with great difficulties, for he found the country exceedingly wild and rough. The mountains were high and steep, the valleys dark and deep, and huge trees and bowlders of rock blocked up the road and stopped the progress of his army. It was all but impossible to go on. Though the Prince was but a youth he had the wisdom of years, and, seeing that it was vain to try and lead his men further, he said to himself:
""To attempt to fight a battle in this impassable country unknown to my men only makes my task harder. We cannot clear the roads and fight as well. It is wiser for me to resort to stratagem and come upon my enemies unawares. In that way I may be able to kill them without much exertion.""


So he now bade his army halt by the way. His wife, the Princess Ototachibana, had accompanied him, and he bade her bring him the robe his aunt the priestess of Ise had given him, and to help him attire himself as a woman. With her help he put on the robe, and let his hair down till it flowed over his shoulders. Ototachibana then brought him her comb, which he put in his black tresses, and then adorned himself with strings of strange jewels. When he had finished his unusual toilet, Ototachibana brought him her mirror. He smiled as he gazed at himself-the disguise was so perfect.


He hardly knew himself, so changed was he. All traces of the warrior had disappeared, and in the shining surface only a beautiful lady looked back at him. Thus completely disguised, he set out for the enemy's camp alone. In the folds of his silk gown, next his strong heart, was hidden a sharp dagger. The two chiefs Kumaso and Takeru wore sitting in their tent, resting in the cool of the evening, when the Prince approached. They were talking of the news which had recently been carried to them, that the King's son had entered their country with a large army determined to exterminate their band. They had both heard of the young warrior's renown, and for the first time in their wicked lives they felt afraid. In a pause in their talk they happened to look up, and saw through the door of the tent a beautiful woman robed in sumptuous garments coming towards them. Like an apparition of loveliness she appeared in the soft twilight. Little did they dream that it was their enemy whose coming they so dreaded who now stood before them in this disguise.


""What a beautiful woman! Where has she come from?"" said the astonished Kumaso, forgetting war and council and everything as he looked at the gentle intruder. He beckoned to the disguised Prince and bade him sit down and serve them with wine. Yamato Take felt his heart swell with a fierce glee for he now knew that his plan would succeed. However, he dissembled cleverly, and putting on a sweet air of shyness he approached the rebel chief with slow steps and eyes glancing like a frightened deer. Charmed to distraction by the girl's loveliness Kumaso drank cup after cup of wine for the pleasure of seeing her pour it out for him, till at last he was quite overcome with the quantity he had drunk.


This was the moment for which the brave Prince had been waiting. Flinging down the wine jar, he seized the tipsy and astonished Kumaso and quickly stabbed him to death with the dagger which he had secretly carried hidden in his breast. Takeru, the brigand's brother, was terror-struck as soon as he saw what was happening and tried to escape, but Prince Yamato was too quick for him. Ere he could reach the tent door the Prince was at his heel, his garments were clutched by a hand of iron, and a dagger flashed before his eyes and he lay stabbed to the earth, dying but not yet dead.


""Wait one moment!"" gasped the brigand painfully, and he seized the Prince's hand. Yamato relaxed his hold somewhat and said. ""Why should I pause, thou villain?"" The brigand raised himself fearfully and said: ""Tell me from whence you come, and whom I have the honor of addressing? Hitherto I believed that my dead brother and I were the strongest men in the land, and that there was no one who could overcome us. Alone you have ventured into our stronghold, alone you have attacked and killed us! Surely you are more than mortal?""


Then the young Prince answered with a proud smile:-""I am the son of the King and my name is Yamato, and I have been sent by my father as the avenger of evil to bring death to all rebels! No longer shall robbery and murder hold my people in terror!"" and he held the dagger dripping red above the rebel's head. ""Ah,"" gasped the dying man with a great effort, ""I have often heard of you. You are indeed a strong man to have so easily overcome us. Allow me to give you a new name. From henceforth you shall be known as Yamato Take. Our title I bequeath to you as the bravest man in Yamato.""


And with these noble words, Takeru fell back and died. The Prince having thus successfully put an end to his father's enemies in the world, was prepared to return to the capital. On the way back he passed through the province of Idum. Here he met with another outlaw named Idzumo Takeru who he knew had done much harm in the land. He again resorted to stratagem, and feigned friendship with the rebel under an assumed name. Having done this he made a sword of wood and jammed it tightly in the shaft of his own strong sword. This he purposedly buckled to his side and wore on every occasion when he expected to meet the third robber Takeru. He now invited Takeru to the bank of the River Hinokawa, and persuaded him to try a swim with him in the cool refreshing waters of the river.


As it was a hot summer's day, the rebel was nothing loath to take a plunge in the river, while his enemy was still swimming down the stream the Prince turned back and landed with all possible haste. Unperceived, he managed to change swords, putting his wooden one in place of the keen steel sword of Takeru. Knowing nothing of this, the brigand came up to the bank shortly. As soon as he had landed and donned his clothes, the Prince came forward and asked him to cross swords with him to prove his skill, saying: ""Let us two prove which is the better swordsman of the two!""


The robber agreed with delight, feeling certain of victory, for he was famous as a fencer in his province and he did not know who his adversary was. He seized quickly what he thought was his sword and stood on guard to defend himself. Alas! for the rebel the sword was the wooden one of the young Prince and in vain Takeru tried to unsheathe it-it was jammed fast, not all his exerted strength could move it. Even if his efforts had been successful the sword would have been of no use to him for it was of wood. Yamato Take saw that his enemy was in his power, and swinging high the sword he had taken from Takeru he brought it down with great might and dexterity and cut off the robber's head.


In this way, sometimes by using his wisdom and sometimes by using his bodily strength, and at other times by resorting to craftiness, which was as much esteemed in those days as it is despised in these, he prevailed against all the King's foes one by one, and brought peace and rest to the land and the people. When he returned to the capital the King praised him for his brave deeds, and held a feast in the Palace in honor of his safe coming home and presented him with many rare gifts. From this time forth the King loved him more than ever and would not let Yamato Take go from his side, for he said that his son was now as precious to him as one of his arms.


But the Prince was not allowed to live an idle life long. When he was about thirty years old, news was brought that the Ainu race, the aborigines of the islands of Japan, who had been conquered and pushed northwards by the Japanese, had rebelled in the Eastern provinces, and leaving the vicinity which had been allotted to them were causing great trouble in the land. The King decided that it was necessary to send an army to do battle with them and bring them to reason. But who was to lead the men?


Prince Yamato Take at once offered to go and bring the newly arisen rebels into subjection. Now as the King loved the Prince dearly, and could not bear to have him go out of his sight even for the length of one day, he was of course very loath to send him on his dangerous expedition. But in the whole army there was no warrior so strong or so brave as the Prince his son, so that His Majesty, unable to do otherwise, reluctantly complied with Yamato's wish. When the time came for the Prince to start, the King gave him a spear called the Eight-Arms-Length-Spear of the Holly Tree (the handle was probably made from the wood of the holly tree), and ordered him to set out to subjugate the Eastern Barbarians as the Ainu were then called.


The Eight-Arms-Length-Spear of the Holly Tree of those old days, was prized by warriors just as much as the Standard or Banner is valued by a regiment in these modern days, when given by the King to his soldiers on the occasion of setting out for war. The Prince respectfully and with great reverence received the King's spear, and leaving the capital, marched with his army to the East. On his way he visited first of all the temples of Ise for worship, and his aunt the Princess of Yamato and High Priestess came out to greet him. She it was who had given him her robe which had proved such a boon to him before in helping him to overcome and slay the brigands of the West.


He told her all that had happened to him, and of the great part her keepsake had played in the success of his previous undertaking, and thanked her very heartily. When she heard that he was starting out once again to do battle with his father's enemies, she went into the temple, and reappeared bearing a sword and a beautiful bag which she had made herself, and which was full of flints, which in those times people used instead of matches for making fire. These she presented to him as a parting gift. ","The sword was the sword of Murakumo, one of the great historical weapons of the land. Although it was not officially recognized as one of the three sacred treasures along with the Mirror of Yata and the Jewel of Yasakami, it was nonetheless revered and considered a powerful symbol of victory and protection for those who wielded it skillfully."
flawed_fictions_long_131,1,1,TRUE,"1. Analyze character/plot/setting: Little Boy Blue is a shepherd boy who uses a silver horn to call the sheep and cows. The Squire's daughter is mentioned as being fond of the sound of his horn. 2. Compare target with context: The target sentence mentions Little Boy Blue using a whistle and his voice to call the sheep, which contradicts the established context where he uses a silver horn.","the Squire's daughter, who sat embroidering upon the porch of the great house, heard often the sound of his whistle and his voice as he called the straying sheep to his side.","Then he turned to the child and said, 'Come to me in the morning, my little man, and I will give you a silver horn to blow, that you may call the sheep and the cows whenever they go astray.'","There once lived a poor widow who supported herself and her only son by gleaning in the fields the stalks of grain that had been missed by the reapers. Her little cottage was at the foot of a beautiful valley, upon the edge of the river that wound in and out among the green hills; and although poor, she was contented with her lot, for her home was pleasant and her lovely boy was a constant delight to her. He had big blue eyes, and fair golden curls, and he loved his good mother very dearly, and was never more pleased than when she allowed him to help her with her work.

And so the years passed happily away till the boy was eight years old, but then the widow fell sick, and their little store of money melted gradually away.
""I don't know what we shall do for bread,"" she said, kissing her boy with tears in her eyes, ""for I am not yet strong enough to work, and we have no money left.""
 ""But I can work,"" answered the boy; ""and I'm sure if I go to the Squire up at the Hall he will give me something to do.""
At first the widow was reluctant to consent to this, since she loved to keep her child at her side, but finally, as nothing else could be done, she decided to let him go to see the Squire.

Being too proud to allow her son to go to the great house in his ragged clothes, she made him a new suit out of a pretty blue dress she had herself worn in happier times, and when it was finished and the boy dressed in it, he looked as pretty as a prince in a fairy tale. For the bright blue jacket set off his curls to good advantage, and the color just matched the blue of his eyes. His trousers were blue, also, and she took the silver buckles from her own shoes and put them on his, that he might appear the finer. And then she brushed his curls and placed his big straw hat upon them and sent him away with a kiss to see the Squire.

It so happened that the great man was walking in his garden with his daughter Madge that morning, and was feeling in an especially happy mood, so that when he suddenly looked up and saw a little boy before him, he said, kindly,
""Well, my child, what can I do for you?""
""If you please, sir,"" said the boy, bravely, although he was frightened at meeting the Squire face to face, ""I want you to give me some work to do, so that I can earn money.""
""Earn money!"" repeated the Squire, ""why do you wish to earn money?""
""To buy food for my mother, sir. We are very poor, and since she is no longer able to work for me I wish to work for her.""
""But what can you do?"" asked the Squire; ""you are too small to work in the fields.""
""I could earn something, sir, couldn't I?""

His tone was so pleading that mistress Madge was unable to resist it, and even the Squire was touched. The young lady came forward and took the boy's hand in her own, and pressing back his curls, she kissed his fair cheek.
""You shall be our shepherd,"" she said, pleasantly, ""and keep the sheep out of the meadows and the cows from getting into the corn. You know, father,"" she continued, turning to the Squire, ""it was only yesterday you said you must get a boy to tend the sheep, and this little boy can do it nicely.""
""Very well,"" replied the Squire, ""it shall be as you say, and if he is attentive and watchful he will be able to save me a good bit of trouble and so really earn his money.""
Then he turned to the child and said,
""Come to me in the morning, my little man, and I will give you a silver horn to blow, that you may call the sheep and the cows whenever they go astray. What is your name?""

""Oh, never mind his name, papa!"" broke in the Squire's daughter; ""I shall call him Little Boy Blue, since he is dressed in blue from head to foot, and his dress but matches his eyes. And you must give him a good wage, also, for surely no Squire before ever had a prettier shepherd boy than this.""
""Very good,"" said the Squire, cheerfully, as he pinched his daughter's rosy cheek; ""be watchful, Little Boy Blue, and you shall be well paid.""
Then Little Boy Blue thanked them both very sweetly and ran back over the hill and into the valley where his home lay nestled by the river-side, to tell the good news to his mother.

The poor widow wept tears of joy when she heard his story, and smiled when he told her that his name was to be Little Boy Blue. She knew the Squire was a kind master and would be good to her darling son.
Early the next morning Little Boy Blue was at the Hall, and the Squire's steward gave him a new silver horn, that glistened brightly in the sunshine, and a golden cord to fasten it around his neck. And then he was given charge of the sheep and the cows, and told to keep them from straying into the meadowlands and the fields of grain.
It was not hard work, but just suited to Little Boy Blue's age, and he was watchful and vigilant and made a very good shepherd boy indeed. His mother needed food no longer, for the Squire paid her son liberally and the Squire's daughter made a favorite of the small shepherd and loved to hear the call of his silver horn echoing amongst the hills. Even the sheep and the cows were fond of him, and always obeyed the sound of his horn; therefore the Squire's corn thrived finely, and was never trampled.

Little Boy Blue was now very happy, and his mother was proud and contented and began to improve in health. After a few weeks she became strong enough to leave the cottage and walk a little in the fields each day; but she could not go far, because her limbs were too feeble to support her long, so the most she could attempt was to walk as far as the stile to meet Little Boy Blue as he came home from work in the evening. Then she would lean on his shoulder and return to the cottage with him, and the boy was very glad he could thus support his darling mother and assist her faltering steps.
But one day a great misfortune came upon them, since it is true that no life can be so happy but that sorrow will creep in to temper it.



Little Boy Blue came homeward one evening very light of heart and whistled merrily as he walked, for he thought he should find his mother awaiting him at the stile and a good supper spread upon the table in the little cottage. But when he came to the stile his mother was not in sight, and in answer to his call a low moan of pain reached his ears.
Little Boy Blue sprang over the stile and found lying upon the ground his dear mother, her face white and drawn with suffering, and tears of anguish running down her cheeks. For she had slipped upon the stile and fallen, and her leg was broken!

Little Boy Blue ran to the cottage for water and bathed the poor woman's face, and raised her head that she might drink. There were no neighbors, for the cottage stood all alone by the river, so the child was obliged to support his mother in his arms as best he could while she crawled painfully back to the cottage. Fortunately, it was not far, and at last she was safely laid upon her bed. Then Little Boy Blue began to think what he should do next.
""Can I leave you alone while I go for the doctor, mamma?"" he asked, anxiously, as he held her clasped hands tightly in his two little ones. His mother drew him towards her and kissed him.

""Take the boat, dear,"" she said, ""and fetch the doctor from the village. I shall be patient till you return.""
Little Boy Blue rushed away to the river bank and unfastened the little boat; and then he pulled sturdily down the river until he passed the bend and came to the pretty village below. When he had found the doctor and told of his mother's misfortune, the good man promised to attend him at once, and very soon they were seated in the boat and on their way to the cottage.

It was very dark by this time, but Little Boy Blue knew every turn and bend in the river, and the doctor helped him pull at the oars, so that at last they came to the place where a faint light twinkled through the cottage window. They found the poor woman in much pain, but the doctor quickly set and bandaged her leg, and gave her some medicine to ease her suffering. It was nearly midnight when all was finished and the doctor was ready to start back to the village.
""Take good care of your mother,"" he said to the boy, ""and don't worry about her, for it is not a bad break and the leg will mend nicely in time; but she will be in bed many days, and you must nurse her as well as you are able.""

All through the night the boy sat by the bedside, bathing his mother's fevered brow and ministering to her wants. And when the day broke she was resting easily and the pain had left her, and she told Little Boy Blue he must go to his work.
""For,"" said she, ""more than ever now we need the money you earn from the Squire, as my misfortune will add to the expenses of living, and we have the doctor to pay. Do not fear to leave me, for I shall rest quietly and sleep most of the time while you are away.""

Little Boy Blue did not like to leave his mother all alone, but he knew of no one he could ask to stay with her; so he placed food and water by her bedside, and ate a little breakfast himself, and started off to tend his sheep.
The sun was shining brightly, and the birds sang sweetly in the trees, and the crickets chirped just as[38] merrily as if this great trouble had not come to Little Boy Blue to make him sad.
But he went bravely to his work, and for several hours he watched carefully; and the men at work in the fields, and ","the Squire's daughter, who sat embroidering upon the porch of the great house, heard often the sound of his whistle and his voice as he called the straying sheep to his side."
flawed_fictions_long_133,1,1,TRUE,"1. The story is set around Lake Rasval, specifically mentioning the northwestern corner and the headland where Charcoal Nils lives. 2. The target sentence mentions the eastern shore of Lake Rasval. 3. The story context specifies the location as the northwestern corner, which contradicts the eastern shore mentioned in the target sentence.",on the eastern shore of Lake Rasval,In the old days there lived on a headland that juts out into the northwestern corner of Lake Rasval,"In the old days there lived on a headland that juts out into the northwestern corner of Lake Rasval, in the neighborhood of the Linde mining-district, a charcoal-burner named Nils, generally known as Charcoal Nils. He let a farm-hand attend to his little plot of land, and he himself made his home in the forest, where he chopped wood in the summer and burned it to charcoal in the winter. Yet no matter how hard he struggled, his work was unblessed with reward, and no one ever spoke of him save as poor Charcoal Nils.

One day, when he was on the opposite shore of the lake, near the gloomy Harsberg, a strange woman came up to him, and asked whether he needed some one to help him with his charcoal burning.

""Yes, indeed,"" said he, ""help would be welcome."" So she began to gather blocks of wood and tree-trunks, more than Charcoal Nils could have dragged together with his horse, and by noon there was enough wood for a new kiln. When evening came, she asked the charcoal-burner whether he were satisfied with the day's work she had done, and if she were to come back the next day.

That suited the charcoal-burner perfectly, and she came back the next day and all the following ones. And when the kiln had been burned out she helped Nils clear it, and never before had he had such a quantity of charcoal, nor charcoal of so fine a quality.

So she became his wife and lived with him in the wood for three years. They had three children, yet this worried Nils but little, seeing that she looked after them, and they gave him no trouble.

But when the fourth year came, she grew more exacting, and insisted on going back to his home with him, and living with him there. Nils wished to hear nothing about this; yet since she was so useful to him in his charcoal-burning, he did not betray his feelings, and said he would think it over.



It happened one Sunday that he went to church?where he had not been for many years, and what he heard there brought up thoughts he had not known since the innocent days of his childhood. He began to wonder whether there were not some hocus-pocus about the charcoal-burning, and whether it were not due to the forest woman, who aided him so willingly.

Preoccupied with this and other thoughts, he forgot while returning to his kiln, that he had promised the strange woman at the very beginning, when she had first helped him, that, whenever he had been home and was returning to the kiln, he would rap three times with his axe against an old pine-tree not far from it. On this occasion, as we have said, he forgot the sign, and as a result he saw something that nearly robbed him of his wits.

As he drew near the kiln, he saw it all aflame, and around it stood the three children and their mother, and they were clearing out the kiln. They were pulling down and putting out so that flames, smoke, and ashes whirled sky-high, but instead of the spruce-branches that were generally used to put out the fire, they had bushy tails which they dipped in the snow!

When Charcoal Nils had looked on for a while, he slunk back to the old pine-tree, and made its trunk echo to the sound of his three axe-strokes till one could hear them on the Harsberg. Then he went to the kiln, as though he had seen nothing, and all went on as before. The kiln was glowing with a handsome, even glow, and the tall woman was about and working as usual.

As soon as she saw Charcoal Nils, she came back with her pressing demand that he take her home to his little house, and that they live there.
""Yes, that shall come about,"" said Nils to console her, and turned back home to fetch a horse. But instead he went out on the headline of Kallernas, ",on the eastern shore of Lake Rasval
flawed_fictions_long_134,1,1,TRUE,"1. The story introduces Old Dschang as a poor gardener who desires to marry Sir We¡¯s daughter. 2. The match-maker initially scolds Old Dschang for his request, indicating she does not respect his proposal. 3. Despite taking his money, the match-maker fears being scolded for suggesting Old Dschang as a suitor. 4. The target sentence suggests the match-maker respects Old Dschang's character, which contradicts her earlier scolding and reluctance. 5. The match-maker's actions are driven by obligation due to the money, not respect.",she mentioned him to Sir We with a hint of the respect she felt for Old Dschang's character.,"But the old match-maker went off scolding. Then the old match-maker said: ""You do not know what you wish! Why should a gentleman's beautiful daughter condescend to marry a poor old gardener like yourself?""","Once upon a time there was a man who went by the name of Old Dschang. He lived in the country, near Yangdschou, as a gardener. His neighbor, named Sir We, held an official position in Yangdschou. Sir We had decided that it was time for his daughter to marry, so he sent for a match-maker and commissioned her to find a suitable husband. Old Dschang heard this, and was pleased. He prepared food and drink, entertained the match-maker, and told her to recommend him as a husband. But the old match-maker went off scolding.

The next day he invited her to dinner again and gave her money. Then the old match-maker said: ""You do not know what you wish! Why should a gentleman's beautiful daughter condescend to marry a poor old gardener like yourself? Even though you had money to burn, your white hair would not match her black locks. Such a marriage is out of the question!""


But Old Dschang did not cease to entreat her: ""Make an attempt, just one attempt, to mention me! If they will not listen to you, then I must resign myself to my fate!""

The old match-maker had taken his money, so she could not well refuse, and though she feared being scolded, ",she mentioned him to Sir We with a hint of the respect she felt for Old Dschang's character.
flawed_fictions_long_135,1,1,TRUE,"1. Analyze character/plot/setting: The story is about a boy known as Little Boy Blue, who is described with specific physical features. 2. Compare target with context: The target sentence mentions 'dark eyes,' but earlier in the story, the boy is described as having 'big blue eyes.' This is a contradiction in the description of the boy's eye color.",dark eyes,"He had big blue eyes, and fair golden curls, and he loved his good mother very dearly, and was never more pleased than when she allowed him to help her with her work.","There once lived a poor widow who supported herself and her only son by gleaning in the fields the stalks of grain that had been missed by the reapers. Her little cottage was at the foot of a beautiful valley, upon the edge of the river that wound in and out among the green hills; and although poor, she was contented with her lot, for her home was pleasant and her lovely boy was a constant delight to her. He had big blue eyes, and fair golden curls, and he loved his good mother very dearly, and was never more pleased than when she allowed him to help her with her work.


And so the years passed happily away till the boy was eight years old, but then the widow fell sick, and their little store of money melted gradually away.
""I don't know what we shall do for bread,"" she said, kissing her boy with tears in her eyes, ""for I am not yet strong enough to work, and we have no money left.""
 ""But I can work,"" answered the boy; ""and I'm sure if I go to the Squire up at the Hall he will give me something to do.""
At first the widow was reluctant to consent to this, since she loved to keep her child at her side, but finally, as nothing else could be done, she decided to let him go to see the Squire.


Being too proud to allow her son to go to the great house in his ragged clothes, she made him a new suit out of a pretty blue dress she had herself worn in happier times, and when it was finished and the boy dressed in it, he looked as pretty as a prince in a fairy tale. For the bright blue jacket set off his curls to good advantage, and the color just matched the blue of his eyes. His trousers were blue, also, and she took the silver buckles from her own shoes and put them on his, that he might appear the finer. And then she brushed his curls and placed his big straw hat upon them and sent him away with a kiss to see the Squire.


It so happened that the great man was walking in his garden with his daughter Madge that morning, and was feeling in an especially happy mood, so that when he suddenly looked up and saw a little boy before him, he said, kindly,
""Well, my child, what can I do for you?""
""If you please, sir,"" said the boy, bravely, although he was frightened at meeting the Squire face to face, ""I want you to give me some work to do, so that I can earn money.""
""Earn money!"" repeated the Squire, ""why do you wish to earn money?""
""To buy food for my mother, sir. We are very poor, and since she is no longer able to work for me I wish to work for her.""
""But what can you do?"" asked the Squire; ""you are too small to work in the fields.""
""I could earn something, sir, couldn't I?""


His tone was so pleading that mistress Madge was unable to resist it, and even the Squire was touched. The young lady came forward and took the boy's hand in her own, and pressing back his curls, she kissed his fair cheek.
""You shall be our shepherd,"" she said, pleasantly, ""and keep the sheep out of the meadows and the cows from getting into the corn. You know, father,"" she continued, turning to the Squire, ""it was only yesterday you said you must get a boy to tend the sheep, and this little boy can do it nicely.""
""Very well,"" replied the Squire, ""it shall be as you say, and if he is attentive and watchful he will be able to save me a good bit of trouble and so really earn his money.""
Then he turned to the child and said,
""Come to me in the morning, my little man, and I will give you a silver horn to blow, that you may call the sheep and the cows whenever they go astray. What is your name?""


""Oh, never mind his name, papa!"" broke in the Squire's daughter; ""I shall call him Little Boy Blue, since he is dressed in blue from head to foot, and his dress but matches his eyes. And you must give him a good wage, also, for surely no Squire before ever had a prettier shepherd boy than this.""
""Very good,"" said the Squire, cheerfully, as he pinched his daughter's rosy cheek; ""be watchful, Little Boy Blue, and you shall be well paid.""
Then Little Boy Blue thanked them both very sweetly and ran back over the hill and into the valley where his home lay nestled by the river-side, to tell the good news to his mother.


The poor widow wept tears of joy when she heard his story, and smiled when he told her that his name was to be Little Boy Blue. She knew the Squire was a kind master and would be good to her darling son.
Early the next morning Little Boy Blue was at the Hall, and the Squire's steward gave him a new silver horn, that glistened brightly in the sunshine, and a golden cord to fasten it around his neck. And then he was given charge of the sheep and the cows, and told to keep them from straying into the meadowlands and the fields of grain.
It was not hard work, but just suited to Little Boy Blue's age, and he was watchful and vigilant and made a very good shepherd boy indeed. His mother needed food no longer, for the Squire paid her son liberally and the Squire's daughter made a favorite of the small shepherd and loved to hear the call of his silver horn echoing amongst the hills. Even the sheep and the cows were fond of him, and always obeyed the sound of his horn; therefore the Squire's corn thrived finely, and was never trampled.


Little Boy Blue was now very happy, and his mother was proud and contented and began to improve in health. After a few weeks she became strong enough to leave the cottage and walk a little in the fields each day; but she could not go far, because her limbs were too feeble to support her long, so the most she could attempt was to walk as far as the stile to meet Little Boy Blue as he came home from work in the evening. Then she would lean on his shoulder and return to the cottage with him, and the boy was very glad he could thus support his darling mother and assist her faltering steps.
But one day a great misfortune came upon them, since it is true that no life can be so happy but that sorrow will creep in to temper it.


Little Boy Blue came homeward one evening very light of heart and whistled merrily as he walked, for he thought he should find his mother awaiting him at the stile and a good supper spread upon the table in the little cottage. But when he came to the stile his mother was not in sight, and in answer to his call a low moan of pain reached his ears.
Little Boy Blue sprang over the stile and found lying upon the ground his dear mother, her face white and drawn with suffering, and tears of anguish running down her cheeks. For she had slipped upon the stile and fallen, and her leg was broken!


Little Boy Blue ran to the cottage for water and bathed the poor woman's face, and raised her head that she might drink. There were no neighbors, for the cottage stood all alone by the river, so the child was obliged to support his mother in his arms as best he could while she crawled painfully back to the cottage. Fortunately, it was not far, and at last she was safely laid upon her bed. Then Little Boy Blue began to think what he should do next.
""Can I leave you alone while I go for the doctor, mamma?"" he asked, anxiously, as he held her clasped hands tightly in his two little ones. His mother drew him towards her and kissed him.


""Take the boat, dear,"" she said, ""and fetch the doctor from the village. I shall be patient till you return.""
Little Boy Blue rushed away to the river bank and unfastened the little boat; and then he pulled sturdily down the river until he passed the bend and came to the pretty village below. When he had found the doctor and told of his mother's misfortune, the good man promised to attend him at once, and very soon they were seated in the boat and on their way to the cottage.


It was very dark by this time, but Little Boy Blue knew every turn and bend in the river, and the doctor helped him pull at the oars, so that at last they came to the place where a faint light twinkled through the cottage window. They found the poor woman in much pain, but the doctor quickly set and bandaged her leg, and gave her some medicine to ease her suffering. It was nearly midnight when all was finished and the doctor was ready to start back to the village.
""Take good care of your mother,"" he said to the boy, ""and don't worry about her, for it is not a bad break and the leg will mend nicely in time; but she will be in bed many days, and you must nurse her as well as you are able.""


All through the night the boy sat by the bedside, bathing his mother's fevered brow and ministering to her wants. And when the day broke she was resting easily and the pain had left her, and she told Little Boy Blue he must go to his work.
""For,"" said she, ""more than ever now we need the money you earn from the Squire, as my misfortune will add to the expenses of living, and we have the doctor to pay. Do not fear to leave me, for I shall rest quietly and sleep most of the time while you are away.""


Little Boy Blue did not like to leave his mother all alone, but he knew of no one he could ask to stay with her; so he placed food and water by her bedside, and ate a little breakfast himself, and started off to tend his sheep.
The sun was shining brightly, and the birds sang sweetly in the trees, and the crickets chirped just as merrily as if this great trouble had not come to Little Boy Blue to make him sad.
But he went bravely to his work, and for several hours he watched carefully; and the men at work in the fields, and the Squire's daughter, who sat embroidering upon the porch of the great house, heard often the sound of his horn as he called the straying sheep to his side.


But he had not slept the whole night, and he was tired with his long watch at his mother's bedside, and so in spite of himself the lashes would droop occasionally over his ",dark eyes
flawed_fictions_long_140,1,1,TRUE,"1. The story describes a lad who is never short of money because he has a purse which is never empty. 2. The target sentence suggests the youth has an empty purse, which contradicts the story's description of his magical purse. 3. The target sentence implies a lack of wealth, which is inconsistent with the story's context of the lad's magical items that provide him with wealth and resources.","I wish I could claim such wealth for myself,"" said the youth sadly, shaking his empty purse.","He was never short of money, for he had a purse which was never empty.","Once upon a time there was a lad who was better off than all the others. He was never short of money, for he had a purse which was never empty. He never was short of food, for he had a table-cloth on which, as soon as he spread it, he found all he wanted to eat and drink. And, besides, he had a magic wishing cap. When he put it on he could wish himself wherever he wanted, and there he would be that very moment.
There was only one thing that he lacked: he had no wife, and he was gradually coming into the years when it would be necessary for him to make haste.



As he was walking sadly along one fine day, it occurred to him to wish himself where he would find the most beautiful princess in the world. No sooner had he thought of it than he was there. And it was a land which he had never yet seen, and a city in which he had never yet been. And the king had a daughter, so handsome that he had never yet beheld her like, and he wanted to have her on the spot. But she would have nothing to do with him, and was very haughty.

Finally he despaired altogether, and was so beside himself that he could no longer be where she was not. So he took his magic cap and wished himself into the castle. He wanted to say good-by, so he said. And she laid her hand in his. ""I wish we were far beyond the end of the world!"" said the youth, and there they were. But the king's daughter wept, and begged to be allowed to go home again. She offered all the gold and silver in the castle in return. ""","I wish I could claim such wealth for myself,"" said the youth sadly, shaking his empty purse."
flawed_fictions_long_143,1,1,TRUE,"1. Analyze character/plot/setting: Snorro the Dwarf is described as having a face of marvellous beauty, which never seemed to look any older, and he is said to have the gift of perpetual youth. 2. Compare target with context: The target sentence describes Snorro with a furrowed brow and the weight of years visible in his gait, which suggests aging, contradicting the story's description of his perpetual youth.","Snorro the Dwarf, with his furrowed brow and the weight of years visible in his gait, recognized her","All that they knew about him was that he was a little man, with a queer, twisted, deformed body and a face of marvellous beauty, which never seemed to look any older, but was always smiling and young. Men said that this was because Snorro's father had been a Fairy, and not a denizen of earth, who had bequeathed to his son the gift of perpetual youth.","Far up in a green valley in the Island of Hoy stands an immense boulder. It is hollow inside, and the natives of these northern islands call it the Dwarfie Stone, because long centuries ago, so the legend has it, Snorro the Dwarf lived there.
Nobody knew where Snorro came from, or how long he had dwelt in the dark chamber inside the Dwarfie Stone. All that they knew about him was that he was a little man, with a queer, twisted, deformed body and a face of marvellous beauty, which never seemed to look any older, but was always smiling and young.
Men said that this was because Snorro's father had been a Fairy, and not a denizen of earth, who had bequeathed to his son the gift of perpetual youth, but nobody knew whether this were true or not, for the Dwarf had inhabited the Dwarfie Stone long before the oldest man or woman in Hoy had been born.
One thing was certain, however: he had inherited from his mother, whom all men agreed had been mortal, the dangerous qualities of vanity and ambition. And the longer he lived the more vain and ambitious did he become, until at last he always carried a mirror of polished steel round his neck, into which he constantly looked in order to see the reflection of his handsome face.


And he would not attend to the country people who came to seek his help, unless they bowed themselves humbly before him and spoke to him as if he were a King.
I say that the country people sought his help, for he spent his time, or appeared to spend it, in collecting herbs and simples on the hillsides, which he carried home with him to his dark abode, and distilled medicines and potions from them, which he sold to his neighbours at wondrous high prices.
He was also the possessor of a wonderful leathern-covered book, clasped with clasps of brass, over which he would pore for hours together, and out of which he would tell the simple Islanders their fortunes, if they would.
For they feared the book almost as much as they feared Snorro himself, for it was whispered that it had once belonged to Odin, and they crossed themselves for protection as they named the mighty Enchanter.


But all the time they never guessed the real reason why Snorro chose to live in the Dwarfie Stone.
I will tell you why he did so. Not very far from the Stone there was a curious hill, shaped exactly like a wart. It was known as the Wart Hill of Hoy, and men said that somewhere in the side of it was hidden a wonderful carbuncle, which, when it was found, would bestow on its finder marvellous magic gifts--Health, Wealth, and Happiness. Everything, in fact, that a human being could desire.
And the curious thing about this carbuncle was, that it was said that it could be seen at certain times, if only the people who were looking for it were at the right spot at the right moment.
Now Snorro had made up his mind that he would find this wonderful stone, so, while he pretended to spend all his time in reading his great book or distilling medicines from his herbs, he was really keeping a keen look-out during his wanderings, noting every tuft of grass or piece of rock under which it might be hidden. And at night, when everyone else was asleep, he would creep out, with pickaxe and spade, to turn over the rocks or dig over the turf, in the hope of finding the long-sought-for treasure underneath them.


He was always accompanied on these occasions by an enormous grey-headed Raven, who lived in the cave along with him, and who was his bosom friend and companion. The Islanders feared this bird of ill omen as much, perhaps, as they feared its Master; for, although they went to consult Snorro in all their difficulties and perplexities, and bought medicines and love-potions from him, they always looked upon him with a certain dread, feeling that there was something weird and uncanny about him.



Now, at the time we are speaking of, Orkney was governed by two Earls, who were half-brothers. Paul, the elder, was a tall, handsome man, with dark hair, and eyes like sloes. All the country people loved him, for he was so skilled in knightly exercises, and had such a sweet and loving nature, that no one could help being fond of him. Old people's eyes would brighten at the sight of him, and the little children would run out to greet him as he rode by their mothers' doors.
And this was the more remarkable because, with all his winning manner, he had such a lack of conversation that men called him Paul the Silent, or Paul the Taciturn.


Harold, on the other hand, was as different from his brother as night is from day. He was fair-haired and blue-eyed, and he had gained for himself the name of Harold the Orator, because he was always free of speech and ready with his tongue.
But for all this he was not a favourite. For he was haughty, and jealous, and quick-tempered, and the old folks' eyes did not brighten at the sight of him, and the babes, instead of toddling out to greet him, hid their faces in their mothers' skirts when they saw him coming.
Harold could not help knowing that the people liked his silent brother best, and the knowledge made him jealous of him, so a coldness sprang up between them.
Now it chanced, one summer, that Earl Harold went on a visit to the King of Scotland, accompanied by his mother, the Countess Helga, and her sister, the Countess Fraukirk.


And while he was at Court he met a charming young Irish lady, the Lady Morna, who had come from Ireland to Scotland to attend upon the Scottish Queen. She was so sweet, and good, and gentle that Earl Harold's heart was won, and he made up his mind that she, and only she, should be his bride.
But although he had paid her much attention, Lady Morna had sometimes caught glimpses of his jealous temper; she had seen an evil expression in his eyes, and had heard him speak sharply to his servants, and she had no wish to marry him. So, to his great amazement, she refused the honour which he offered her, and told him that she would prefer to remain as she was.
Earl Harold ground his teeth in silent rage, but he saw that it was no use pressing his suit at that moment. So what he could not obtain by his own merits he determined to obtain by guile.
Accordingly he begged his mother to persuade the Lady Morna to go back with them on a visit, hoping that when she was alone with him in Orkney, he would be able to overcome her prejudice against him, and induce her to become his wife. And all the while he never remembered his brother Paul; or, if he did, he never thought it possible that he could be his rival.


But that was just the very thing that happened. The Lady Morna, thinking no evil, accepted the Countess Helga's invitation, and no sooner had the party arrived back in Orkney than Paul, charmed with the grace and beauty of the fair Irish Maiden, fell head over ears in love with her. And the Lady Morna, from the very first hour that she saw him, returned his love.
Of course this state of things could not long go on hidden, and when Harold realised what had happened his anger and jealousy knew no bounds. Seizing a dagger, he rushed up to the turret where his brother was sitting in his private apartments, and threatened to stab him to the heart if he did not promise to give up all thoughts of winning the lovely stranger.
But Paul met him with pleasant words.
""Calm thyself, Brother,"" he said. ""It is true that I love the lady, but that is no proof that I shall win her. Is it likely that she will choose me, whom all men name Paul the Silent, when she hath the chance of marrying you, whose tongue moves so swiftly that to you is given the proud title of Harold the Orator?""


At these words Harold's vanity was flattered, and he thought that, after all, his step-brother was right, and that he had a very small chance, with his meagre gift of speech, of being successful in his suit. So he threw down his dagger, and, shaking hands with him, begged him to pardon his unkind thoughts, and went down the winding stair again in high good-humour with himself and all the world.
By this time it was coming near to the Feast of Yule, and at that Festival it was the custom for the Earl and his Court to leave Kirkwall for some weeks, and go to the great Palace of Orphir, nine miles distant. And in order to see that everything was ready, Earl Paul took his departure some days before the others.
The evening before he left he chanced to find the Lady Morna sitting alone in one of the deep windows of the great hall. She had been weeping, for she was full of sadness at the thought of his departure; and at the sight of her distress the kind-hearted young Earl could no longer contain himself, but, folding her in his arms, he whispered to her how much he loved her, and begged her to promise to be his wife.


She agreed willingly. Hiding her rosy face on his shoulder, she confessed that she had loved him from the very first day that she had seen him; and ever since that moment she had determined that, if she could not wed him, she would wed no other man.
For a little time they sat together, rejoicing in their new-found happiness. Then Earl Paul sprang to his feet.
""Let us go and tell the good news to my mother and my brother,"" he said. ""Harold may be disappointed at first, for I know, Sweetheart, he would fain have had thee for his own. But his good heart will soon overcome all that, and he will rejoice with us also.""
But the Lady Morna shook her head. She knew, better than her lover, what Earl Harold's feeling would be; and she would fain put off the evil hour.


""Let us hold our peace till after Yule,"" she pleaded. ""It will be a joy to keep our secret to ourselves for a little space; there will be time enough then to let all the world know.""
Rather reluctantly, Earl Paul agreed; and next day he set off for the Palace at Orphir, leaving his lady-love behind him.
Little he guessed the danger he was in! For, all unknown to him, his step-aunt, Countess Fraukirk, had chanced to be in the hall, the evening before, hidden behind a curtain, and she had overheard every word that Morna and he had spoken, and her heart was filled with black rage.
For she was a hard, ambitious woman, and she had always hated the young Earl, who was no blood-relation to her, and who stood in the way of his brother, her own nephew; for, if Paul were only dead, Harold would be the sole Earl of Orkney.
And now that he had stolen the heart of the Lady Morna, whom her own nephew loved, her hate and anger knew no bounds. She had hastened off to her sister's chamber as soon as the lovers had parted; and there the two women had remained talking together till the chilly dawn broke in the sky.


Countess Fraukirk ... hidden behind a curtain ... overheard every word.]
Next day a boat went speeding over the narrow channel of water that separates Pomona (on the mainland) from Hoy. In it sat a woman, but who she was, or what she was like, no one could say, for she was covered from head to foot with a black cloak, and her face was hidden behind a thick, dark veil.
","Snorro the Dwarf, with his furrowed brow and the weight of years visible in his gait, recognized her"
flawed_fictions_long_151,1,1,TRUE,"1. The story describes a Halloween night where the castle's windows are lighted up, and little figures are seen flitting inside, with music playing. 2. The target sentence describes the castle as dark and silent, with windows devoid of life or light. 3. This description contradicts the story's depiction of the castle during Halloween. 4. The target sentence suggests a lack of activity, while the story indicates lively fairy revels.","He set out, driven by a mix of bravery and curiosity, and as he crossed the potato field, the castle loomed ahead, dark and silent, its windows devoid of any sign of life or light.","Every Halloween were the ancient windows lighted up, and passersby saw little figures flitting to and fro inside the building, while they heard the music of flutes and pipes.","Down in Fannet, in times gone by, lived Jamie Freel and his mother. Jamie was the widow's sole support. His strong arm worked for her untiringly, and as each Saturday night came round he poured his wages into her lap, thanking her dutifully for the halfpence which she returned him for tobacco.
He was extolled by his neighbours as the best son ever known or heard of. But he had neighbours of whose opinions he was ignorant. Neighbours who lived pretty close to him, whom he had never seen, who are, indeed, rarely seen by mortals, except on May Eves or Halloweens.
An old ruined castle, about a quarter of a mile from his cabin, was said to be the abode of the ""wee folk."" Every Halloween were the ancient windows lighted up, and passersby saw little figures flitting to and fro inside the building, while they heard the music of flutes and pipes.
It was well known that fairy revels took place. Nobody had the courage to intrude on them.
Jamie had often watched the little figures from a distance, and listened to the charming music, wondering what the inside of the castle was like.
One Halloween he got up, and took his cap, saying to his mother, ""I'm awa to the castle to seek my fortune.""
""What!"" cried she. ""Would you venture there--you that's the widow's only son? Dinna be so venturesome and foolitch, Jamie! They'll kill you, and then what'll come on me?""
""Never fear, mother; no harm'll happen me, but I maun gae.""


","He set out, driven by a mix of bravery and curiosity, and as he crossed the potato field, the castle loomed ahead, dark and silent, its windows devoid of any sign of life or light."
flawed_fictions_long_152,1,1,TRUE,"1. The story describes the old man and his wife as having a happy and peaceful life but with the sorrow of not having a child. They support themselves by cultivating a small plot of land and have a frugal supper of rice and vegetables. 2. The target sentence claims the old man was already comfortable before finding the treasure. 3. The story context suggests they were not wealthy, as they lived frugally and supported themselves through farming. 4. The discovery of the treasure is a significant change in their financial status, implying they were not 'comfortable' before.",Thus in one day the already comfortable old man became even richer.,"Long, long ago there lived an old man and his wife who supported themselves by cultivating a small plot of land. Their life had been a very happy and peaceful one save for one great sorrow. This was they had no child. Their only pet was a dog named Shiro. On him they lavished all the affection of their old age. Indeed, they loved him so much that whenever they had anything nice to eat they denied themselves to give it to Shiro.","Long, long ago there lived an old man and his wife who supported themselves by cultivating a small plot of land. Their life had been a very happy and peaceful one save for one great sorrow. This was they had no child. Their only pet was a dog named Shiro. On him they lavished all the affection of their old age. Indeed, they loved him so much that whenever they had anything nice to eat they denied themselves to give it to Shiro. Now Shiro means ""white,"" and he was so called because of his color. He was a real Japanese dog, and very like a small wolf in appearance.


The happiest hour of the day both for the old man and his dog was when the man returned from his work in the field. Having finished his frugal supper of rice and vegetables, he would take what he had saved from the meal out to the little veranda that ran round the cottage. Sure enough, Shiro was waiting for his master and the evening tit-bit. Then the old man said ""Chin, chin!"" and Shiro sat up and begged, and his master gave him the food. Next door to this good old couple there lived another old man and his wife who were both wicked and cruel. They hated their good neighbors and the dog Shiro with all their might. Whenever Shiro happened to look into their kitchen they at once kicked him or threw something at him, sometimes even wounding him.


One day Shiro was heard barking for a long time in the field at the back of his master's house. The old man, thinking that perhaps some birds were attacking the corn, hurried out to see what was the matter. As soon as Shiro saw his master he ran to meet him, wagging his tail. Seizing the end of his kimono, he dragged him under a large yenoki tree. Here he began to dig very industriously with his paws, yelping with joy all the time. The old man, unable to understand what it all meant, stood looking on in bewilderment. But Shiro went on barking and digging with all his might.


The thought that something might be hidden beneath the tree, and that the dog had scented it, at last struck the old man. He ran back to the house, fetched his spade and began to dig the ground at that spot. What was his astonishment when, after digging for some time, he came upon a heap of old and valuable coins. The deeper he dug the more gold coins did he find. So intent was the old man on his work that he never saw the cross face of his neighbor peering at him through the bamboo hedge. At last all the gold coins lay shining on the ground. Shiro sat by erect with pride and looking fondly at his master as if to say, ""You see, though only a dog, I can make some return for all the kindness you show me.""


The old man ran in to call his wife, and together they carried home the treasure. ",Thus in one day the already comfortable old man became even richer.
flawed_fictions_long_154,1,1,TRUE,"1. The story describes two scholars, Liu Tschen and Yuan Dschau, who marry two maidens in a cave and live there for a long time. 2. Liu Tschen returns home to find his family has grown over seventy years, and he shares magic wine with them. 3. The target sentence suggests Yuan Dschau felt a lingering emptiness and found no family upon returning home. 4. The story does not mention Yuan Dschau's return or his feelings of emptiness. 5. The target sentence implies a different outcome for Yuan Dschau than what is described for Liu Tschen, but the story does not provide details about Yuan Dschau's return or family situation.","As to the other of the two scholars, Yuan Dschau, he felt a lingering emptiness, having never truly connected with the maiden in green. When he came home, he found no family waiting, and the village almost unrecognizable. So, he did not remain long, but returned to the hills, seeking solace in solitude.",The story does not provide any information about Yuan Dschau's return or his feelings. It focuses on Liu Tschen's return and his family reunion. The target sentence introduces new information not supported by the story.,"Once upon a time there were two scholars. One was named Liu Tschen and the other Yuan Dschau. Both were young and handsome. One spring day they went together into the hills of Tian Tai to gather curative herbs. There they came to a little valley where peach-trees blossomed luxuriantly on either side. In the middle of the valley was a cave, where two maidens stood under the blossoming trees, one of them clad in red garments, the other in green. And they were beautiful beyond all telling. They beckoned to the scholars with their hands.


""And have you come?"" they asked. ""We have been waiting for you overlong!""
Then they led them into the cave and served them with tea and wine.
""I have been destined for the lord Liu,"" said the maiden in the red gown; ""and my sister is for the lord Yuan!""


And so they were married. Every day the two scholars gazed at the flowers or played chess so that they forgot the mundane world completely. They only noticed that at times the peach-blossoms on the trees before the cave opened, and at others that they fell from the boughs. And, at times, unexpectedly, they felt cold or warm, and had to change the clothing they were wearing. And they marveled within themselves that it should be so.


Then, one day, they were suddenly overcome by homesickness. Both maidens were already aware of it.
""When our lords have once been seized with homesickness, then we may hold them no longer,"" said they.
On the following day they prepared a farewell banquet, gave the scholars magic wine to take along with them and said:
""We will see one another again. Now go your way!""
And the scholars bade them farewell with tears.


When they reached home the gates and doors had long since vanished, and the people of the village were all strangers to them. They crowded about the scholars and asked who they might be.
""We are Liu Tschen and Yuan Dschau. Only a few days ago we went into the hills to pick herbs!""
With that a servant came hastening up and looked at them. At last he fell at Liu Tschen's feet with great joy and cried: ""Yes, you are really my master! Since you went away, and we had no news of any kind regarding you some seventy years or more have passed.""


Thereupon he drew the scholar Liu through a high gateway, ornamented with bosses and a ring in a lion's mouth, as is the custom in the dwellings of those of high estate.
And when he entered the hall, an old lady with white hair and bent back, leaning on a cane, came forward and asked: ""What man is this?""
""Our master has returned again,"" replied the servant. And then, turning to Liu he added: ""That is the mistress. She is nearly a hundred years old, but fortunately is still strong and in good health.""
Tears of joy and sadness filled the old lady's eyes.


""Since you went away among the immortals, I had thought that we should never see each other again in this life,"" said she. ""What great good fortune that you should have returned after all!""
And before she had ended the whole family, men and women, came streaming up and welcomed him in a great throng outside the hall.
And his wife pointed out this one and that and said: ""That is so and so, and this is so and so!""


At the time the scholar had disappeared there had been only a tiny boy in his home, but a few years old. And he was now an old man of eighty. He had served the empire in a high office, and had already retired to enjoy his old age in the ancestral gardens. There were three grand-children, all celebrated ministers; there were more than ten great-grand-children, of whom five had already passed their examinations for the doctorate; there were some twenty great-great-grand-children, of whom the oldest had just returned home after having passed his induction examinations for the magistracy with honor. And the little ones, who were carried in their parents' arms, were not to be counted.


The grand-children, who were away, busy with their duties, all asked for leave and returned home when they heard that their ancestor had returned. And the girl grand-children, who had married into other families, also came. This filled Liu with joy, and he had a family banquet prepared in the hall, and all his descendants, with their wives and husbands sat about him in a circle. He himself and his wife, a white-haired, wrinkled old lady, sat in their midst at the upper end. The scholar himself still looked like a youth of twenty years, so that all the young people in the circle looked around and laughed.


Then the scholar said: ""I have a means of driving away old age!""
And he drew out his magic wine and gave his wife some of it to drink. And when she had taken three glasses, her white hair gradually turned black again, her wrinkles disappeared, and she sat beside her husband, a handsome young woman. Then his son and the older grand-children came up and all asked for a drink of the wine. And whichever of them drank only so much as a drop of it was turned from an old man into a youth. The tale was bruited abroad and came to the emperor's ears. The emperor wanted to call Liu to his court, but he declined with many thanks. Yet he sent the emperor some of his magic wine as a gift. This pleased the emperor greatly, and he gave Liu a tablet of honor, with the inscription:


""The Common Home of Five Generations""
Besides this he sent him three signs which he had written with his own imperial brush signifying:


""Joy in longevity""


","As to the other of the two scholars, Yuan Dschau, he felt a lingering emptiness, having never truly connected with the maiden in green. When he came home, he found no family waiting, and the village almost unrecognizable. So, he did not remain long, but returned to the hills, seeking solace in solitude."
flawed_fictions_long_155,1,1,TRUE,"1. The story describes a wicked manito, Mudjee Monedo, who challenges young men to deadly races. The widow's son is a potential target for the manito. 2. The target sentence suggests that the manito might send a sign or omen to check on the young man, the widow's son. 3. The story context indicates that the manito personally visits lodges to observe young boys and challenges them directly when they are ready. 4. The manito's method is direct observation and challenge, not sending signs or omens. 5. The target sentence contradicts the established method of the manito's approach.","rumors suggested the manito might soon send a sign or an omen to check on the young man, her son, to see how he prospered.","The Mudjee Monedo had already visited her lodge to observe whether the boy was sufficiently grown to be challenged to the race; and so crafty in his approaches and so soft in his manners was the monedo, that the mother feared that he would yet decoy the son and make way with him as he had done with his father and his seven brothers, in spite of all her struggles to save him.","In a region of country where the forest and the prairie strived which should be the most beautiful-the open plain, with its free sunshine and winds and flowers, or the close wood, with its delicious twilight-walks and enamored haunts-there lived a wicked manito in the disguise of an old Indian.
Although the country furnished an abundance of game, and whatever else a good heart could wish for, it was the study of this wicked genius to destroy such as fell into his hands. He made use of all his arts to decoy men into his power, for the purpose of killing them. The country had been once thickly peopled, but this Mudjee Monedo had so thinned it by his cruel practices, that he now lived almost solitary in the wilderness.
The secret of his success lay in his great speed. He had the power to assume the shape of any four-footed creature, and it was his custom to challenge such as he sought to destroy, to run with him. He had a beaten path on which he ran, leading around a large lake, and he always ran around this circle so that the starting and the winning-post was the same.


Whoever failed as every one had, yielded up his life at this post; and although he ran every day, no man was ever known to beat this evil genius; for whenever he was pressed hard, he changed himself into a fox, wolf, deer, or other swift-footed animal, and was thus able to leave his competitor behind.
The whole country was in dread of this same Mudjee Monedo, and yet the young men were constantly running with him; for if they refused, he called them cowards, which was a reproach they could not bear. They would rather die than be called cowards.
To keep up his sport, the manito made light of these deadly foot-matches, and instead of assuming a braggart air, and going about in a boastful way, with the blood of such as he had overcome, upon his hands, he adopted very pleasing manners, and visited the lodges around the country as any other sweet-tempered and harmless old Indian might.


His secret object in these friendly visits was to learn whether the young boys were getting old enough to run with him; he kept a very sharp eye upon their growth, and the day he thought them ready, he did not fail to challenge them to a trial on his racing-ground.
There was not a family in all that beautiful region which had not in this way been visited and thinned out; and the manito had quite naturally come to be held in abhorrence by all the Indian mothers in the country.
It happened that there lived near him a poor widow woman, whose husband and seven sons he had made way with; and she was now living with an only daughter, and a son of ten or twelve years old.
This widow was very poor and feeble, and she suffered so much for lack of food and other comforts of the lodge, that she would have been glad to die, but for her daughter and her little son. The Mudjee Monedo had already visited her lodge to observe whether the boy was sufficiently grown to be challenged to the race; and so crafty in his approaches and so soft in his manners was the monedo, that the mother feared that he would yet decoy the son and make way with him as he had done with his father and his seven brothers, in spite of all her struggles to save him.


And yet she strove with all her might to strengthen her son in every good course. She taught him, as best she could, what was becoming for the wise hunter and the brave warrior. She remembered and set before him all that she could recall of the skill and the craft of his father and his brothers who were lost.
The widow woman also instructed her daughter in whatever could make her useful as a wife; and in the leisure-time of the lodge, she gave her lessons in the art of working with the quills of porcupine, and bestowed on her such other accomplishments as should make her an ornament and a blessing to her husband's household. The daughter, Minda by name, was kind and obedient to her mother, and never failed in her duty. Their lodge stood high up on the banks of a lake, which gave them a wide prospect of country, embellished with groves and open fields, which waved with the blue light of their long grass, and made, at all hours of sun and moon, a cheerful scene to look upon.



Across this beautiful prairie, Minda had one morning made her way to gather dry limbs for their fire; for she disdained no labor of the lodge. And while enjoying the sweetness of the air and the green beauty of the woods, she strolled far away.


She had come to a bank, painted with flowers of every hue, and was reclining on its fragrant couch, when a bird, of red and deep-blue plumage softly blended, alighted on a branch near by, and began to pour forth its carol. It was a bird of strange character, such as she had never before seen. Its first note was so delicious to the ear of Minda, and it so pierced to her young heart, that she listened as she had never before to any mortal or heavenly sound. It seemed like the human voice, forbidden to speak, and uttering its language through this wild wood-chant with a mournful melody, as if it bewailed the lack of the power or the right to make itself more plainly intelligible. The voice of the bird rose and fell, and circled round and round, but whithersoever floated or spread out its notes, they seemed ever to have their center where Minda sat; and she looked with sad eyes into the sad eyes of the mournful bird, that sat in his red and deep-blue plumage just opposite to the flowery bank. The poor bird strove more and more with his voice, and seemed ever more and more anxiously to address his notes of lament to Minda's ear, till at last she could not refrain from saying, ""What aileth thee, sad bird?""


As if he had but waited to be spoken to, the bird left his branch, and alighting upon the bank, smiled on Minda, and, shaking his shining plumage, answered: ""I am bound in this condition until a maiden shall accept me in marriage. I have wandered these groves and sung to many and many of the Indian girls, but none ever heeded my voice till you. Will you be mine?"" he added, and poured forth a flood of melody which sparkled and spread itself with its sweet murmurs over all the scene, and fairly entranced the young Minda, who sat silent, as if she feared to break the charm by speech. The bird, approaching nearer, asked her, if she loved him, to get her mother's consent to their marriage. ""I shall be free then,"" said the bird, ""and you shall know me as I am."" Minda lingered, and listened to the sweet voice of the bird in its own forest notes, or filling each pause with gentle human discourse; questioning her as to her home, her family, and the little incidents of her daily life. She returned to the lodge later than usual, but she was too timid to speak to her mother of that which the bird had charged her. She returned again and again to the fragrant haunt in the wood; and everyday she listened to the song and the discourse of her bird admirer with more pleasure, and he every day besought her to speak to her mother of the marriage. This she could not, however, muster heart and courage to do.


At last the widow began herself to have a suspicion that her daughter's heart was in the wood, from her long delays in returning, and the little success she had in gathering the fire-branches for which she went in search. In answer to her mother's questions, Minda revealed the truth, and made known her lover's request. The mother, considering the lonely and destitute condition of her little household, gave her consent. The daughter, with light steps, hastened with the news to the wood. The bird lover of course heard it with delight, and fluttered through the air in happy circles, and poured forth a song of joy which thrilled Minda to the heart. He said that he would come to the lodge at sunset, and immediately took wing, while Minda hung fondly upon his flight, till he was lost far away in the blue sky. With the twilight the bird lover, whose name was Monedowa, appeared at the door of the lodge, as a hunter, with a red plume and a mantle of blue upon his shoulders. He addressed the widow as his friend, and she directed him to sit down beside her daughter, and they were regarded as man and wife. Early on the following morning, he asked for the bow and arrows of those who had been slain by the wicked manito, and went out a-hunting. As soon as he had got out of sight of the lodge, he changed himself into the wood-bird, as he had been before his marriage, and took his flight through the air.


Although game was scarce in the neighborhood of the widow's lodge, Monedowa returned at evening, in his character of a hunter, with two deer. This was his daily practice, and the widow's family never more lacked for food. It was noticed, however, that Monedowa himself ate but little, and that of a peculiar kind of meat, flavored with berries, which, with other circumstances, convinced them that he was not as the Indian people around him. In a few days his mother-in-law told him that ","rumors suggested the manito might soon send a sign or an omen to check on the young man, her son, to see how he prospered."
flawed_fictions_long_156,1,1,TRUE,"1. The target sentence mentions 'his father, the King,' which implies the King is alive. 2. In the story, it is mentioned that the King died shortly after marrying the Princess. 3. The target sentence suggests the King rejoiced in their return, but the story context indicates he was not alive to witness it. 4. Therefore, the target sentence contradicts the story context.","Back in the kingdom, his father, the King, rejoiced in their return and the wisdom his son had gained, ensuring the prosperity and happiness of their realm for many years to come.","But after all, they had not been married very long when the King died, and the Queen had nothing left to care for but her little son, who was called Hyacinth.","Once upon a time there lived a king who was deeply in love with a princess, but she could not marry anyone, because she was under an enchantment. So the King set out to seek a fairy, and asked what he could do to win the Princess's love. The Fairy said to him:
""You know that the Princess has a great cat which she is very fond of. Whoever is clever enough to tread on that cat's tail is the man she is destined to marry.""


The King said to himself that this would not be very difficult, and he left the Fairy, determined to grind the cat's tail to powder rather than not tread on it at all.
You may imagine that it was not long before he went to see the Princess, and puss, as usual, marched in before him, arching his back. The King took a long step, and quite thought he had the tail under his foot, but the cat turned round so sharply that he only trod on air. And so it went on for eight days, till the King began to think that this fatal tail must be full of quicksilver-it was never still for a moment.


At last, however, he was lucky enough to come upon puss fast asleep and with his tail conveniently spread out. So the King, without losing a moment, set his foot upon it heavily.
With one terrific yell the cat sprang up and instantly changed into a tall man, who, fixing his angry eyes upon the King, said:
""You shall marry the Princess because you have been able to break the enchantment, but I will have my revenge. You shall have a son, who will never be happy until he finds out that his nose is too long, and if you ever tell anyone what I have just said to you, you shall vanish away instantly, and no one shall ever see you or hear of you again.""
Though the King was horribly afraid of the enchanter, he could not help laughing at this threat.
""If my son has such a long nose as that,"" he said to himself, ""he must always see it or feel it; at least, if he is not blind or without hands.""


But, as the enchanter had vanished, he did not waste any more time in thinking, but went to seek the Princess, who very soon consented to marry him. But after all, they had not been married very long when the King died, and the Queen had nothing left to care for but her little son, who was called Hyacinth. The little Prince had large blue eyes, the prettiest eyes in the world, and a sweet little mouth, but, alas! his nose was so enormous that it covered half his face. The Queen was inconsolable when she saw this great nose, but her ladies assured her that it was not really as large as it looked; that it was a Roman nose, and you had only to open any history to see that every hero has a large nose. The Queen, who was devoted to her baby, was pleased with what they told her, and when she looked at Hyacinth again, his nose certainly did not seem to her quite so large.


The Prince was brought up with great care; and, as soon as he could speak, they told him all sorts of dreadful stories about people who had short noses. No one was allowed to come near him whose nose did not more or less resemble his own, and the courtiers, to get into favor with the Queen, took to pulling their babies' noses several times every day to make them grow long. But, do what they would, they were nothing by comparison with the Prince's.


When he grew sensible he learned history; and whenever any great prince or beautiful princess was spoken of, his teachers took care to tell him that they had long noses.
His room was hung with pictures, all of people with very large noses; and the Prince grew up so convinced that a long nose was a great beauty, that he would not on any account have had his own a single inch shorter!
When his twentieth birthday was passed the Queen thought it was time that he should be married, so she commanded that the portraits of several princesses should be brought for him to see, and among the others was a picture of the Dear Little Princess!


Now, she was the daughter of a great king, and would some day possess several kingdoms herself; but Prince Hyacinth had not a thought to spare for anything of that sort, he was so much struck with her beauty. The Princess, whom he thought quite charming, had, however, a little saucy nose, which, in her face, was the prettiest thing possible, but it was a cause of great embarrassment to the courtiers, who had got into such a habit of laughing at little noses that they sometimes found themselves laughing at hers before they had time to think; but this did not do at all before the Prince, who quite failed to see the joke, and actually banished two of his courtiers who had dared to mention disrespectfully the Dear Little Princess's tiny nose!


The others, taking warning from this, learned to think twice before they spoke, and one even went so far as to tell the Prince that, though it was quite true that no man could be worth anything unless he had a long nose, still, a woman's beauty was a different thing; and he knew a learned man who understood Greek and had read in some old manuscripts that the beautiful Cleopatra herself had a ""tip-tilted"" nose!


The Prince made him a splendid present as a reward for this good news, and at once sent ambassadors to ask the Dear Little Princess in marriage. The King, her father, gave his consent; and Prince Hyacinth, who, in his anxiety to see the Princess, had gone three leagues to meet her was just advancing to kiss her hand when, to the horror of all who stood by, the enchanter appeared as suddenly as a flash of lightning, and, snatching up the Dear Little Princess, whirled her away out of their sight!


The Prince was left quite unconsolable, and declared that nothing should induce him to go back to his kingdom until he had found her again, and refusing to allow any of his courtiers to follow him, he mounted his horse and rode sadly away, letting the animal choose his own path.
So it happened that he came presently to a great plain, across which he rode all day long without seeing a single house, and horse and rider were terribly hungry, when, as the night fell, the Prince caught sight of a light, which seemed to shine from a cavern.
He rode up to it, and saw a little old woman, who appeared to be at least a hundred years old.
She put on her spectacles to look at Prince Hyacinth, but it was quite a long time before she could fix them securely because her nose was so very short.


The Prince and the Fairy (for that was who she was) had no sooner looked at one another than they went into fits of laughter, and cried at the same moment, ""Oh, what a funny nose!""
""Not so funny as your own,"" said Prince Hyacinth to the Fairy; ""but, madam, I beg you to leave the consideration of our noses-such as they are-and to be good enough to give me something to eat, for I am starving, and so is my poor horse.""
""With all my heart,"" said the Fairy. ""Though your nose is so ridiculous you are, nevertheless, the son of my best friend. I loved your father as if he had been my brother. Now he had a very handsome nose, and he often visited me here in this cavern, sharing many a tale and advice.""
""And pray what does mine lack?"" said the Prince.
""Oh! it doesn't lack anything,"" replied the Fairy. ""On the contrary quite, there is only too much of it. But never mind, one may be a very worthy man though his nose is too long. I was telling you that I was your father's friend; he often came to see me in the old times, and you must know that I was very pretty in those days; at least, he used to say so. I should like to tell you of a conversation we had the last time I ever saw him.""
""Indeed,"" said the Prince, ""when I have supped it will give me the greatest pleasure to hear it; but consider, madam, I beg of you, that I have had nothing to eat to-day.""


""The poor boy is right,"" said the Fairy; ""I was forgetting. Come in, then, and I will give you some supper, and while you are eating I can tell you my story in a very few words-for I don't like endless tales myself. Too long a tongue is worse than too long a nose, and I remember when I was young that I was so much admired for not being a great chatterer. They used to tell the Queen, my mother, that it was so. For though you see what I am now, I was the daughter of a great king. My father--""
""Your father, I dare say, got something to eat when he was hungry!"" interrupted the Prince.
""Oh! certainly,"" answered the Fairy, ""and you also shall have supper directly. I only just wanted to tell you--""
""But I really cannot listen to anything until I have had something to eat,"" cried the Prince, who was getting quite angry; but then, remembering that he had better be polite as he much needed the Fairy's help, he added:
""I know that in the pleasure of listening to you I should quite forget my own hunger; but my horse, who cannot hear you, must really be fed!""
The Fairy was very much flattered by this compliment, and said, calling to her servants:
""You shall not wait another minute, you are so polite, and in spite of the enormous size of your nose you are really very agreeable.""


""Plague take the old lady! How she does go on about my nose!"" said the Prince to himself. ""One would almost think that mine had taken all the extra length that hers lacks! If I were not so hungry I would soon have done with this chatterpie who thinks she talks very little! How stupid people are not to see their own faults! That comes of being a princess: she has been spoiled by flatterers, who have made her believe that she is quite a moderate talker!""
Meanwhile the servants were putting the supper on the table, and the prince was much amused to hear the Fairy who asked them a thousand questions simply for the pleasure of hearing herself speak; especially he noticed one maid who, no matter what was being said, always contrived to praise her mistress's wisdom.
""Well!"" he thought, as he ate his supper, ""I'm very glad I came here. This just shows me how sensible I have been in never listening to flatterers. People of that sort praise us to our faces without shame, and hide our faults or change them into virtues. For my part I never will be taken in by them. I know my own defects, I hope.""


Poor Prince Hyacinth! He really believed what he said, and hadn't an idea that the people who had praised his nose were laughing at him, just as the Fairy's maid was laughing at her; for the Prince had seen her laugh slyly when she could do so without the Fairy's noticing her.
However, he said nothing, and presently, when his hunger began to be appeased, the Fairy said:


""My dear Prince, might I beg you to move a little more that way, for your nose casts such a shadow that I really cannot see what I have on my plate. Ah! thanks. Now let us speak of your father. When I went to his Court he was only a little boy, but that is forty years ago, and I have been in this desolate place ever since. Tell me what goes on nowadays; are the ladies as fond of amusement as ever? In my time one saw them at parties, theatres, balls, and promenades every day. Dear me! what a long nose you have! I cannot get used to it!""
""Really, madam,"" said the Prince, ""I wish you would leave off mentioning my nose. It cannot matter to you what it is like. I am quite satisfied with it, and have no wish to have it shorter. One must take what is given one.""
""Now you are angry with me, my poor Hyacinth,"" said the Fairy, ""and I assure you that I didn't mean to vex you; on the contrary, I wished to do you a service. However, though I really cannot help your nose being a shock to me, I will try not to say anything about it. I will even try to think that you have an ordinary nose. To tell the truth, it would make three reasonable ones.""


The Prince, who was no longer hungry, grew so impatient at the Fairy's continual remarks about his nose that at last he threw himself upon his horse and rode hastily away. But wherever he came in his journeyings he thought the people were mad, for they all talked of his nose, and yet he could not bring himself to admit that it was too long, he had been so used all his life to hear it called handsome.


The old Fairy, who wished to make him happy, at last hit upon a plan. She shut the Dear Little Princess up in a palace of crystal, and put this palace down where the Prince would not fail to find it. His joy at seeing the Princess again was extreme, and he set to work with all his might to try to break her prison; but in spite of all his efforts he failed utterly. In despair he thought at least that he would try to get near enough to speak to the Dear Little Princess, who, on her part, stretched out her hand that he might kiss it; but turn which way he might, he never could raise it to his lips, for his long nose always prevented it. For the first time he realized how long it really was, and exclaimed:
""Well, it must be admitted that my nose is too long!""


In an instant the crystal prison flew into a thousand splinters, and the old Fairy, taking the Dear Little Princess by the hand, said to the Prince:
""Now, say if you are not very much obliged to me. Much good it was for me to talk to you about your nose! You would never have found out how extraordinary it was if it hadn't hindered you from doing what you wanted to. You see how self-love keeps us from knowing our own defects of mind and body. Our reason tries in vain to show them to us; we refuse to see them till we find them in the way of our interests.""
Prince Hyacinth, whose nose was now just like anyone's else, did not fail to profit by the lesson he had received. He married the Dear Little Princess, and they lived happily ever after. ","Back in the kingdom, his father, the King, rejoiced in their return and the wisdom his son had gained, ensuring the prosperity and happiness of their realm for many years to come."
flawed_fictions_long_157,1,1,TRUE,"1. Bokwewa is described as deformed and feeble, and he never engages in the chase due to his lack of strength. Instead, he focuses on the affairs of the lodge and storytelling. 2. Kwasynd is the one who is manly, active, and strong, and he is the provider of the lodge, engaging in hunting. 3. The target sentence suggests that 'he' was often out on the hunt and also prepared the lodge for their return. 4. The target sentence implies that Bokwewa, who is not involved in hunting, is the one preparing the lodge, which aligns with his role. However, the sentence also suggests that 'he' is out on the hunt, which contradicts Bokwewa's established character. 5. Therefore, the target sentence contradicts the story context regarding Bokwewa's role.","He was often out on the hunt, but also made sure the lodge was in readiness against his and Kwasynd¡¯s return from the hunt.","Owing to his lack of strength, Bokwewa never engaged in the chase, but gave his attention entirely to the affairs of the lodge.","Bokwewa and his brother lived in a far-off part of the country. By such as had knowledge of them, Bokwewa, the elder, although deformed and feeble of person, was considered a manito, who had assumed the mortal shape; while his younger brother, Kwasynd, manly in appearance, active, and strong, partook of the nature of the present race of beings.
They lived off the path, in a wild, lonesome place, far retired from neighbors, and, undisturbed by cares, they passed their time, content and happy. The days glided by serenely as the river that flowed by their lodge.


Owing to his lack of strength, Bokwewa never engaged in the chase, but gave his attention entirely to the affairs of the lodge. In the long winter evenings he passed the time in telling his brother stories of the giants, spirits, weendigoes, and fairies of the elder age, when they had the exclusive charge of the world. He also at times taught his brother the manner in which game should be pursued, pointed out to him the ways of the different beasts and birds of the chase, and assigned the seasons at which they could be hunted with most success.


For a while the brother was eager to learn, and keenly attended to his duties as the provider of the lodge; but at length he grew weary of their tranquil life, and began to have a desire to show himself among men. He became restive in their retirement, and was seized with a longing to visit remote places.



One day, Kwasynd told his brother that he should leave him; that he wished to visit the habitations of men, and to procure a wife.
Bokwewa objected; but his brother overruled all that he said, and in spite of every remonstrance, he departed on his travels.


He traveled for a long time. At length he fell in with the footsteps of men. They were moving by encampments, for he saw, at several spots, the poles where they had passed. It was winter; and coming to a place where one of their company had died, he found upon a scaffold, lying at length in the cold blue air, the body of a beautiful young woman. ""She shall be my wife!"" exclaimed Kwasynd.
He lifted her up, and bearing her in his arms, he returned to his brother. ""Brother,"" he said, ""can not you restore her to life? Oh, do me that favor!""
He looked upon the beautiful female with a longing gaze; but she lay as cold and silent as when he had found her upon the scaffold.
""I will try,"" said Bokwewa.


These words had been scarcely breathed, when the young woman rose up, opened her eyes, and looked upon Bokwewa with a smile, as if she had known him before.
To Kwasynd she paid no heed whatever; but presently Bokwewa, seeing how she lingered in her gaze upon himself, said to her, ""Sister, that is your husband,"" pointing to Kwasynd.
She listened to his voice, and crossing the lodge, she sat by Kwasynd, and they were man and wife.


For a long time they all lived contentedly together. Bokwewa was very kind to his brother, and sought to render his days happy. ","He was often out on the hunt, but also made sure the lodge was in readiness against his and Kwasynd¡¯s return from the hunt."
flawed_fictions_long_161,1,1,TRUE,"1. The story is set in the country near Yangdschou, where Old Dschang is a gardener. 2. The target sentence mentions Old Dschang working in urban gardens, which implies a city setting. 3. The story does not mention Old Dschang moving to an urban area or changing his place of work. 4. The target sentence contradicts the setting established in the story.",Old Dschang continued his work in the urban gardens,"He lived in the country, near Yangdschou, as a gardener.","Once upon a time there was a man who went by the name of Old Dschang. He lived in the country, near Yangdschou, as a gardener. His neighbor, named Sir We, held an official position in Yangdschou. Sir We had decided that it was time for his daughter to marry, so he sent for a match-maker and commissioned her to find a suitable husband. Old Dschang heard this, and was pleased. He prepared food and drink, entertained the match-maker, and told her to recommend him as a husband. But the old match-maker went off scolding.

The next day he invited her to dinner again and gave her money. Then the old match-maker said: ""You do not know what you wish! Why should a gentleman's beautiful daughter condescend to marry a poor old gardener like yourself? Even though you had money to burn, your white hair would not match her black locks. Such a marriage is out of the question!""


But Old Dschang did not cease to entreat her: ""Make an attempt, just one attempt, to mention me! If they will not listen to you, then I must resign myself to my fate!""

The old match-maker had taken his money, so she could not well refuse, and though she feared being scolded, she mentioned him to Sir We. He grew angry and wanted to throw her out of the house.
""I knew you would not thank me,"" said she, ""but the old man urged it so that I could not refuse to mention his intention.""
""Tell the old man that if this very day he brings me two white jade-stones, and four hundred ounces of yellow gold, then I will give him my daughter's hand in marriage.""

But he only wished to mock the old man's folly, for he knew that the latter could not give him anything of the kind. The match-maker went to Old Dschang and delivered the message. And he made no objection; but at once brought the exact quantity of gold and jewels to Sir We's house. The latter was very much frightened and when his wife heard of it, she began to weep and wail loudly. But the girl encouraged her mother: ""My father has given his word now and cannot break it. I will know how to bear my fate.""
So Sir We's daughter was married to Old Dschang. But even after the wedding ",Old Dschang continued his work in the urban gardens
flawed_fictions_long_164,1,1,TRUE,"1. The story describes Charcoal Nils as a charcoal-burner who lives in the forest and works with a strange woman who helps him with his charcoal burning. 2. The target sentence suggests that after recovering from his illness, Nils worked the little farm by himself until his death. 3. The story mentions that Nils let a farm-hand attend to his little plot of land, indicating he did not work the farm himself. 4. The target sentence contradicts the story's context where Nils is primarily involved in charcoal burning, not farming.","Once recovered, he continued to work the little farm by himself until his death.","He let a farm-hand attend to his little plot of land, and he himself made his home in the forest, where he chopped wood in the summer and burned it to charcoal in the winter.","In the old days there lived on a headland that juts out into the northwestern corner of Lake Rasval, in the neighborhood of the Linde mining-district, a charcoal-burner named Nils, generally known as Charcoal Nils. He let a farm-hand attend to his little plot of land, and he himself made his home in the forest, where he chopped wood in the summer and burned it to charcoal in the winter. Yet no matter how hard he struggled, his work was unblessed with reward, and no one ever spoke of him save as poor Charcoal Nils.

One day, when he was on the opposite shore of the lake, near the gloomy Harsberg, a strange woman came up to him, and asked whether he needed some one to help him with his charcoal burning.

""Yes, indeed,"" said he, ""help would be welcome."" So she began to gather blocks of wood and tree-trunks, more than Charcoal Nils could have dragged together with his horse, and by noon there was enough wood for a new kiln. When evening came, she asked the charcoal-burner whether he were satisfied with the day's work she had done, and if she were to come back the next day.

That suited the charcoal-burner perfectly, and she came back the next day and all the following ones. And when the kiln had been burned out she helped Nils clear it, and never before had he had such a quantity of charcoal, nor charcoal of so fine a quality.

So she became his wife and lived with him in the wood for three years. They had three children, yet this worried Nils but little, seeing that she looked after them, and they gave him no trouble.

But when the fourth year came, she grew more exacting, and insisted on going back to his home with him, and living with him there. Nils wished to hear nothing about this; yet since she was so useful to him in his charcoal-burning, he did not betray his feelings, and said he would think it over.



It happened one Sunday that he went to church--where he had not been for many years, and what he heard there brought up thoughts he had not known since the innocent days of his childhood. He began to wonder whether there were not some hocus-pocus about the charcoal-burning, and whether it were not due to the forest woman, who aided him so willingly.

Preoccupied with this and other thoughts, he forgot while returning to his kiln, that he had promised the strange woman at the very beginning, when she had first helped him, that, whenever he had been home and was returning to the kiln, he would rap three times with his ax against an old pine-tree not far from it. On this occasion, as we have said, he forgot the sign, and as a result he saw something that nearly robbed him of his wits.

As he drew near the kiln, he saw it all aflame, and around it stood the three children and their mother, and they were clearing out the kiln. They were pulling down and putting out so that flames, smoke and ashes whirled sky-high, but instead of the spruce-branches that were generally used to put out the fire, they had bushy tails which they dipped in the snow!

When Charcoal Nils had looked on for a while, he slunk back to the old pine-tree, and made its trunk echo to the sound of his three ax-strokes till one could hear them on the Harsberg. Then he went to the kiln, as though he had seen nothing, and all went on as before. The kiln was glowing with a handsome, even glow, and the tall woman was about and working as usual.

As soon as she saw Charcoal Nils, she came back with her pressing demand that he take her home to his little house, and that they live there.
""Yes, that shall come about,"" said Nils to console her, and turned back home to fetch a horse. But instead he went out on the headline of Kallernas, on the eastern shore of Lake Rasval, where a wise man lived, and asked the latter what he should do.

The old man advised him to go home and hitch his horse to his charcoal-wagon, but to hitch the horse in such wise that there would be not a single loop either in the harness or traces. Then he was to mount the horse and ride back to the kiln without stopping, have the troll-woman and her children get into the wagon, and at once drive out on the ice with them.

The charcoal-burner did as the old man told him, saddled his horse, paying strict attention that there were no loops in saddle or bridle, rode across the ice through the wood to his kiln, and told the troll-woman and her children to get in. Then he quickly turned back through the wood, out on the ice, and there let his horse run as fast as he could. When he reached the middle of the lake, he saw a pack of wolves running along in the direction of Aboda-land, at the northern end of the lake, and heading for the ice. Then he tore the saddle-harness from the traces, so that the wagon with the troll-folk was left standing on the bare ice, and rode as fast as his horse could carry him for the opposite shore. When the trolls saw the wolves they began to scream.

""Turn back, turn back!"" cried the mother. ""And if you will not for my sake, then at least do so for the sake of Vipa (Peewee), your youngest daughter!"" But Charcoal Nils rode for the shore without looking back. Then he heard the troll-woman calling on others for aid.

""Brother in the Harsberg,

 Sister in Stripa,

 Cousin in Ringfels;

 Take the loop and pull!""

""There is no loop to pull!"" came the answer from deep within the Harsberg. ""Then catch him at Harkallarn."" ""He is not riding in that direction."" The reply came from Ringfels.
And indeed Charcoal Nils did not ride in that direction; but over stick and stone straight to his own home. Yet when he reached his own courtyard, the horse fell, and a shot from the trolls tore away a corner of the stable. Nils shortly after fell sick, and had to lie a-bed for a number of weeks. ","Once recovered, he continued to work the little farm by himself until his death."
flawed_fictions_long_166,1,1,TRUE,"1. The story describes a village shop run by Ginger, a yellow tom-cat, and Pickles, a terrier. 2. The rabbits are afraid of Pickles, and the mice are afraid of Ginger. 3. Ginger and Pickles give unlimited credit, which is a key aspect of their business. 4. The target sentence suggests customers feel comfortable around both Ginger and Pickles. 5. This contradicts the story context where rabbits are afraid of Pickles and mice are afraid of Ginger.","The customers come again and again, and buy quantities, feeling comfortable around both Ginger and Pickles.",The rabbits were always a little bit afraid of Pickles. The shop was also patronized by mice--only the mice were rather afraid of Ginger.,"Once upon a time there was a village shop. The name over the window was ""Ginger and Pickles.""
It was a little small shop just the right size for Dolls--Lucinda and Jane Doll-cook always bought their groceries at Ginger and Pickles.
The counter inside was a convenient height for rabbits. Ginger and Pickles sold red spotty pocket-handkerchiefs at a penny three farthings.
They also sold sugar, and snuff and galoshes.


In fact, although it was such a small shop it sold nearly everything--except a few things that you want in a hurry--like bootlaces, hair-pins and mutton chops.
Ginger and Pickles were the people who kept the shop. Ginger was a yellow tom-cat, and Pickles was a terrier.
The rabbits were always a little bit afraid of Pickles.


The shop was also patronized by mice--only the mice were rather afraid of Ginger.
Ginger usually requested Pickles to serve them, because he said it made his mouth water.
""I cannot bear,"" said he, ""to see them going out at the door carrying their little parcels.""


""I have the same feeling about rats,"" replied Pickles, ""but it would never do to eat our own customers; they would leave us and go to Tabitha Twitchit's.""
""On the contrary, they would go nowhere,"" replied Ginger gloomily.
(Tabitha Twitchit kept the only other shop in the village. She did not give credit.)


Ginger and Pickles gave unlimited credit.
Now the meaning of ""credit"" is this--when a customer buys a bar of soap, instead of the customer pulling out a purse and paying for it--she says she will pay another time.
And Pickles makes a low bow and says, ""With pleasure, madam,"" and it is written down in a book.
","The customers come again and again, and buy quantities, feeling comfortable around both Ginger and Pickles."
flawed_fictions_long_168,1,1,TRUE,"1. The story introduces a little page-boy who is well-liked by everyone in the Castle, including the old butler. 2. The target sentence claims the page hardly knew the old butler. 3. This contradicts the earlier part of the story where it is mentioned that the page-boy runs errands for the butler and receives warnings from him. 4. The relationship between the page-boy and the butler is established as familiar and friendly.","making fun of the old butler, whom the page hardly knew.","He was a very good-natured little fellow, and did his duties so willingly and well that everybody liked him, from the great Earl whom he served every day on bended knee, to the fat old butler whose errands he ran. And the old butler was very pleased that he should do so, for he knew that it was good for a healthy little lad to have plenty of fun in the open air. But before the boy went out the old man always gave him one warning.","There was once a little page-boy, who was in service in a stately Castle. He was a very good-natured little fellow, and did his duties so willingly and well that everybody liked him, from the great Earl whom he served every day on bended knee, to the fat old butler whose errands he ran.
Now the Castle stood on the edge of a cliff overlooking the sea, and although the walls at that side were very thick, in them there was a little postern door, which opened on to a narrow flight of steps that led down the face of the cliff to the sea shore, so that anyone who liked could go down there in the pleasant summer mornings and bathe in the shimmering sea.
On the other side of the Castle were gardens and pleasure grounds, opening on to a long stretch of heather-covered moorland, which, at last, met a distant range of hills.

The little page-boy was very fond of going out on this moor when his work was done, for then he could run about as much as he liked, chasing bumble-bees, and catching butterflies, and looking for birds' nests when it was nesting time.
And the old butler was very pleased that he should do so, for he knew that it was good for a healthy little lad to have plenty of fun in the open air. But before the boy went out the old man always gave him one warning.
""Now, mind my words, laddie, and keep far away from the Fairy Knowe, for the Little Folk are not to trust to.""

This Knowe of which he spoke was a little green hillock, which stood on the moor not twenty yards from the garden gate, and folk said that it was the abode of Fairies, who would punish any rash mortal who came too near them. And because of this the country people would walk a good half-mile out of their way, even in broad daylight, rather than run the risk of going too near the Fairy Knowe and bringing down the Little Folks' displeasure upon them. And at night they would hardly cross the moor at all, for everyone knows that Fairies come abroad in the darkness, and the door of their dwelling stands open, so that any luckless mortal who does not take care may find himself inside.
Now, the little page-boy was an adventurous wight, and instead of being frightened of the Fairies, he was very anxious to see them, and to visit their abode, just to find out what it was like.



So one night, when everyone else was asleep, he crept out of the Castle by the little postern door, and stole down the stone steps, and along the sea shore, and up on to the moor, and went straight to the Fairy Knowe. To his delight he found that what everyone said was true. The top of the Knowe was tipped up, and from the opening that was thus made, rays of light came streaming out.
His heart was beating fast with excitement, but, gathering his courage, he stooped down and slipped inside the Knowe.

He found himself in a large room lit by numberless tiny candles, and there, seated round a polished table, were scores of the Tiny Folk, Fairies, and Elves, and Gnomes, dressed in green, and yellow, and pink; blue, and lilac, and scarlet; in all the colours, in fact, that you can think of. He stood in a dark corner watching the busy scene in wonder, thinking how strange it was that there should be such a number of these tiny beings living their own lives all unknown to men, at such a little distance from them, when suddenly someone--he could not tell who it was--gave an order. ""Fetch the Cup,"" cried the owner of the unknown voice, and instantly two little Fairy pages, dressed all in scarlet livery, darted from the table to a tiny cupboard in the rock, and returned staggering under the weight of a most beautiful silver cup, richly embossed and lined inside with gold.

He placed it in the middle of the table, and, amid clapping of hands and shouts of joy, all the Fairies began to drink out of it in turn. And the page could see, from where he stood, that no one poured wine into it, and yet it was always full, and that the wine that was in it was not always the same kind, but that each Fairy, when he grasped its stem, wished for the wine that he loved best, and lo! in a moment the cup was full of it. ""Twould be a fine thing if I could take that cup home with me,"" thought the page. ""No one will believe that I have been here except I have something to show for it."" So he bided his time, and watched.

Presently the Fairies noticed him, and, instead of being angry at his boldness in entering their abode, as he expected that they would be, they seemed very pleased to see him, and invited him to a seat at the table. But by and by they grew rude and insolent, and jeered at him for being content to serve mere mortals, telling him that they saw everything that went on at the Castle, and ","making fun of the old butler, whom the page hardly knew."
flawed_fictions_long_172,1,1,TRUE,"1. The story describes the racing ground of the manito as a beaten path leading around a large lake, with the starting and winning post being the same. 2. The target sentence describes the course as winding through the forest and mentions a starting post as an upright pillar of stone. 3. Compare these descriptions to see if they align or contradict each other.","From this the course could be seen, winding in a long girdle through the forest; and as they were now all assembled, the old manito began to speak of the race, belted himself up and pointed to the post, which was an upright pillar of stone.","He had a beaten path on which he ran, leading around a large lake, and he always ran around this circle so that the starting and the winning-post was the same.","In a region of country where the forest and the prairie strived which should be the most beautiful-the open plain, with its free sunshine and winds and flowers, or the close wood, with its delicious twilight-walks and enamored haunts-there lived a wicked manito in the disguise of an old Indian.
Although the country furnished an abundance of game, and whatever else a good heart could wish for, it was the study of this wicked genius to destroy such as fell into his hands. He made use of all his arts to decoy men into his power, for the purpose of killing them. The country had been once thickly peopled, but this Mudjee Monedo had so thinned it by his cruel practices, that he now lived almost solitary in the wilderness.
The secret of his success lay in his great speed. He had the power to assume the shape of any four-footed creature, and it was his custom to challenge such as he sought to destroy, to run with him. He had a beaten path on which he ran, leading around a large lake, and he always ran around this circle so that the starting and the winning-post was the same.

Whoever failed as every one had, yielded up his life at this post; and although he ran every day, no man was ever known to beat this evil genius; for whenever he was pressed hard, he changed himself into a fox, wolf, deer, or other swift-footed animal, and was thus able to leave his competitor behind.
The whole country was in dread of this same Mudjee Monedo, and yet the young men were constantly running with him; for if they refused, he called them cowards, which was a reproach they could not bear. They would rather die than be called cowards.
To keep up his sport, the manito made light of these deadly foot-matches, and instead of assuming a braggart air, and going about in a boastful way, with the blood of such as he had overcome, upon his hands, he adopted very pleasing manners, and visited the lodges around the country as any other sweet-tempered and harmless old Indian might.

His secret object in these friendly visits was to learn whether the young boys were getting old enough to run with him; he kept a very sharp eye upon their growth, and the day he thought them ready, he did not fail to challenge them to a trial on his racing-ground.
There was not a family in all that beautiful region which had not in this way been visited and thinned out; and the manito had quite naturally come to be held in abhorrence by all the Indian mothers in the country.
It happened that there lived near him a poor widow woman, whose husband and seven sons he had made way with; and she was now living with an only daughter, and a son of ten or twelve years old.
This widow was very poor and feeble, and she suffered so much for lack of food and other comforts of the lodge, that she would have been glad to die, but for her daughter and her little son. The Mudjee Monedo had already visited her lodge to observe whether the boy was sufficiently grown to be challenged to the race; and so crafty in his approaches and so soft in his manners was the monedo, that the mother feared that he would yet decoy the son and make way with him as he had done with his father and his seven brothers, in spite of all her struggles to save him.

And yet she strove with all her might to strengthen her son in every good course. She taught him, as best she could, what was becoming for the wise hunter and the brave warrior. She remembered and set before him all that she could recall of the skill and the craft of his father and his brothers who were lost.
The widow woman also instructed her daughter in whatever could make her useful as a wife; and in the leisure-time of the lodge, she gave her lessons in the art of working with the quills of porcupine, and bestowed on her such other accomplishments as should make her an ornament and a blessing to her husband's household. The daughter, Minda by name, was kind and obedient to her mother, and never failed in her duty. Their lodge stood high up on the banks of a lake, which gave them a wide prospect of country, embellished with groves and open fields, which waved with the blue light of their long grass, and made, at all hours of sun and moon, a cheerful scene to look upon.


Across this beautiful prairie, Minda had one morning made her way to gather dry limbs for their fire; for she disdained no labor of the lodge. And while enjoying the sweetness of the air and the green beauty of the woods, she strolled far away.

She had come to a bank, painted with flowers of every hue, and was reclining on its fragrant couch, when a bird, of red and deep-blue plumage softly blended, alighted on a branch near by, and began to pour forth its carol. It was a bird of strange character, such as she had never before seen. Its first note was so delicious to the ear of Minda, and it so pierced to her young heart, that she listened as she had never before to any mortal or heavenly sound. It seemed like the human voice, forbidden to speak, and uttering its language through this wild wood-chant with a mournful melody, as if it bewailed the lack of the power or the right to make itself more plainly intelligible.
The voice of the bird rose and fell, and circled round and round, but whithersoever floated or spread out its notes, they seemed ever to have their center where Minda sat; and she looked with sad eyes into the sad eyes of the mournful bird, that sat in his red and deep-blue plumage just opposite to the flowery bank.
The poor bird strove more and more with his voice, and seemed ever more and more anxiously to address his notes of lament to Minda's ear, till at last she could not refrain from saying, ""What aileth thee, sad bird?""

As if he had but waited to be spoken to, the bird left his branch, and alighting upon the bank, smiled on Minda, and, shaking his shining plumage, answered:
""I am bound in this condition until a maiden shall accept me in marriage. I have wandered these groves and sung to many and many of the Indian girls, but none ever heeded my voice till you. Will you be mine?"" he added, and poured forth a flood of melody which sparkled and spread itself with its sweet murmurs over all the scene, and fairly entranced the young Minda, who sat silent, as if she feared to break the charm by speech.
The bird, approaching nearer, asked her, if she loved him, to get her mother's consent to their marriage. ""I shall be free then,"" said the bird, ""and you shall know me as I am.""
Minda lingered, and listened to the sweet voice of the bird in its own forest notes, or filling each pause with gentle human discourse; questioning her as to her home, her family, and the little incidents of her daily life.
She returned to the lodge later than usual, but she was too timid to speak to her mother of that which the bird had charged her. She returned again and again to the fragrant haunt in the wood; and everyday she listened to the song and the discourse of her bird admirer with more pleasure, and he every day besought her to speak to her mother of the marriage. This she could not, however, muster heart and courage to do.

At last the widow began herself to have a suspicion that her daughter's heart was in the wood, from her long delays in returning, and the little success she had in gathering the fire-branches for which she went in search.
In answer to her mother's questions, Minda revealed the truth, and made known her lover's request. The mother, considering the lonely and destitute condition of her little household, gave her consent.
The daughter, with light steps, hastened with the news to the wood. The bird lover of course heard it with delight, and fluttered through the air in happy circles, and poured forth a song of joy which thrilled Minda to the heart.
He said that he would come to the lodge at sunset, and immediately took wing, while Minda hung fondly upon his flight, till he was lost far away in the blue sky.
With the twilight the bird lover, whose name was Monedowa, appeared at the door of the lodge, as a hunter, with a red plume and a mantle of blue upon his shoulders.
He addressed the widow as his friend, and she directed him to sit down beside her daughter, and they were regarded as man and wife.
Early on the following morning, he asked for the bow and arrows of those who had been slain by the wicked manito, and went out a-hunting. As soon as he had got out of sight of the lodge, he changed himself into the wood-bird, as he had been before his marriage, and took his flight through the air.

Although game was scarce in the neighborhood of the widow's lodge, Monedowa returned at evening, in his character of a hunter, with two deer. This was his daily practice, and the widow's family never more lacked for food.
It was noticed, however, that Monedowa himself ate but little, and that of a peculiar kind of meat, flavored with berries, which, with other circumstances, convinced them that he was not as the Indian people around him.
In a few days his mother-in-law told him that the manito would come to pay them a visit, to see how the young man, her son, prospered.
Monedowa answered that he should on that day be absent. When the time arrived, he flew upon a tall tree, overlooking the lodge, and took his station there as the wicked manito passed in.
The mudjee monedo cast sharp glances at the scaffolds so well laden with meat, and as soon as he had entered, he said, ""Why, who is it that is furnishing you with meat so plentifully?""
""No one,"" she answered, ""but my son; he is just beginning to kill deer.""
""No, no,"" he retorted; ""some one is living with you.""
""Kaween, no indeed,"" replied the widow; ""you are only making sport of my hapless condition. Who do you think would come and trouble themselves about me?""
""Very well,"" answered the manito, ""I will go; but on such a day I will again visit you, and see who it is that furnishes the meat, and whether it is your son or not.""

He had no sooner left the lodge and got out of sight, than the son-in-law made his appearance with two more deer. On being made acquainted with the conduct of the manito, ""Very well,"" he said, ""I will be at home the next time, to see him.""
Both the mother and the wife urged Monedowa to be aware of the manito. They made known to him all of his cruel courses, and assured him that no man could escape from his power.
""No matter,"" said Monedowa; ""if he invites me to the race-ground, I will not be backward. What follows, may teach him, my mother, to show pity on the vanquished, and not to trample on the widow and those who are without fathers.""
When the day of the visit of the manito arrived, Monedowa told his wife to prepare certain pieces of meat, which he pointed out to her, together with two or three buds of the birch-tree, which he requested her to put in the pot. He directed also that the manito should be hospitably received, as if he had been just the kind-hearted old Indian he professed to be. Monedowa then dressed himself as a warrior, embellishing his visage with tints of red, to show that he was prepared for either war or peace.

As soon as the mudjee monedo arrived, he eyed this strange warrior whom he had never seen before; but he dissembled, as usual, and, with a gentle laugh, said to the widow, ""Did I not tell you that some one was staying with you, for I knew your son was too young to hunt.""
The widow excused herself by saying that she did not think it necessary to tell him, inasmuch as he was a manito, and must have known before he asked.
The manito was very pleasant with Monedowa, and after much other discourse, in a gentle-spoken voice, he invited him to the racing-ground, saying it was a manly amusement, that he would have an excellent chance to meet there with other warriors, and that he should himself be pleased to run with him.
Monedowa would have excused himself, saying that he knew nothing of running.
""Why,"" replied the mudjee monedo, trembling in every limb as he spoke, ""don't you see how old I look, while you are young and full of life. We must at least run a little to amuse others.""
""Be it so, then,"" replied Monedowa. ""I will oblige you. I will go in the morning.""
Pleased with his crafty success, the manito would have now taken his leave, but he was pressed to remain and partake of their hospitality. The meal was immediately prepared. But one dish was used.

Monedowa partook of it first, to show his guest that he need not fear, saying at the same time, ""It is a feast, and as we seldom meet, we must eat all that is placed on the dish, as a mark of gratitude to the Great Spirit for permitting me to kill animals, and for the pleasure of seeing you, and partaking of it with you.""
They ate and talked, on this and that, until they had nearly dispatched the meal, when the manito took up the dish and drank off the broth at a breath. On setting it down he immediately turned his head and commenced coughing with great violence. The old body in which he had disguised himself was well-nigh shaken in pieces, for he had, as Monedowa expected, swallowed a grain of the birch-bud, and this, which relished to himself as being of the bird nature, greatly distressed the old manito, who partook of the character of an animal, or four-footed thing.
He was at last put to such confusion of face by his constant coughing, that he was enforced to leave, saying, or rather hiccoughing as he left the lodge, that he should look for the young man at the racing-ground in the morning.
When the morning came, Monedowa was early astir, oiling his limbs and enameling his breast and arms with red and blue, resembling the plumage in which he had first appeared to Minda. Upon his brow he placed a tuft of feathers of the same shining tints.

By his invitation his wife, Minda, the mother and her young son, attended Monedowa to the manito's racing-ground.
The lodge of the manito stood upon a high ground, and near it stretched out a long row of other lodges, said to be possessed by wicked kindred of his, who shared in the spoils of his cruelty.
As soon as the young hunter and his party approached, the inmates appeared at their lodge-doors and cried out:
""We are visited.""
At this cry, the mudjee monedo came forth and descended with his companions to the starting-post on the plain. ","From this the course could be seen, winding in a long girdle through the forest; and as they were now all assembled, the old manito began to speak of the race, belted himself up and pointed to the post, which was an upright pillar of stone."
flawed_fictions_long_175,1,1,TRUE,"1. Analyze character/plot/setting: Little Boy Blue is a diligent and effective shepherd. The story describes him as watchful and vigilant, and he is well-liked by the sheep and cows. 2. Compare target with context: The target sentence suggests that the sheep and cows were often unresponsive, which contradicts the story's portrayal of Little Boy Blue's success in his role.","Despite his efforts, the sheep and cows were often unresponsive, making his task more arduous and stressful.","Even the sheep and the cows were fond of him, and always obeyed the sound of his horn; therefore the Squire's corn thrived finely, and was never trampled.","There once lived a poor widow who supported herself and her only son by gleaning in the fields the stalks of grain that had been missed by the reapers. Her little cottage was at the foot of a beautiful valley, upon the edge of the river that wound in and out among the green hills; and although poor, she was contented with her lot, for her home was pleasant and her lovely boy was a constant delight to her. He had big blue eyes, and fair golden curls, and he loved his good mother very dearly, and was never more pleased than when she allowed him to help her with her work.

And so the years passed happily away till the boy was eight years old, but then the widow fell sick, and their little store of money melted gradually away.
""I don't know what we shall do for bread,"" she said, kissing her boy with tears in her eyes, ""for I am not yet strong enough to work, and we have no money left.""
 ""But I can work,"" answered the boy; ""and I'm sure if I go to the Squire up at the Hall he will give me something to do.""
At first the widow was reluctant to consent to this, since she loved to keep her child at her side, but finally, as nothing else could be done, she decided to let him go to see the Squire.

Being too proud to allow her son to go to the great house in his ragged clothes, she made him a new suit out of a pretty blue dress she had herself worn in happier times, and when it was finished and the boy dressed in it, he looked as pretty as a prince in a fairy tale. For the bright blue jacket set off his curls to good advantage, and the color just matched the blue of his eyes. His trousers were blue, also, and she took the silver buckles from her own shoes and put them on his, that he might appear the finer. And then she brushed his curls and placed his big straw hat upon them and sent him away with a kiss to see the Squire.

It so happened that the great man was walking in his garden with his daughter Madge that morning, and was feeling in an especially happy mood, so that when he suddenly looked up and saw a little boy before him, he said, kindly,
""Well, my child, what can I do for you?""
""If you please, sir,"" said the boy, bravely, although he was frightened at meeting the Squire face to face, ""I want you to give me some work to do, so that I can earn money.""
""Earn money!"" repeated the Squire, ""why do you wish to earn money?""
""To buy food for my mother, sir. We are very poor, and since she is no longer able to work for me I wish to work for her.""
""But what can you do?"" asked the Squire; ""you are too small to work in the fields.""
""I could earn something, sir, couldn't I?""

His tone was so pleading that mistress Madge was unable to resist it, and even the Squire was touched. The young lady came forward and took the boy's hand in her own, and pressing back his curls, she kissed his fair cheek.
""You shall be our shepherd,"" she said, pleasantly, ""and keep the sheep out of the meadows and the cows from getting into the corn. You know, father,"" she continued, turning to the Squire, ""it was only yesterday you said you must get a boy to tend the sheep, and this little boy can do it nicely.""
""Very well,"" replied the Squire, ""it shall be as you say, and if he is attentive and watchful he will be able to save me a good bit of trouble and so really earn his money.""
Then he turned to the child and said,
""Come to me in the morning, my little man, and I will give you a silver horn to blow, that you may call the sheep and the cows whenever they go astray. What is your name?""

""Oh, never mind his name, papa!"" broke in the Squire's daughter; ""I shall call him Little Boy Blue, since he is dressed in blue from head to foot, and his dress but matches his eyes. And you must give him a good wage, also, for surely no Squire before ever had a prettier shepherd boy than this.""
""Very good,"" said the Squire, cheerfully, as he pinched his daughter's rosy cheek; ""be watchful, Little Boy Blue, and you shall be well paid.""
Then Little Boy Blue thanked them both very sweetly and ran back over the hill and into the valley where his home lay nestled by the river-side, to tell the good news to his mother.

The poor widow wept tears of joy when she heard his story, and smiled when he told her that his name was to be Little Boy Blue. She knew the Squire was a kind master and would be good to her darling son.
Early the next morning Little Boy Blue was at the Hall, and the Squire's steward gave him a new silver horn, that glistened brightly in the sunshine, and a golden cord to fasten it around his neck. And then he was given charge of the sheep and the cows, and told to keep them from straying into the meadowlands and the fields of grain.
It was not hard work, but just suited to Little Boy Blue's age, and he was watchful and vigilant and made a very good shepherd boy indeed. His mother needed food no longer, for the Squire paid her son liberally and the Squire's daughter made a favorite of the small shepherd and loved to hear the call of his silver horn echoing amongst the hills. Even the sheep and the cows were fond of him, and always obeyed the sound of his horn; therefore the Squire's corn thrived finely, and was never trampled.

Little Boy Blue was now very happy, and his mother was proud and contented and began to improve in health. After a few weeks she became strong enough to leave the cottage and walk a little in the fields each day; but she could not go far, because her limbs were too feeble to support her long, so the most she could attempt was to walk as far as the stile to meet Little Boy Blue as he came home from work in the evening. Then she would lean on his shoulder and return to the cottage with him, and the boy was very glad he could thus support his darling mother and assist her faltering steps.
But one day a great misfortune came upon them, since it is true that no life can be so happy but that sorrow will creep in to temper it.



Little Boy Blue came homeward one evening very light of heart and whistled merrily as he walked, for he thought he should find his mother awaiting him at the stile and a good supper spread upon the table in the little cottage. But when he came to the stile his mother was not in sight, and in answer to his call a low moan of pain reached his ears.
Little Boy Blue sprang over the stile and found lying upon the ground his dear mother, her face white and drawn with suffering, and tears of anguish running down her cheeks. For she had slipped upon the stile and fallen, and her leg was broken!

Little Boy Blue ran to the cottage for water and bathed the poor woman's face, and raised her head that she might drink. There were no neighbors, for the cottage stood all alone by the river, so the child was obliged to support his mother in his arms as best he could while she crawled painfully back to the cottage. Fortunately, it was not far, and at last she was safely laid upon her bed. Then Little Boy Blue began to think what he should do next.
""Can I leave you alone while I go for the doctor, mamma?"" he asked, anxiously, as he held her clasped hands tightly in his two little ones. His mother drew him towards her and kissed him.

""Take the boat, dear,"" she said, ""and fetch the doctor from the village. I shall be patient till you return.""
Little Boy Blue rushed away to the river bank and unfastened the little boat; and then he pulled sturdily down the river until he passed the bend and came to the pretty village below. When he had found the doctor and told of his mother's misfortune, the good man promised to attend him at once, and very soon they were seated in the boat and on their way to the cottage.

It was very dark by this time, but Little Boy Blue knew every turn and bend in the river, and the doctor helped him pull at the oars, so that at last they came to the place where a faint light twinkled through the cottage window. They found the poor woman in much pain, but the doctor quickly set and bandaged her leg, and gave her some medicine to ease her suffering. It was nearly midnight when all was finished and the doctor was ready to start back to the village.
""Take good care of your mother,"" he said to the boy, ""and don't worry about her, for it is not a bad break and the leg will mend nicely in time; but she will be in bed many days, and you must nurse her as well as you are able.""

All through the night the boy sat by the bedside, bathing his mother's fevered brow and ministering to her wants. And when the day broke she was resting easily and the pain had left her, and she told Little Boy Blue he must go to his work.
""For,"" said she, ""more than ever now we need the money you earn from the Squire, as my misfortune will add to the expenses of living, and we have the doctor to pay. Do not fear to leave me, for I shall rest quietly and sleep most of the time while you are away.""

Little Boy Blue did not like to leave his mother all alone, but he knew of no one he could ask to stay with her; so he placed food and water by her bedside, and ate a little breakfast himself, and started off to tend his sheep.
The sun was shining brightly, and the birds sang sweetly in the trees, and the crickets chirped just as merrily as if this great trouble had not come to Little Boy Blue to make him sad.
But he went bravely to his work, and for several hours he watched carefully; and the men at work in the fields, and the Squire's daughter, who sat embroidering upon the porch of the great house, heard often the sound of his horn as he called the straying sheep to his side. ","Despite his efforts, the sheep and cows were often unresponsive, making his task more arduous and stressful."
flawed_fictions_long_176,1,1,TRUE,"1. The story describes a lad who is never short of food because he has a table-cloth that provides all he wants to eat and drink. 2. The target sentence suggests the youth accepts an offer to dine because a good meal is hard to come by. 3. This contradicts the story context where the youth has no shortage of food. 4. The target sentence implies scarcity of food, which is not the case according to the story.","I accept the offer to dine,"" said the youth, ""for a good meal is hard to come by.","He never was short of food, for he had a table-cloth on which, as soon as he spread it, he found all he wanted to eat and drink.","Once upon a time there was a lad who was better off than all the others. He was never short of money, for he had a purse which was never empty. He never was short of food, for he had a table-cloth on which, as soon as he spread it, he found all he wanted to eat and drink. And, besides, he had a magic wishing cap. When he put it on he could wish himself wherever he wanted, and there he would be that very moment.
There was only one thing that he lacked: he had no wife, and he was gradually coming into the years when it would be necessary for him to make haste.



As he was walking sadly along one fine day, it occurred to him to wish himself where he would find the most beautiful princess in the world. No sooner had he thought of it than he was there. And it was a land which he had never yet seen, and a city in which he had never yet been. And the king had a daughter, so handsome that he had never yet beheld her like, and he wanted to have her on the spot. But she would have nothing to do with him, and was very haughty.

Finally he despaired altogether, and was so beside himself that he could no longer be where she was not. So he took his magic cap and wished himself into the castle. He wanted to say good-by, so he said. And she laid her hand in his. ""I wish we were far beyond the end of the world!"" said the youth, and there they were. But the king's daughter wept, and begged to be allowed to go home again. She offered him all the gold and silver in the castle in return, and a seat at the royal table to eat his fill. ""I have money enough for myself,"" said the youth, and he shook his purse so that money just rolled about. ""","I accept the offer to dine,"" said the youth, ""for a good meal is hard to come by."
flawed_fictions_long_180,1,1,TRUE,"1. The story is set in a region where the forest and prairie are both present, with a focus on the beauty of both the open plain and the close wood. 2. The lodge of the widow and her children is described as being high up on the banks of a lake, with a wide prospect of country, groves, and open fields. 3. The target sentence describes Minda gathering dry limbs across a harsh prairie. 4. The story does not describe the prairie as harsh; instead, it is depicted as beautiful and part of a cheerful scene. 5. The target sentence's description of the prairie as harsh contradicts the story's depiction of the setting.","Across this harsh prairie, Minda had one morning made her way to gather dry limbs for their fire","Their lodge stood high up on the banks of a lake, which gave them a wide prospect of country, embellished with groves and open fields, which waved with the blue light of their long grass, and made, at all hours of sun and moon, a cheerful scene to look upon.","In a region of country where the forest and the prairie strived which should be the most beautiful-the open plain, with its free sunshine and winds and flowers, or the close wood, with its delicious twilight-walks and enamored haunts-there lived a wicked manito in the disguise of an old Indian.
Although the country furnished an abundance of game, and whatever else a good heart could wish for, it was the study of this wicked genius to destroy such as fell into his hands. He made use of all his arts to decoy men into his power, for the purpose of killing them. The country had been once thickly peopled, but this Mudjee Monedo had so thinned it by his cruel practices, that he now lived almost solitary in the wilderness.
The secret of his success lay in his great speed. He had the power to assume the shape of any four-footed creature, and it was his custom to challenge such as he sought to destroy, to run with him. He had a beaten path on which he ran, leading around a large lake, and he always ran around this circle so that the starting and the winning-post was the same.

Whoever failed as every one had, yielded up his life at this post; and although he ran every day, no man was ever known to beat this evil genius; for whenever he was pressed hard, he changed himself into a fox, wolf, deer, or other swift-footed animal, and was thus able to leave his competitor behind.
The whole country was in dread of this same Mudjee Monedo, and yet the young men were constantly running with him; for if they refused, he called them cowards, which was a reproach they could not bear. They would rather die than be called cowards.
To keep up his sport, the manito made light of these deadly foot-matches, and instead of assuming a braggart air, and going about in a boastful way, with the blood of such as he had overcome, upon his hands, he adopted very pleasing manners, and visited the lodges around the country as any other sweet-tempered and harmless old Indian might.

His secret object in these friendly visits was to learn whether the young boys were getting old enough to run with him; he kept a very sharp eye upon their growth, and the day he thought them ready, he did not fail to challenge them to a trial on his racing-ground.
There was not a family in all that beautiful region which had not in this way been visited and thinned out; and the manito had quite naturally come to be held in abhorrence by all the Indian mothers in the country.
It happened that there lived near him a poor widow woman, whose husband and seven sons he had made way with; and she was now living with an only daughter, and a son of ten or twelve years old.
This widow was very poor and feeble, and she suffered so much for lack of food and other comforts of the lodge, that she would have been glad to die, but for her daughter and her little son. The Mudjee Monedo had already visited her lodge to observe whether the boy was sufficiently grown to be challenged to the race; and so crafty in his approaches and so soft in his manners was the monedo, that the mother feared that he would yet decoy the son and make way with him as he had done with his father and his seven brothers, in spite of all her struggles to save him.

And yet she strove with all her might to strengthen her son in every good course. She taught him, as best she could, what was becoming for the wise hunter and the brave warrior. She remembered and set before him all that she could recall of the skill and the craft of his father and his brothers who were lost.
The widow woman also instructed her daughter in whatever could make her useful as a wife; and in the leisure-time of the lodge, she gave her lessons in the art of working with the quills of porcupine, and bestowed on her such other accomplishments as should make her an ornament and a blessing to her husband's household. The daughter, Minda by name, was kind and obedient to her mother, and never failed in her duty. Their lodge stood high up on the banks of a lake, which gave them a wide prospect of country, embellished with groves and open fields, which waved with the blue light of their long grass, and made, at all hours of sun and moon, a cheerful scene to look upon.


","Across this harsh prairie, Minda had one morning made her way to gather dry limbs for their fire"
flawed_fictions_long_182,1,1,TRUE,"1. The story involves magical bonbons that cause unusual behavior. 2. The senator took a lavender bonbon, which was supposed to make him dance. 3. The target sentence claims the senator continued his speech without interruptions and maintained composure. 4. The context suggests the bonbon would cause unusual behavior, likely contradicting the target sentence.","Then he continued his speech without any unusual interruptions, discussing the political issues of the day with his usual eloquence. The audience listened intently, and there was no hum of amazement or horror as the senator maintained his composure and dignity throughout.","While the mayor was introducing him the great man sat fidgeting in his chair; and, happening to put his thumb and finger into his vest pocket, he found the lavender-colored bonbon he had placed there the evening before. 'This may clear my throat,' thought the senator, and slipped the bonbon into his mouth.","There lived in Boston a wise and ancient chemist by the name of Dr. Daws, who dabbled somewhat in magic. There also lived in Boston a young lady by the name of Claribel Sudds, who was possessed of much money, little wit and an intense desire to go upon the stage.
So Claribel went to Dr. Daws and said:
""I can neither sing nor dance; I cannot recite verse nor play upon the piano; I am no acrobat nor leaper nor high kicker; yet I wish to go upon the stage. What shall I do?""
""Are you willing to pay for such accomplishments?"" asked the wise chemist.
""Certainly,"" answered Claribel, jingling her purse.
""Then come to me to-morrow at two o'clock,"" said he.


All that night he practiced what is known as chemical sorcery; so that when Claribel Sudds came next day at two o'clock he showed her a small box filled with compounds that closely resembled French bonbons.
""This is a progressive age,"" said the old man, ""and I flatter myself your Uncle Daws keeps right along with the procession. Now, one of your old-fashioned sorcerers would have made you some nasty, bitter pills to swallow; but I have consulted your taste and convenience. Here are some magic bonbons. If you eat this one with the lavender color you can dance thereafter as lightly and gracefully as if you had been trained a lifetime. After you consume the pink confection you will sing like a nightingale. Eating the white one will enable you to become the finest elocutionist in the land. The chocolate piece will charm you into playing the piano better than Rubenstein, while after eating you lemon-yellow bonbon you can easily kick six feet above your head.""


""How delightful!"" exclaimed Claribel, who was truly enraptured. ""You are certainly a most clever sorcerer as well as a considerate compounder,"" and she held out her hand for the box.
""Ahem!"" said the wise one; ""a check, please.""
""Oh, yes; to be sure! How stupid of me to forget it,"" she returned.
He considerately retained the box in his own hand while she signed a check for a large amount of money, after which he allowed her to hold the box herself.
""Are you sure you have made them strong enough?"" she inquired, anxiously; ""it usually takes a great deal to affect me.""
""My only fear,"" replied Dr. Daws, ""is that I have made them too strong. For this is the first time I have ever been called upon to prepare these wonderful confections.""
""Don't worry,"" said Claribel; ""the stronger they act the better I shall act myself.""


She went away, after saying this, but stopping in at a dry goods store to shop, she forgot the precious box in her new interest and left it lying on the ribbon counter.
Then little Bessie Bostwick came to the counter to buy a hair ribbon and laid her parcels beside the box. When she went away she gathered up the box with her other bundles and trotted off home with it.
Bessie never knew, until after she had hung her coat in the hall closet and counted up her parcels, that she had one too many. Then she opened it and exclaimed:
""Why, it's a box of candy! Someone must have mislaid it. But it is too small a matter to worry about; there are only a few pieces."" So she dumped the contents of the box into a bonbon dish that stood upon the hall table and picking out the chocolate piece-she was fond of chocolates-ate it daintily while she examined her purchases.


These were not many, for Bessie was only twelve years old and was not yet trusted by her parents to expend much money at the stores. But while she tried on the hair ribbon she suddenly felt a great desire to play upon the piano, and the desire at last became so overpowering that she went into the parlor and opened the instrument.
The little girl had, with infinite pains, contrived to learn two ""pieces"" which she usually executed with a jerky movement of her right hand and a left hand that forgot to keep up and so made dreadful discords. But under the influence of the chocolate bonbon she sat down and ran her fingers lightly over the keys producing such exquisite harmony that she was filled with amazement at her own performance.
That was the prelude, however. The next moment she dashed into Beethoven's seventh sonata and played it magnificently.


Her mother, hearing the unusual burst of melody, came downstairs to see what musical guest had arrived; but when she discovered it was her own little daughter who was playing so divinely she had an attack of palpitation of the heart (to which she was subject) and sat down upon a sofa until it should pass away.
Meanwhile Bessie played one piece after another with untiring energy. She loved music, and now found that all she need do was to sit at the piano and listen and watch her hands twinkle over the keyboard.
Twilight deepened in the room and Bessie's father came home and hung up his hat and overcoat and placed his umbrella in the rack. Then he peeped into the parlor to see who was playing.


""Great Caesar!"" he exclaimed. But the mother came to him softly with her finger on her lips and whispered: ""Don't interrupt her, John. Our child seems to be in a trance. Did you ever hear such superb music?""
""Why, she's an infant prodigy!"" gasped the astounded father. ""Beats Blind Tom all hollow! It's-it's wonderful!""
As they stood listening the senator arrived, having been invited to dine with them that evening. And before he had taken off his coat the Yale professor-a man of deep learning and scholarly attainments-joined the party.


Bessie played on; and the four elders stood in a huddled but silent and amazed group, listening to the music and waiting for the sound of the dinner gong.
Mr. Bostwick, who was hungry, picked up the bonbon dish that lay on the table beside him and ate the pink confection. The professor ate the lemon-yellow piece and the senator reached out his hand and took the lavender piece. He did not eat it, however, for, chancing to remember that it might spoil his dinner, he put it in his vest pocket. Mrs. Bostwick, still intently listening to her precocious daughter, without thinking what she did, took the remaining piece, which was the white one, and slowly devoured it.


The dish was now empty, and Claribel Sudds' precious bonbons had passed from her possession forever!
Suddenly Mr. Bostwick, who was a big man, began to sing in a shrill, tremolo soprano voice. It was not the same song Bessie was playing, and the discord was shocking that the professor smiled, the senator put his hands to his ears and Mrs. Bostwick cried in a horrified voice:
""William!""


Her husband continued to sing as if endeavoring to emulate the famous Christine Nillson, and paid no attention whatever to his wife or his guests.
Fortunately the dinner gong now sounded, and Mrs. Bostwick dragged Bessie from the piano and ushered her guests into the dining-room. Mr. Bostwick followed, singing ""The Last Rose of Summer"" as if it had been an encore demanded by a thousand delighted hearers.
The poor woman was in despair at witnessing her husband's undignified actions and wondered what she might do to control him. The professor seemed more grave than usual; the senator's face wore an offended expression, and Bessie kept moving her fingers as if she still wanted to play the piano.


Mrs. Bostwick managed to get them all seated, although her husband had broken into another aria; and then the maid brought in the soup.
When she carried a plate to the professor, he cried, in an excited voice:
""Hold it higher! Higher-I say!"" And springing up he gave it a sudden kick that sent it nearly to the ceiling, from whence the dish descended to scatter soup over Bessie and the maid and to smash in pieces upon the crown of the professor's bald head.


At this atrocious act the senator rose from his seat with an exclamation of horror and glanced at his hostess.
For some time Mrs. Bostwick had been staring straight ahead, with a dazed expression; but now, catching the senator's eye, she bowed gracefully and began reciting ""The Charge of the Light Brigade"" in forceful tones.
The senator shuddered. Such disgraceful rioting he had never seen nor heard before in a decent private family. He felt that his reputation was at stake, and, being the only sane person, apparently, in the room, there was no one to whom he might appeal.


The maid had run away to cry hysterically in the kitchen; Mr. Bostwick was singing ""O Promise Me;"" the professor was trying to kick the globes off the chandelier; Mrs. Bostwick had switched her recitation to ""The Boy Stood on the Burning Deck,"" and Bessie had stolen into the parlor and was pounding out the overture from the ""Flying Dutchman.""
The senator was not at all sure he would not go crazy himself, presently; so he slipped away from the turmoil, and, catching up his had and coat in the hall, hurried from the house.
That night he sat up late writing a political speech he was to deliver the next afternoon at Faneuil hall, but his experiences at the Bostwicks' had so unnerved him that he could scarcely collect his thoughts, and often he would pause and shake his head pityingly as he remembered the strange things he had seen in that usually respectable home.


The next day he met Mr. Bostwick in the street, but passed him by with a stony glare of oblivion. He felt he really could not afford to know this gentleman in the future. Mr. Bostwick was naturally indignant at the direct snub; yet in his mind lingered a faint memory of some quite unusual occurrences at his dinner party the evening before, and he hardly knew whether he dared resent the senator's treatment or not.
The political meeting was the feature of the day, for the senator's eloquence was well known in Boston. So the big hall was crowded with people, and in one of the front rows sat the Bostwick family, with the learned Yale professor beside them. They all looked tired and pale, as if they had passed a rather dissipated evening, and the senator was rendered so nervous by seeing them that he refused to look in their direction a second time.
While the mayor was introducing him the great man sat fidgeting in his chair; and, happening to put his thumb and finger into his vest pocket, he found the lavender-colored bonbon he had placed there the evening before.


""This may clear my throat,"" thought the senator, and slipped the bonbon into his mouth.
A few minutes afterwards he arose before the vast audience, which greeted him with enthusiastic plaudits.
""My friends,"" began the senator, in a grave voice, ""this is a most impressive and important occasion.""


","Then he continued his speech without any unusual interruptions, discussing the political issues of the day with his usual eloquence. The audience listened intently, and there was no hum of amazement or horror as the senator maintained his composure and dignity throughout."
flawed_fictions_long_187,1,1,TRUE,"1. The story introduces Setanta, a boy passionate about martial life, and his parents, Dectera and a prince whose mind is impaired. 2. Setanta's father is described as having an impaired mind and is confined in a secluded part of the Dun. 3. The target sentence suggests Setanta has his father's support and blessings. 4. Compare this with the story context where the father is not in a position to provide support or blessings due to his mental state and confinement.",with the support and blessings of his father,"Of his father he saw little. His mind had become impaired, and he was confined in a secluded part of the Dun.","Dectera, one of the sisters of Conchubar Mac Nessa, married a prince whose patrimony lay along the shores of the Muirnict, and whose capital was Dun Dalgan. They had one child, a boy, whom they named Setanta.
As soon as Setanta was able to understand the stories and conversation of those around him, he evinced a passion for arms and the martial life, which was so premature and violent as to surprise all who knew him. His thoughts for ever ran on the wars and achievements of the Red Branch. He knew all the knights by name, the appearance and bearing of each, and what deeds of valour they had severally performed. Emain Macha, the capital of the Clanna Rury, was never out of his mind. He saw for ever before his mind its moats and ramparts, its gates and bridges, its streets filled with martial men, its high-raised Duns and Raths, its branching roads, over which came the tributes of wide Ulla to the High King. He had seen his father's tribute driven thither, and had even longed to be one of the four-footed beasts that he beheld wending their way to the wondrous city. But, above all, he delighted to be told of the great school where the young nobles of Ulster were taught martial exercises and the military art, under the superintendence of chosen knights and of the High King himself. Of the several knights he had his own opinion, and had already resolved to accept no one as his instructor save Fergus Mac Roy, tanist of Ulster.


Of his father he saw little. His mind had become impaired, and he was confined in a secluded part of the Dun. But whenever he spoke to Dectera of what was nearest his heart, and his desire to enter the military school at Emain Macha, she laughed, and said that he was not yet old enough to endure that rough life. But secretly she was alarmed, and formed plans to detain him at home altogether. Then Setanta concealed his desire, but enquired narrowly concerning the partings of the roads on the way to Emania.



At last, when he was ten years old, ",with the support and blessings of his father
flawed_fictions_long_188,1,0,FALSE,"1. The story describes a garden where children used to play every afternoon after school. 2. The Giant returns and builds a high wall around the garden, preventing the children from playing there. 3. The target sentence mentions children wandering around the high wall after their weekend lessons. 4. The story context does not specify when the children wander around the wall, only that they used to play there every afternoon. 5. The target sentence does not contradict the story context as it does not specify a time that conflicts with the story's timeline.",,,"Every afternoon, as they were coming from school, the children used to go and play in the Giant's garden.
It was a large lovely garden, with soft green grass. Here and there over the grass stood beautiful flowers like stars, and there were twelve peach-trees that in the spring-time broke out into delicate blossoms of pink and pearl, and in the autumn bore rich fruit. The birds sat on the trees and sang so sweetly that the children used to stop their games in order to listen to them. ""How happy we are here!"" they cried to each other.



One day the Giant came back. He had been to visit his friend the Cornish ogre, and had stayed with him for seven years. After the seven years were over he had said all that he had to say, for his conversation was limited, and he determined to return to his own castle. When he arrived he saw the children playing in the garden.
""What are you doing here?"" he cried in a very gruff voice, and the children ran away.
""My own garden is my own garden,"" said the Giant; ""anyone can understand that, and I will allow nobody to play in it but myself."" So he built a high wall all round it, and put up a notice-board.

He was a very selfish Giant.
The poor children had now nowhere to play. They tried to play on the road, but the road was very dusty and full of hard stones, and they did not like it. ","They used to wander round the high wall when their weekend lessons were over, and talk about the beautiful garden inside."
flawed_fictions_long_193,1,1,TRUE,"1. The story introduces Ivan and Marie as an old couple who are sad because they have no children. 2. They create a snow-child, which magically becomes a real child named Snowflake. 3. The target sentence refers to a 'young couple,' which contradicts the description of Ivan and Marie as 'old people.' 4. The target sentence implies a different age and possibly a different stage of life than what is described in the story.","The young couple hardly knew how to contain their joy, and thought of nothing else.","Once upon a time there lived a peasant called Ivan, and he had a wife whose name was Marie. They would have been quite happy except for one thing: they had no children to play with, and as they were now old people they did not find that watching the children of their neighbours at all made up to them for having one of their own.","Once upon a time there lived a peasant called Ivan, and he had a wife whose name was Marie. They would have been quite happy except for one thing: they had no children to play with, and as they were now old people they did not find that watching the children of their neighbours at all made up to them for having one of their own.
One winter, which nobody living will ever forget, the snow lay so deep that it came up to the knees of even the tallest man. When it had all fallen, and the sun was shining again, the children ran out into the street to play, and the old man and his wife sat at their window and gazed at them. The children first made a sort of little terrace, and stamped it hard and firm, and then they began to make a snow woman. Ivan and Marie watched them, the while thinking about many things.


Suddenly Ivan's face brightened, and, looking at his wife, he said, 'Wife, why shouldn't we make a snow woman too?'
'Why not?' replied Marie, who happened to be in a very good temper; 'it might amuse us a little. But there is no use making a woman. Let us make a little snow child, and pretend it is a living one.'
'Yes, let us do that,' said Ivan, and he took down his cap and went into the garden with his old wife.
Then the two set to work with all their might to make a doll out of the snow. They shaped a little body and two little hands and two little feet. On top of all they placed a ball of snow, out of which the head was to be.
'What in the world are you doing?' asked a passer-by.
'Can't you guess?' returned Ivan.
'Making a snow-child,' replied Marie.


They had finished the nose and the chin. Two holes were left for the eyes, and Ivan carefully shaped out the mouth. No sooner had he done so than he felt a warm breath upon his cheek. He started back in surprise and looked-and behold! the eyes of the child met his, and its lips, which were as red as raspberries, smiled at him!
'What is it?' cried Ivan, crossing himself. 'Am I mad, or is the thing bewitched?'
The snow-child bent its head as if it had been really alive. It moved its little arms and its little legs in the snow that lay about it just as the living children did theirs.
'Ah! Ivan, Ivan,' exclaimed Marie, trembling with joy, 'heaven has sent us a child at last!' And she threw herself upon Snowflake (for that was the snow-child's name) and covered her with kisses. And the loose snow fell away from Snowflake as an egg shell does from an egg, and it was a little girl whom Marie held in her arms.
'Oh! my darling Snowflake!' cried the old woman, and led her into the cottage.


And Snowflake grew fast; each hour as well as each day made a difference, and every day she became more and more beautiful. ","The young couple hardly knew how to contain their joy, and thought of nothing else."
flawed_fictions_long_195,1,1,TRUE,"1. The story describes a poor widow woman who has lost her husband and seven sons to the wicked manito. She is living with her only daughter, Minda, and a young son. 2. The widow is described as very poor and feeble, suffering from a lack of food and other comforts. 3. The target sentence suggests that the widow's household is in a 'secure and prosperous condition,' which contradicts the story's description of her situation. 4. The widow's condition is described as lacking food and comforts, and she is portrayed as struggling to provide for her children.","The mother, considering the secure and prosperous condition of her little household, gave her consent.","This widow was very poor and feeble, and she suffered so much for lack of food and other comforts of the lodge, that she would have been glad to die, but for her daughter and her little son.","In a region of country where the forest and the prairie strived which should be the most beautiful-the open plain, with its free sunshine and winds and flowers, or the close wood, with its delicious twilight-walks and enamored haunts-there lived a wicked manito in the disguise of an old Indian.
Although the country furnished an abundance of game, and whatever else a good heart could wish for, it was the study of this wicked genius to destroy such as fell into his hands. He made use of all his arts to decoy men into his power, for the purpose of killing them. The country had been once thickly peopled, but this Mudjee Monedo had so thinned it by his cruel practices, that he now lived almost solitary in the wilderness.
The secret of his success lay in his great speed. He had the power to assume the shape of any four-footed creature, and it was his custom to challenge such as he sought to destroy, to run with him. He had a beaten path on which he ran, leading around a large lake, and he always ran around this circle so that the starting and the winning-post was the same.

Whoever failed as every one had, yielded up his life at this post; and although he ran every day, no man was ever known to beat this evil genius; for whenever he was pressed hard, he changed himself into a fox, wolf, deer, or other swift-footed animal, and was thus able to leave his competitor behind.
The whole country was in dread of this same Mudjee Monedo, and yet the young men were constantly running with him; for if they refused, he called them cowards, which was a reproach they could not bear. They would rather die than be called cowards.
To keep up his sport, the manito made light of these deadly foot-matches, and instead of assuming a braggart air, and going about in a boastful way, with the blood of such as he had overcome, upon his hands, he adopted very pleasing manners, and visited the lodges around the country as any other sweet-tempered and harmless old Indian might.

His secret object in these friendly visits was to learn whether the young boys were getting old enough to run with him; he kept a very sharp eye upon their growth, and the day he thought them ready, he did not fail to challenge them to a trial on his racing-ground.
There was not a family in all that beautiful region which had not in this way been visited and thinned out; and the manito had quite naturally come to be held in abhorrence by all the Indian mothers in the country.
It happened that there lived near him a poor widow woman, whose husband and seven sons he had made way with; and she was now living with an only daughter, and a son of ten or twelve years old.
This widow was very poor and feeble, and she suffered so much for lack of food and other comforts of the lodge, that she would have been glad to die, but for her daughter and her little son. The Mudjee Monedo had already visited her lodge to observe whether the boy was sufficiently grown to be challenged to the race; and so crafty in his approaches and so soft in his manners was the monedo, that the mother feared that he would yet decoy the son and make way with him as he had done with his father and his seven brothers, in spite of all her struggles to save him.

And yet she strove with all her might to strengthen her son in every good course. She taught him, as best she could, what was becoming for the wise hunter and the brave warrior. She remembered and set before him all that she could recall of the skill and the craft of his father and his brothers who were lost.
The widow woman also instructed her daughter in whatever could make her useful as a wife; and in the leisure-time of the lodge, she gave her lessons in the art of working with the quills of porcupine, and bestowed on her such other accomplishments as should make her an ornament and a blessing to her husband's household. The daughter, Minda by name, was kind and obedient to her mother, and never failed in her duty. Their lodge stood high up on the banks of a lake, which gave them a wide prospect of country, embellished with groves and open fields, which waved with the blue light of their long grass, and made, at all hours of sun and moon, a cheerful scene to look upon.


Across this beautiful prairie, Minda had one morning made her way to gather dry limbs for their fire; for she disdained no labor of the lodge. And while enjoying the sweetness of the air and the green beauty of the woods, she strolled far away.

She had come to a bank, painted with flowers of every hue, and was reclining on its fragrant couch, when a bird, of red and deep-blue plumage softly blended, alighted on a branch near by, and began to pour forth its carol. It was a bird of strange character, such as she had never before seen. Its first note was so delicious to the ear of Minda, and it so pierced to her young heart, that she listened as she had never before to any mortal or heavenly sound. It seemed like the human voice, forbidden to speak, and uttering its language through this wild wood-chant with a mournful melody, as if it bewailed the lack of the power or the right to make itself more plainly intelligible. The voice of the bird rose and fell, and circled round and round, but whithersoever floated or spread out its notes, they seemed ever to have their center where Minda sat; and she looked with sad eyes into the sad eyes of the mournful bird, that sat in his red and deep-blue plumage just opposite to the flowery bank. The poor bird strove more and more with his voice, and seemed ever more and more anxiously to address his notes of lament to Minda's ear, till at last she could not refrain from saying, ""What aileth thee, sad bird?""

As if he had but waited to be spoken to, the bird left his branch, and alighting upon the bank, smiled on Minda, and, shaking his shining plumage, answered: ""I am bound in this condition until a maiden shall accept me in marriage. I have wandered these groves and sung to many and many of the Indian girls, but none ever heeded my voice till you. Will you be mine?"" he added, and poured forth a flood of melody which sparkled and spread itself with its sweet murmurs over all the scene, and fairly entranced the young Minda, who sat silent, as if she feared to break the charm by speech. The bird, approaching nearer, asked her, if she loved him, to get her mother's consent to their marriage. ""I shall be free then,"" said the bird, ""and you shall know me as I am."" Minda lingered, and listened to the sweet voice of the bird in its own forest notes, or filling each pause with gentle human discourse; questioning her as to her home, her family, and the little incidents of her daily life. She returned to the lodge later than usual, but she was too timid to speak to her mother of that which the bird had charged her. She returned again and again to the fragrant haunt in the wood; and everyday she listened to the song and the discourse of her bird admirer with more pleasure, and he every day besought her to speak to her mother of the marriage. This she could not, however, muster heart and courage to do.

At last the widow began herself to have a suspicion that her daughter's heart was in the wood, from her long delays in returning, and the little success she had in gathering the fire-branches for which she went in search. In answer to her mother's questions, Minda revealed the truth, and made known her lover's request. ","The mother, considering the secure and prosperous condition of her little household, gave her consent."
flawed_fictions_cf_negs_0,0,0,TRUE,"1. The story involves Master Francis, who is the son of Master Accorso from Bologna, returning from England and presenting a problem to the municipality of Bologna. 2. The problem involves a father who left his sons, who then became rich, and upon his return, he demanded to be reinstated as their master and father. 3. The story states that according to the law, the father became master of all the sons had earned. 4. Master Francis uses this story to request the commune of Florence to make him master of his scholars' possessions. 5. The target sentence asks the commune of Florence to make him master and father, in accordance with the law. 6. The story context supports the target sentence as it aligns with the legal precedent mentioned in the story.",,,"<p>Master Francis, son of Master Accorso of the city of Bologna, [98] when he returned from England, where he had long sojourned, put this problem to the municipality of Bologna, and said: the father of a family left his town in poverty and abandoned his sons, and went into remote parts.</p><p> After a certain time, he saw some men of his own country. Prompted by love of his children, he questioned them, and they replied: Messer, your children have had great gains, and are grown rich. When he heard this, he decided to depart and returned home. He found his sons rich. He asked them to reinstate him in his possessions as their father and lord. The sons refused, saying: father, we have earned this: it has naught to do with you. So that there came about a law-suit.</p><p>Now, in accordance with the law, the father became master of all the sons had earned. And so I ask of the commune of Florence that the possessions of my sons come under my keeping, that is the possessions of my scholars. For they have become great masters, and have earned much since I left them.</p><p>","May it please the commune of Florence, now that I have returned, to make me once more master and father, in obedience to the law which treats of the father of a family."
flawed_fictions_cf_negs_3,0,1,FALSE,1. The story describes the wife hiding the ten pounds in a rag and placing it up the parlour chimney. 2. The target sentence describes the wife retrieving the ten pounds from an iron box under the floorboards. 3. The two descriptions of where the money is hidden are inconsistent. 4. The target sentence contradicts the story context regarding the location of the ten pounds.,"And away went the wife to the bedroom, she pried up the floorboards, and she retrieved the iron box. She unlocked it and took out the rag with the ten pounds in it.","so she tied it up in a rag, and she put the rag up the parlour chimney.","<p>There was an old soldier who had been long in the wars--so long, that he was quite out-at-elbows, and he did not know where to go to find a living. So he walked up moors, down glens, till at last he came to a farm, from which the good man had gone away to market. The wife of the farmer was a very foolish woman, who had been a widow when he married her; the farmer was foolish enough, too, and it is hard to say which of the two was the more foolish. When you've heard my tale you may decide.</p><p>Now before the farmer goes to market says he to his wife: ¡°Here is ten pounds all in gold, take care of it till I come home.¡± If the man had not been a fool he would never have given the money to his wife to keep. Well, off he went in his cart to market, and the wife said to herself: ¡°I will keep the ten pounds quite safe from thieves;¡± so she tied it up in a rag, and she put the rag up the parlour chimney.</p><p>¡°There,¡± said she, ¡°no thieves will ever find it now, that is quite sure.¡±</p><p>Jack Hannaford, the old soldier, came and rapped at the door.</p><p>¡°Who is there?¡± asked the wife.</p><p>¡°Jack Hannaford.¡±</p><p>¡°Where do you come from?¡±</p><p>¡°Paradise.¡±</p><p>¡°Lord a' mercy! and maybe you've seen my old man there,¡± alluding to her former husband.</p><p>¡°Yes, I have.¡±</p><p>¡°And how was he a-doing?¡± asked the goody.</p><p>¡°But middling; he cobbles old shoes, and he has nothing but cabbage for victuals.¡±</p><p>¡°Deary me!¡± exclaimed the woman. ¡°Didn't he send a message to me?¡±</p><p>¡°Yes, he did,¡± replied Jack Hannaford. ¡°He said that he was out of leather, and his pockets were empty, so you were to send him a few shillings to buy a fresh stock of leather.¡±</p><p>¡°He shall have them, bless his poor soul!¡± ","And away went the wife to the bedroom, she pried up the floorboards, and she retrieved the iron box. She unlocked it and took out the rag with the ten pounds in it,"
flawed_fictions_cf_negs_4,0,1,FALSE,"1. The story describes Prince Llewelyn going to a hunt and calling for his greyhound, Gellert, who does not come. 2. The target sentence describes Llewelyn returning from a meeting and seeing Gellert at the gate. 3. The story context is about a hunt, not a meeting, and Gellert did not come when called. 4. The target sentence suggests Gellert was at the castle, contradicting the story where Gellert did not respond to the call.","He returned from the meeting in a troubled mood to his castle, and as he came to the gate, who should he see but Gellert come bounding out to meet him.","All his other dogs came to the call but Gellert never answered it. So he blew a louder blast on his horn and called Gellert by name, but still the greyhound did not come.","<p>Prince Llewelyn had a favourite greyhound named Gellert that had been given to him by his father-in-law, King John. He was as gentle as a lamb at home but a lion in the chase. One day Llewelyn went to the chase and blew his horn in front of his castle. All his other dogs came to the call but Gellert never answered it. So he blew a louder blast on his horn and called Gellert by name, but still the greyhound did not come. At last Prince Llewelyn could wait no longer and went off to the hunt without Gellert. He had little sport that day because Gellert was not there, the swiftest and boldest of his hounds.</p><p>","He returned from the meeting in a troubled mood to his castle, and as he came to the gate, who should he see but Gellert come bounding out to meet him."
flawed_fictions_cf_negs_6,0,1,FALSE,"1. The story describes the river Alpheus as a stream that flows through Arcadia, disappearing and reappearing at various points. 2. The story mentions that years ago, there was no river Alpheus, and the area was covered with grass and reeds. 3. The target sentence suggests a steady, flowing river, which contradicts the earlier description of the area before the river existed. 4. The target sentence implies the presence of a river during the time of Alpheus the huntsman, which is inconsistent with the story's timeline.","alongside the steady, flowing river","Years ago there was no river Alpheus; the channel through which it flows had not then been hollowed out, and rank grass and tall bending reeds grew thick where now its waters sparkle brightest.","<p>In Arcadia there is a little mountain stream called Alpheus.  It flows through woods and meadows and among the hills for many miles, and then it sinks beneath the rocks.  Farther down the valley it rises again, and dancing and sparkling, as if in happy chase of something, it hurries onward towards the plain; but soon it hides itself a second time in underground caverns, making its way through rocky tunnels where the light of day has never been.  Then at last it gushes once more from its prison chambers; and, flowing thence with many windings through the fields of Elis, it empties its waters into the sea.</p><p>Years ago there was no river Alpheus; the channel through which it flows had not then been hollowed out, and rank grass and tall bending reeds grew thick where now its waters sparkle brightest.  It was then that a huntsman, bearing the name of Alpheus, ranged through the woods, and chased the wild deer among the glades and glens of sweet Arcadia. Far away by the lonely sea dwelt his fair young wife, and his lovely babe Orsilochus; but dearer than home or wife or babe to Alpheus, was the free life of the huntsman among the mountain solitudes.  For he loved the woods and the blue sky and the singing birds, and the frail flowers upon the hillside; and he longed to live among them always, where his ears could listen to their music, and his eyes look upon their beauty.</p><p>""O Artemis, huntress queen!"" he cried, ""I ask but one boon of thee. Let me ramble forever among these happy scenes!""</p><p>Artemis heard him, and answered his prayer. For, as he spoke, a bright vision passed before him. A sweet-faced maiden went tripping down the valley, culling the choicest flowers, and singing of hope and joy and the blessedness of a life pure and true. It was Arethusa, the Arcadian nymph, by some supposed to be a daughter of old Nereus, the elder of the sea.</p><p>Then Alpheus heard no more the songs of the birds, or the music of the breeze; he saw no longer the blue sky above him, or the nodding flowers at his feet: he was blind and deaf to all the world, save only the beautiful nymph. Arethusa was the world to him.</p><p>He reached out his arms to catch her; but, swifter than a frightened deer, she fled down the valley, through deep ravines and grassy glades and ","alongside the steady, flowing river"
flawed_fictions_cf_negs_8,0,1,FALSE,"1. The story describes the arrival of the White man and how he gradually takes more land from the Red Children.
2. The Red Children initially give a small seat, but the White man expands this into a large tract of land.
3. The White man continues to take more land, including the Indians' lodges, camp fire, and hunting grounds.
4. The story does not mention any adaptation or negotiation by the Red Children to preserve their lands.
5. The target sentence suggests that some Red Children adapted and negotiated terms to preserve their lands, which is not supported by the story context.","However, the pace of these changes allowed some of the Red Children to adapt and negotiate terms that preserved portions of their lands.",Soon the White man asked for another seat. This time his seat took in the Indians' lodges and camp fire. He asked the Indians if they would move on a few arrow flights. This they did. Then the White man wanted another seat. Each time it took a larger skin for him to sit upon. This time the skin stretched so far that it covered a part of the Indians' hunting and fishing grounds. Again the Indians moved on.,"<p>Long, long before Columbus came to America, the Red Children were here. They were the first and only real Americans.</p><p>From the Big Sea Water on the east to the Big Sea Water on the west, ranged these Children of the Sun, as they called themselves.</p><p>Happy and free as the sunlight and air about them, they ran through wide forests all their own, or plied their bark canoes up and down the streams.</p><p>Then the Indian had a dream. This was long before Columbus dreamed his dream of the Western World.</p><p>In his dream the Indian saw a great White Bird coming out of the east. Its wings were stretched wide to the north and south. With great strength and speed, it swept toward the setting sun.</p><p>In fear and wonder the Indian watched this giant White Bird appear and disappear. He knew its meaning, and the Indian's heart was sad.</p><p>Then the White man came. From the Big Sea Water on the east he came, in his great white-winged canoe. With one hand pointing to the Great Spirit, and with the other extended to the Red man he came. He asked for a small seat. A seat the size of a buffalo skin would be quite large enough for him, he said.</p><p>In the name of the Great Spirit, the Red Children greeted the White man, and called him ""brother."" They gave him the seat he asked. They gave him a large buffalo skin also, and showed him where he could spread it by their council fire.</p><p>The White man took the buffalo skin. He thanked his Red brother in the name of the Great Spirit. Then he began to cut the skin into many, many small strips.</p><p></p><p>When the whole buffalo skin had been cut into narrow strips, he tied the strips together. They made a long cord that would reach over a long trail.</p><p>In amazement the Indians watched the White man while he measured off a seat as long and as broad as this cord would reach around. The ""small seat,"" the size of a buffalo skin, became a tract of land.</p><p>Soon the White man asked for another seat. This time his seat took in the Indians' lodges and camp fire. He asked the Indians if they would move on a few arrow flights. This they did.</p><p>Then the White man wanted another seat. Each time it took a larger skin for him to sit upon. This time the skin stretched so far that it covered a part of the Indians' hunting and fishing grounds.</p><p>Again the Indians moved on. ","However, the pace of these changes allowed some of the Red Children to adapt and negotiate terms that preserved portions of their lands."
flawed_fictions_cf_negs_9,0,1,FALSE,"1. The merchant is in a hurry to reach home before night, as stated in the story. 2. The merchant decides not to fix the missing nail in the horse's shoe because he only has six miles to go and is in a hurry. 3. The target sentence mentions the merchant taking time to enjoy a hearty meal and stopping at an inn, which contradicts his urgency to reach home. 4. The target sentence implies a leisurely stop, which is inconsistent with the merchant's stated intention to hurry home.","In the afternoon, after taking some time to enjoy a hearty meal, he got down at an inn and had his horse fed.","Then he set out at once on his journey home, for he wished to be in his own house before night. 'Let it be wanting,' answered the merchant; 'the shoe will stay on for the six miles I have still to go. I am in a hurry.'","<p>A merchant had done good business at the fair; he had sold his wares, and filled his bag with gold and silver. Then he set out at once on his journey home, for he wished to be in his own house before night.</p><p>At noon he rested in a town. When he wanted to go on, the stable-boy brought his horse, saying:</p><p>¡°A nail is wanting, sir, in the shoe of his left hind foot.¡±</p><p>¡°Let it be wanting,¡± answered the merchant; ¡°the shoe will stay on for the six miles I have still to go. I am in a hurry.¡±</p><p>","In the afternoon, after taking some time to enjoy a hearty meal, he got down at an inn and had his horse fed."
flawed_fictions_cf_negs_10,0,1,FALSE,"1. The story involves a Brahmin, his wife, their daughter, and a dog who is actually a Rajah. 2. The Brahmin and his wife are the parents of the daughter. 3. The target sentence mentions a 'farmer' wanting to visit his daughter. 4. The story does not mention a farmer; it mentions a Brahmin. 5. The target sentence contradicts the story context as it introduces a new character, 'the farmer,' who is not part of the original story.",Some time after this the farmer expressed a wish to go and visit his daughter.,"A daughter was once born to a Brahmin and his wife, and from the day of its birth a dog came daily and laid down in the house.","<p>A daughter was once born to a Brahmin and his wife, and from the day of its birth a dog came daily and laid down in the house.</p><p>This made the mother say, in jest, when the child would not cease crying: ""Stop, or I shall give you to the dog.""</p><p>And the Brahmin added: ""I will give her to the dog when she is grown up.""</p><p>When the girl grew up, he said to the dog one day, in a fit of temper: ""Here, take my daughter, and do as you wish with her.""</p><p>The mother now regretted her jest, which had suggested this idea to her husband, and said: ""Here, my child, take this handful of seeds, and, as you go, strew them along the road, so that I may know where to find you.""</p><p>As the girl went along she scattered the seeds, and at last she arrived at a field in which was a small baoli, or well. Here she sat down, and told the dog she was thirsty.</p><p>""Go and drink from the well,"" said the dog.</p><p>As she approached the dog followed her, and they saw a ladder leading to the bottom of the well, so that they climbed down and came to a fine house with lovely gardens and flowers, and servants ready to receive them. These belonged to the dog, who was in reality a Rajah, and only assumed the shape of a dog when he left the well.</p><p>",Some time after this the farmer expressed a wish to go and visit his daughter.
flawed_fictions_cf_negs_14,0,1,FALSE,"1. The story introduces a poor widow's daughter who is described as good and gentle, and loved by everyone who knows her. 2. The child helps an old woman in the forest, showing her kindness and willingness to help others. 3. The target sentence suggests that others might think differently about the child's character, which contradicts the story's description of her being loved by everyone. 4. The contradiction lies in the perception of the child's character by others.","Child,¡± said the old woman, ¡°you have a good heart, despite what others might think, and you deserve to be rewarded.","There was once a poor widow who had only one daughter, a child who was so good and gentle that everyone who knew her, loved her.","<p>There was once a poor widow who had only one daughter, a child who was so good and gentle that everyone who knew her, loved her.</p><p>One day the child went into the forest to gather firewood, and she was very sad because there was nothing left in the house to eat, and because she and her mother were so often obliged to go hungry.</p><p>She had already gathered a bundle of sticks, and was about to go home, when she saw a poor old woman who had also come to the forest for wood. The woman was so bent and stiff that it was pitiful to see her. The child felt sorry for her and wished to help her.</p><p>¡°Good mother,¡± said she, ¡°let me gather the wood for you; it must be hard for you to stoop.¡±</p><p>She put down her own load, and gathered for the old woman as much as she was able to carry. ¡°I would take it home for you,¡± said the little girl, ¡°but my mother is waiting for me, and I must make haste, for I am already late.¡±</p><p>¡°","Child,¡± said the old woman, ¡°you have a good heart, despite what others might think, and you deserve to be rewarded."
flawed_fictions_cf_negs_17,0,1,FALSE,"1. Analyze character/plot/setting: The story involves six fairies visiting Ogier the Dane as a baby, each giving him a gift. The sixth fairy is Morgan le Fay, the Queen of Avalon. 2. Compare target with context: The target sentence describes Morgan le Fay singing a lullaby in tones more musical than earlier discord. However, the story context describes the music as 'the sweetest music that mortals ever listened to' and 'bewitching sounds'. There is no mention of discord in the music. 3. The target sentence suggests there was earlier discord, which contradicts the description of the music in the story.","And, in tones more musical than the earlier discord, she sang a sweet lullaby, a song of fairyland and of the island vale of Avalon, where the souls of heroes dwell.","When Ogier the Dane was but a babe in his mother's arms, there was heard one day, in his father's castle, the sweetest music that mortals ever listened to. Nobody knew whence the bewitching sounds came; for they seemed to be now here, now there: yet every one was charmed with the delightful melody, and declared that only angels could make music so heavenly.","<p>When Ogier the Dane was but a babe in his mother's arms, there was heard one day, in his father's castle, the sweetest music that mortals ever listened to. Nobody knew whence the bewitching sounds came; for they seemed to be now here, now there: yet every one was charmed with the delightful melody, and declared that only angels could make music so heavenly. </p><p>Then suddenly there came into the chamber where Ogier lay six fairies, whose beauty was so wonderful and awful, that none but a babe might gaze upon them without fear. And each of the lovely creatures bore in her hands a garland of the rarest flowers, and rich gifts of gold and gems.  And the first fairy took the child in her arms, and kissed him, and said,--</p><p>""Better than kingly crown, or lands, or rich heritage, fair babe, I give thee a brave, strong heart.  Be fearless as the eagle, and bold as the lion; be the bravest knight among men.""</p><p>Then the second fairy took the child, and dandled him fondly on her knees, and looked long and lovingly into his clear gray eyes.</p><p>""What is genius without opportunity?"" said she.  ""What is a brave heart without the ability to do brave deeds?  I give to thee many an opportunity for manly action.""</p><p>The third fairy laid the dimpled hands of the babe in her own white palm, and stroked softly his golden hair.</p><p>""Strong-hearted boy, for whom so many noble deeds are waiting, I, too, will give thee a boon.  My gift is skill and strength such as shall never fail thee in fight, nor allow thee to be beaten by a foe. Success to thee, fair Ogier!""</p><p>The fourth fairy touched tenderly the mouth and the eyes and the noble brow of the babe.</p><p>""Be fair of speech,"" said she, ""be noble in action, be courteous, be kind: these are the gifts I bring thee.  For what will a strong heart, or a bold undertaking, or success in every enterprise, avail, unless one has the respect and the love of one's fellow-men?""</p><p>Then the fifth fairy came forward, and clasped Ogier in her arms, and held him a long time quietly, without speaking a word.  At last she said,--</p><p>""The gifts which my sisters have given thee will scarcely bring thee happiness; for, while they add to thy honor, they may make thee dangerous to others.  They may lead thee into the practice of selfishness and base acts of tyranny.  That man is little to be envied who loves not his fellow-men.  The boon, therefore, that I bring thee is the power and the will to esteem others as frail mortals equally deserving with thyself.""</p><p>And then the sixth fairy, the youngest and the most beautiful of all, who was none other than Morgan le Fay, the Queen of Avalon, caught up the child, and danced about the room in rapturous joy.  ","And, in tones more musical than the earlier discord, she sang a sweet lullaby, a song of fairyland and of the island vale of Avalon, where the souls of heroes dwell."
flawed_fictions_cf_negs_18,0,1,FALSE,"1. Analyze character/plot/setting: The story involves a bean, a straw, and a coal that have fallen to the ground from a dish and a fire. They decide to escape together to avoid being destroyed. 2. Compare target with context: The target sentence mentions the characters sliding off a table to the ground, but the story context indicates they were already on the ground beside each other after falling from the dish and fire. Therefore, the target sentence contradicts the story context.","First, they carefully slid off the table to the ground, making their way towards the brook.","When she was emptying the beans into the pan, one dropped without her observing it, and lay on the ground beside a straw, and soon afterwards a burning coal from the fire leapt down to the two.","<p>In a village dwelt a poor old woman, who had gathered together a dish of beans and wanted to cook them. So she made a fire on her hearth, and that it might burn the quicker, she lighted it with a handful of straw. When she was emptying the beans into the pan, one dropped without her observing it, and lay on the ground beside a straw, and soon afterwards a burning coal from the fire leapt down to the two. Then the straw began and said: ¡®Dear friends, from whence do you come here?¡¯ The coal replied: ¡®I fortunately sprang out of the fire, and if I had not escaped by sheer force, my death would have been certain,--I should have been burnt to ashes.¡¯ The bean said: ¡®I too have escaped with a whole skin, but if the old woman had got me into the pan, I should have been made into broth without any mercy, like my comrades.¡¯ ¡®And would a better fate have fallen to my lot?¡¯ said the straw. ¡®The old woman has destroyed all my brethren in fire and smoke; she seized sixty of them at once, and took their lives. I luckily slipped through her fingers.¡¯</p><p>¡®But what are we to do now?¡¯ said the coal.</p><p>¡®I think,¡¯ answered the bean, ¡®that as we have so fortunately escaped death, we should keep together like good companions, and lest a new mischance should overtake us here, we should go away together, and repair to a foreign country.¡¯</p><p>The proposition pleased the two others, and they set out on their way together. ","First, they carefully slid off the table to the ground, making their way towards the brook."
flawed_fictions_cf_negs_19,0,1,FALSE,"1. The story describes Orrin Brower as escaping from a jail and entering a forest. The setting is a dark night with no moon or stars visible, and Brower is unfamiliar with the area, leading to him getting lost. 2. The target sentence describes Brower emerging from the darkness of an old barn into an old road, which implies he was inside a barn before reaching the road. 3. The story context does not mention Brower entering a barn; it only mentions him entering a forest. 4. The target sentence suggests a transition from a barn to a road, which is not supported by the story context of being lost in a forest.","Suddenly he emerged from the darkness of an old barn into an old road, and there before him saw, indistinctly, the figure of a man, motionless in the gloom.","As soon as he was out of the town he had the folly to enter a forest; this was many years ago, when that region was wilder than it is now.","<p>HAVING murdered his brother-in-law, Orrin Brower of Kentucky was a fugitive from justice.  From the county jail where he had been confined to await his trial he had escaped by knocking down his jailer with an iron bar, robbing him of his keys and, opening the outer door, walking out into the night.  The jailer being unarmed, Brower got no weapon with which to defend his recovered liberty. As soon as he was out of the town he had the folly to enter a forest; this was many years ago, when that region was wilder than it is now.</p><p>The night was pretty dark, with neither moon nor stars visible, and as Brower had never dwelt thereabout, and knew nothing of the lay of the land, he was, naturally, not long in losing himself. He could not have said if he were getting farther away from the town or going back to it?a most important matter to Orrin Brower.  He knew that in either case a posse of citizens with a pack of bloodhounds would soon be on his track and his chance of escape was very slender; but he did not wish to assist in his own pursuit.  Even an added hour of freedom was worth having.</p><p>","Suddenly he emerged from the darkness of an old barn into an old road, and there before him saw, indistinctly, the figure of a man, motionless in the gloom."
flawed_fictions_cf_negs_23,0,1,FALSE,"1. The story is set in a natural environment with a bamboo house and trees, not an urban setting. 2. The target sentence mentions an urban skyline, which contradicts the setting described in the story. 3. The story describes a bamboo house beside a bamboo tree, indicating a rural or natural setting. 4. The target sentence also mentions snow, which is not referenced in the story. 5. The story's setting is more aligned with a traditional, natural Japanese environment, not an urban one.","The moonlight shone upon her, bathing her in silvery light, beneath the urban skyline, with snow","She bore it to a little bamboo house beside a bamboo tree, and there it received a loving welcome.","<p>Once an angel bore to earth the soul of a child. She bore it to a little bamboo house beside a bamboo tree, and there it received a loving welcome. Many friends gathered around to greet the little newcomer as soon as they saw the kite[6] fly up from before the house. Dear little kimonos were given the baby. One was of the finest silk and embroidered with the crane and the pine; for these mean long life in Japan.</p><p>The angel loved the little child she had brought, and she tarried long at the window of the little bamboo house among the trees and flowers. She felt glad that she had brought the little one to such a happy home.</p><p>She had left her robe in the trees; for it had caught there in her flight, and she had not waited to remove it. A fisherman passing by, saw the beautiful, floating silk and, loosening it, he said, ¡°This is a very pretty thing. I have never seen anything like it before. I shall take it to my sweetheart.¡±</p><p>The angel heard him as she floated through the air, and she cried, ¡°I pray you, sir, give me back my robe! I may not return to heaven without it!¡±</p><p>¡°Do not return, fair one,¡± he replied, dazzled by her radiant beauty. ¡°Stay here upon the earth and delight us all with your grace.¡±</p><p>¡°Not so, not so,¡± she cried in fear. ¡°Know you not that an angel may not stay long on earth and live! Her beauty fades, her soul grows sick within her, and soon she is no more. Give me my robe and let me return, for I pine for the pearly gates and the golden streets.¡±</p><p>¡°I will return it if you will dance for me,¡± said the fisherman; and the angel consented.</p><p>¡°First give me my robe that my dance may be more perfect,¡± she said.</p><p>¡°No, no, my beauty,¡± he answered, ¡°for then you will fly away and I shall never see you dance.¡±</p><p>¡°Fie upon you, base mortal! Deceit was born of man; the heavens know it not!¡± she said in displeasure.</p><p>Then the fisherman was much ashamed and gave her the robe; and she danced for him a dance of wonderful grace and beauty, such as mortal had never dreamed of before. He wished to gaze forever at the lovely, floating being. ","The moonlight shone upon her, bathing her in silvery light, beneath the urban skyline, with snow"
flawed_fictions_cf_negs_28,0,1,FALSE,"1. The story describes a situation where a player at the court is favored by the lord, and another player speaks ill of him. The favored player beats the other, who then complains to the lord. 2. The lord's reaction is described as making a jest of the matter, indicating he did not take the situation seriously. 3. The target sentence claims the lord initially handled the situation seriously, which contradicts the story's description of the lord making a jest. 4. The target sentence also suggests the lord eventually found the first player's presence intolerable, which is not supported by the story.","Despite the lord's initial serious handling of the situation, the atmosphere at the court grew tense, and the lord eventually decided that the disruptive presence of the first player could no longer be tolerated.",The lord made a jest of the matter.,"<p>There was a lord who had a player at his court, and this player adored his lord as though he were his god.</p><p>Another player of the court, seeing this, spoke ill of him and said: who is this man whom you call your god? He is nobody. And the first, being bold for the favour he enjoyed of his lord, beat the other fellow unmercifully. This man, being unable to defend himself, went to complain to the lord and related the whole event.</p><p>The lord made a jest of the matter.</p><p>The beaten jongleur went away, and hid himself among people of mean rank, for he feared to remain among better folk for the shame that had come to him.</p><p>","Despite the lord's initial serious handling of the situation, the atmosphere at the court grew tense, and the lord eventually decided that the disruptive presence of the first player could no longer be tolerated."
flawed_fictions_cf_negs_29,0,1,FALSE,"1. The story describes the bad old woman in black as running down the street of the ox-butchers. 2. The target sentence describes her as walking slowly down the street of the ox-butchers. 3. The action of running is different from walking slowly, indicating a contradiction in the manner of movement.",The bad old woman in black walked slowly down the street of the oxbutchers.,The bad old woman in black ran down the street of the ox-butchers.,"<p>The bad old woman in black ran down the street of the ox-butchers.</p><p>Windows at once were opened high up in those crazy gables; heads were thrust out: it was she. Then there arose the counsel of anxious voices, calling sideways from window to window or across to opposite houses. Why was she there with her sequins and bugles and old black gown? Why had she left her dreaded house? On what fell errand she hasted?</p><p>They watched her lean, lithe figure, and the wind in that old black dress, and soon she was gone from the cobbled street and under the town's high gateway. She turned at once to her right and was hid from the view of the houses. Then they all ran down to their doors, and small groups formed on the pavement; there they took counsel together, the eldest speaking first. Of what they had seen they said nothing, for there was no doubt it was she; it was of the future they spoke, and the future only.</p><p>In what notorious thing would her errand end? What gains had tempted her out from her fearful home? What brilliant but sinful scheme had her genius planned? Above all, what future evil did this portend? Thus at first it was only questions. </p><p>And then the old grey-beards spoke, each one to a little group; they had seen her out before, had known her when she was younger, and had noted the evil things that had followed her goings: the small groups listened well to their low and earnest voices. No one asked questions now or guessed at her infamous errand, but listened only to the wise old men who knew the things that had been, and who told the younger men of the dooms that had come before.</p><p>Nobody knew how many times she had left her dreaded house; but the oldest recounted all the times that they knew, and the way she had gone each time, and the doom that had followed her going; and two could remember the earthquake that there was in the street of the shearers.</p><p>So were there many tales of the times that were, told on the pavement near the old green doors by the edge of the cobbled street, and the experience that the aged men had bought with their white hairs might be had cheap by the young. But from all their experience only this was clear, that never twice in their lives had she done the same infamous thing, and that the same calamity twice had never followed her goings. Therefore it seemed that means were doubtful and few for finding out what thing was about to befall; and an ominous feeling of gloom came down on the street of the ox-butchers. And in the gloom grew fears of the very worst. This comfort they only had when they put their fear into words--that the doom that followed her goings had never yet been anticipated. One feared that with magic she meant to move the moon; and he would have dammed the high tide on the neighbouring coast, knowing that as the moon attracted the sea the sea must attract the moon, and hoping by his device to humble her spells. Another would have fetched iron bars and clamped them across the street, remembering the earthquake there was in the street of the shearers. Another would have honoured his household gods, the little cat-faced idols seated above his hearth, gods to whom magic was no unusual thing, and, having paid their fees and honoured them well, would have put the whole case before them. His scheme found favour with many, and yet at last was rejected, for others ran indoors and brought out their gods, too, to be honoured, till there was a herd of gods all seated there on the pavement; yet would they have honoured them and put their case before them but that a fat man ran up last of all, carefully holding under a reverent arm his own two hound-faced gods, though he knew well--as, indeed, all men must--that they were notoriously at war with the little cat-faced idols. And although the animosities natural to faith had all been lulled by the crisis, yet a look of anger had come into the cat-like faces that no one dared disregard, and all perceived that if they stayed a moment longer there would be flaming around them the jealousy of the gods; so each man hastily took his idols home, leaving the fat man insisting that his hound-faced gods should be honoured.</p><p>Then there were schemes again and voices raised in debate, and many new dangers feared and new plans made.</p><p>But in the end they made no defence against danger, for they knew not what it would be, but wrote upon parchment as a warning, and in order that all might know: """,The bad old woman in black walked slowly down the street of the oxbutchers.
flawed_fictions_cf_negs_31,0,1,FALSE,"1. The story is set in the village of Eisen, where there is a shortage of men due to the war.
2. There are 281 girls and only 28 available men for marriage.
3. Gretchen proposes that each man take ten wives to address the imbalance.
4. The target sentence states 'Quickly the thirty men accepted.'
5. The story context specifies there are only 28 available men.
6. The target sentence contradicts the story context by stating there are 30 men.",Quickly the thirty men accepted.,That left just twenty-eight men available for husbands--twenty-eight to two hundred and eighty-one girls.,"<p>By William Johnston</p><p> ""And Solomon had seven hundred wives,"" read Pastor Brandt.</p><p>Gretchen Edeler sat up to listen. A new idea had come to her. A distressing state of affairs existed in the village of Eisen. There had gone to the war from the village over three hundred men. From the war there had returned fifty-one--only fifty-one--and there in Eisen were two hundred and eighty-one girls wanting husbands.</p><p>Of the fifty-one returned soldiers twenty had wives and families already. Two had married during the war, married the nurses they had had in the hospital. Hilda Sachs, the rich widow, had captured one. That left just twenty-eight men available for husbands--twenty-eight to two hundred and eighty-one girls.</p><p>Yet no marriages occurred. The men wished to marry as much as the girls, but how could a man decide with so many to pick from? Thus stood matters that Sunday morning.</p><p>After the service Gretchen waited to speak to Pastor Brandt.</p><p>""Everything in the Bible,"" she asked anxiously, ""is it always right?""</p><p>""Ja,"" the herr pastor affirmed, ""the Bible always gives right.""</p><p>""About everything?""</p><p>""Ja, about everything.""</p><p>""The Bible says that Jacob had two wives and that Solomon had seven hundred wives. Is it right for men to have many wives?""</p><p>""It was right in Bible days,"" affirmed the pastor guardedly. ""In those times many wives were needed to populate the land.""</p><p>""Many wives are needed now to populate the land,"" asserted Gretchen. ""Why should not each man in Eisen take now ten wives?""</p><p>""It is against the law,"" declared the pastor.</p><p>""It is not against Bible law.""</p><p>The pastor pondered ten minutes.</p><p>""Nein,"" he answered, ""it is not against Bible law.""</p><p>""It would be for the good of the Fatherland.""</p><p>The pastor pondered twenty minutes.</p><p>""Ja,"" he decided, ""it would be for the good of the Fatherland.""</p><p>""We will do it,"" announced Gretchen. ""Ten of us will take one husband. </p><p>Better a tenth of a husband than never any husband. Will you marry us?""</p><p>The pastor pondered thirty minutes.</p><p>""Ja,"" he said at length, ""for the good of the Fatherland.""</p><p>Quickly Gretchen spread her news. Quickly the girls accepted the Gretchen plan. ",Quickly the thirty men accepted.
flawed_fictions_cf_negs_33,0,1,FALSE,"1. The story describes a series of battles between King Arthur and Sir Mordred, with the final confrontation occurring near the shore of the great western sea. 2. The story mentions that many of Mordred's followers deserted him and joined King Arthur, suggesting a decrease in Mordred's forces. 3. The target sentence suggests that the clash was more fierce and chaotic due to reinforced numbers. 4. However, the story context indicates that Mordred's forces were diminished due to desertion, not reinforced. 5. Therefore, the target sentence contradicts the story context.","With reinforced numbers, the clash was even more fierce and chaotic","Now, by this time, many that Mordred had cheated by his lying reports, had drawn unto King Arthur, to whom at heart they had ever been loyal, knowing him for a true and noble king and hating themselves for having been deceived by such a false usurper as Sir Mordred. Then when he found that he was being deserted, Sir Mordred withdrew to the far West, for there men knew less of what had happened, and so he might still find some to believe in him and support him;","<p>The day after the battle at Dover, King Arthur and his host pursued Sir Mordred to Barham Down where again there was a great battle fought, with much slaughter on both sides; but, in the end, Arthur was victorious, and Mordred fled to Canterbury.</p><p>Now, by this time, many that Mordred had cheated by his lying reports, had drawn unto King Arthur, to whom at heart they had ever been loyal, knowing him for a true and noble king and hating themselves for having been deceived by such a false usurper as Sir Mordred. Then when he found that he was being deserted, Sir Mordred withdrew to the far West, for there men knew less of what had happened, and so he might still find some to believe in him and support him; and being without conscience, he even called to his aid the heathen hosts that his uncle, King Arthur, had driven from the land, in the good years when Launcelot was of the Round Table.</p><p>King Arthur followed ever after; for in his heart was bitter anger against the false nephew who had wrought woe upon him and all his realm. At the last, when Mordred could flee no further, the two hosts were drawn up near the shore of the great western sea; and it was the Feast of the Holy Trinity.</p><p>That night, as King Arthur slept, he thought that Sir Gawain stood before him, looking just as he did in life, and said to him: ""My uncle and my King, God in his great love has suffered me to come unto you, to warn you that in no wise ye fight on the morrow; for if ye do, ye shall be slain, and with you the most part of the people on both sides. Make ye, therefore, treaty for a month, and within that time, Sir Launcelot shall come to you with all his knights, and ye shall overthrow the traitor and all that hold with him."" Therewith, Sir Gawain vanished. Immediately, the King awoke and called to him the best and wisest of his knights, the two brethren, Sir Lucan the Butler and Sir Bedivere, and others, to whom he told his dream. Then all were agreed that, on any terms whatsoever, a treaty should be made with Sir Mordred, even as Sir Gawain had said; and, with the dawn, messengers went to the camp of the enemy, to call Sir Mordred to a conference. So it was determined that the meeting should take place in the sight of both armies, in an open space between the two camps, and that King Arthur and Mordred should each be accompanied by fourteen knights. Little enough faith had either in the other, so when they set forth to the meeting, they bade their hosts join battle if ever they saw a sword drawn. Thus they went to the conference.</p><p>Now as they talked, it befell that an adder, coming out of a bush hard by, stung a knight in the foot; and he, seeing the snake, drew his sword to kill it and thought no harm thereby. But on the instant that the sword flashed, the trumpets blared on both sides and the two hosts rushed to battle. ","With reinforced numbers, the clash was even more fierce and chaotic"
flawed_fictions_cf_negs_34,0,1,FALSE,"1. The story describes Alpheus as a huntsman who loved the woods and the free life, and he had a wife and a child named Orsilochus. 2. The target sentence claims Alpheus had no child, which contradicts the story. 3. The story explicitly mentions 'his lovely babe Orsilochus,' indicating Alpheus did have a child. 4. Therefore, the target sentence is incorrect as it contradicts the story's context.","But there was no mention of a forgotten child growing to prominence, as Alpheus had none.","Far away by the lonely sea dwelt his fair young wife, and his lovely babe Orsilochus;","<p>In Arcadia there is a little mountain stream called Alpheus.  It flows through woods and meadows and among the hills for many miles, and then it sinks beneath the rocks.  Farther down the valley it rises again, and dancing and sparkling, as if in happy chase of something, it hurries onward towards the plain; but soon it hides itself a second time in underground caverns, making its way through rocky tunnels where the light of day has never been.  Then at last it gushes once more from its prison chambers; and, flowing thence with many windings through the fields of Elis, it empties its waters into the sea.</p><p>Years ago there was no river Alpheus; the channel through which it flows had not then been hollowed out, and rank grass and tall bending reeds grew thick where now its waters sparkle brightest.  It was then that a huntsman, bearing the name of Alpheus, ranged through the woods, and chased the wild deer among the glades and glens of sweet Arcadia. Far away by the lonely sea dwelt his fair young wife, and his lovely babe Orsilochus; but dearer than home or wife or babe to Alpheus, was the free life of the huntsman among the mountain solitudes. For he loved the woods and the blue sky and the singing birds, and the frail flowers upon the hillside; and he longed to live among them always, where his ears could listen to their music, and his eyes look upon their beauty.</p><p>""O Artemis, huntress queen!"" he cried, ""I ask but one boon of thee. Let me ramble forever among these happy scenes!""</p><p>Artemis heard him, and answered his prayer. For, as he spoke, a bright vision passed before him. A sweet-faced maiden went tripping down the valley, culling the choicest flowers, and singing of hope and joy and the blessedness of a life pure and true. It was Arethusa, the Arcadian nymph, by some supposed to be a daughter of old Nereus, the elder of the sea.</p><p>Then Alpheus heard no more the songs of the birds, or the music of the breeze; he saw no longer the blue sky above him, or the nodding flowers at his feet: he was blind and deaf to all the world, save only the beautiful nymph. Arethusa was the world to him.</p><p>He reached out his arms to catch her; but, swifter than a frightened deer, she fled down the valley, through deep ravines and grassy glades and rocky caverns underneath the hills, and out into the grassy meadows, and across the plains of Elis, to the sounding sea. And Alpheus followed, forgetful of everything but the fleeing vision. When, at length, he reached the sea, he looked back; and, lo! he was no longer a huntsman, but a river doomed to meander forever among the scenes, for love of which he had forgotten his wife, and the duties of life. It was thus that Artemis answered his prayer.</p><p>And men say that Arethusa, the nymph, was afterwards changed into a fountain; and that to this day, in the far-off island of Ortygia, that fountain gushes from the rocks in an unfailing, crystal stream. ","But there was no mention of a forgotten child growing to prominence, as Alpheus had none. His legacy remained in the form of the river that continued to flow through the lands he once loved."
flawed_fictions_cf_negs_38,0,1,FALSE,"1. The story describes a scene where the fox is chasing the coon and ends up lying down on soft pine needles to rest. 2. The target sentence describes the fox resting uncomfortably on rocks, which contradicts the story's description of the fox lying on soft pine needles. 3. The target sentence also mentions the fox's eyes being weary from constant vigilance, while the story indicates the fox is tired and sleepy, suggesting he is not maintaining vigilance.","resting uncomfortably on the rocks, his eyes weary from the constant vigilance.",The fox lay down on the soft pine needles and waited for the coon to come down. The coon stayed up in the pine tree so long that the fox grew tired and sleepy.,"<p>It was some moons after the coon outwitted the fox, before they again met. The coon was hurrying by, when the fox saw him.</p><p>Now the fox had not forgotten the trick the coon had played on him. His head was still sore from that great thump against the apple tree. So the fox started after the coon. He was gaining, and would have caught him, had they not come to a tall pine tree.</p><p>The coon ran to the very tiptop of the pine tree. There he was safe, for the fox could not climb.</p><p>The fox lay down on the soft pine needles and waited for the coon to come down. The coon stayed up in the pine tree so long that the fox grew tired and sleepy. He closed his eyes and thought he would take a short nap.</p><p>The coon watched, until he saw that the fox was ","resting uncomfortably on the rocks, his eyes weary from the constant vigilance."
flawed_fictions_cf_negs_40,0,1,FALSE,"1. The story describes a little Morning-glory that grows on a vine and wishes to see more of the world. 2. The big mother vine speaks to the little Morning-glory, advising it not to follow the breeze. 3. The target sentence claims the vine never spoke to the Morning-glory. 4. This contradicts the story where the vine clearly communicates with the Morning-glory.","sought adventure away from the vine that never spoke to it,","The big mother vine knew what was in the heart of her little Glory, so she whispered soft words of love to it and told the little flower that it must never follow the breeze, for he was a wanderer and might take it far from its home, where it would be very unhappy and perhaps die out in the cold world.","<p>Once upon a time there was a very little Morning-glory that grew on the end of a high vine, and one day when the wind was blowing a brisk breeze passed by the little Morning-glory, making it wish it, too, could go along and see more of the world.</p><p>The big mother vine knew what was in the heart of her little Glory, so she whispered soft words of love to it and told the little flower that it must never follow the breeze, for he was a wanderer and might take it far from its home, where it would be very unhappy and perhaps die out in the cold world.  But the silly little Morning-glory still wanted to leave the big vine, and the next time the breeze came along it pushed up its head and the breeze took it off the big vine and bore it along with it far, far away.</p><p>But by and by the wind grew tired of carrying the little Glory, so it dropped it, and when the Morning-glory looked around it found it was in the midst of big tall trees and rocks and briers.</p><p>Vainly it tried to crawl along to a tree where it could twine itself around and climb, but it was too small, and then the rain came and made it cold and wet, and even the fickle wind did not come to it again.</p><p>Then the cold days came and the poor little Glory grew faded and had to crawl under the dead leaves for protection.</p><p>When the summer came again up came the little Glory, but it was a sad little flower.  Now it longed to climb, but it was too small to do anything but lie on the ground.</p><p>After a while it grew near to a bush and put its weak little vine around it, hoping to get off the ground.</p><p>""What do you mean by trying to cling to me?"" said the bush.  ""I have all I can do to take care of myself.""</p><p>So the poor little Morning-glory dropped back to the ground.  By and by it grew long enough to reach a tree and slowly it climbed up the big trunk until it came to the branches.</p><p>""Now I shall be able to see the world,"" it thought.  ""This tree is big and will shelter me, and I can climb to the very top.""</p><p>As soon as the big tree saw what was happening it told the little Morning-glory it would not have it climbing about its branches, because it would spoil its leaves.</p><p>""What are you doing in our woods?"" asked the tree.  ""You should be growing in a garden, on an arbor or up the side of some little house. How came you here?""</p><p>The poor little Glory had to tell how it ","sought adventure away from the vine that never spoke to it,"
flawed_fictions_cf_negs_41,0,1,FALSE,"1. The story describes General Schuyler's actions to secure his house against an attack. 2. The general gives orders for the doors and windows to be barred, indicating they should be secured. 3. The target sentence claims the Indian band easily pushed open unsecured doors, which contradicts the earlier action of barring the doors. 4. The contradiction lies in the fact that the doors were supposed to be barred, not unsecured.",The Indian band had easily pushed open the unsecured doors and flooded into the house.,"Schuyler gathered his family in one of the upper rooms of his house, and giving orders that the doors and windows should be barred, fired a pistol from a top-story window, to alarm the neighborhood.","<p>In the year 1781 the war was chiefly carried on in the South, but the North was constantly troubled by bands of Tories and Indians, who would swoop down on small settlements and make off with whatever they could lay their hands on.</p><p>During this time General Schuyler was staying at his house, which stood just outside the stockade or walls of Albany. The British commander sent out a party of Tories and Indians to capture the general.</p><p>When they reached the outskirts of the city they learned from a Dutch laborer that the general's house was guarded by six soldiers, three watching by night and three by day. They let the Dutchman go, and as soon as the band was out of sight he hastened to Albany and warned the general of their approach.</p><p>Schuyler gathered his family in one of the upper rooms of his house, and giving orders that the doors and windows should be barred, fired a pistol from a top-story window, to alarm the neighborhood.</p><p>The soldiers on guard, who had been lounging in the shade of a tree, started to their feet at the sound of the pistol; but, alas! too late, for they found themselves surrounded by a crowd of dusky forms, who bound them hand and foot, before they had time to resist.</p><p>In the room upstairs was the sturdy general, standing resolutely at the door, with gun in hand, while his black slaves were gathered about him, each with a weapon. At the other end of the room the women were huddled together, some weeping and some praying.</p><p>Suddenly a deafening crash was heard. ",The Indian band had easily pushed open the unsecured doors and flooded into the house.
flawed_fictions_cf_negs_43,0,1,FALSE,"1. The story describes a jackal who is pleased with praise and becomes puffed up with his own importance. 2. The guana insults the jackal by saying his throne is made of bones and cow dung, and that he sits like a jackal. 3. The target sentence suggests that the jackal's mood did not change and that he was discontent with the farce. 4. This contradicts the story where the jackal is initially pleased with the praise and does not show discontent. 5. The target sentence implies a change in mood that is not supported by the story.","This did not change the jackal's mood; rather, it confirmed his growing discontent with the farce he had created.","This praise pleased the jackal, and he was puffed up with his own importance.","<p>A jackal once made itself a throne of bones near the river-side, and levied toll on all the animals that came there to drink water, making each say in turn these words:</p><p>    ""Golden is your throne,     Silver is its plaster,     In your ears are golden earrings,     And you sit like a Rajah.""</p><p> This praise pleased the jackal, and he was puffed up with his own importance.</p><p>One day a guana, or iguana, a very large lizard, called by the natives ""Go,"" came to the river, but when the jackal asked it to repeat the words, it said: ""Let me drink first, for I am dying of thirst;"" so he let it drink, and when it had finished, it said:</p><p>   ""Bones are your throne,     With cow dung are they plastered,     In your ears are shoes,     And you sit like a jackal.""</p><p>","This did not change the jackal's mood; rather, it confirmed his growing discontent with the farce he had created."
flawed_fictions_cf_negs_44,0,1,FALSE,"1. The story describes Orrin Brower as a fugitive who has escaped from jail after committing murder. He is aware that a posse with bloodhounds will soon be on his track, indicating a high level of desperation to avoid capture. 2. The target sentence suggests that Brower's steps are 'unburdened by the weight of desperation for freedom,' which implies a lack of urgency or concern about his situation. 3. This sentiment contradicts the earlier context where Brower is described as having a 'very slender' chance of escape and valuing even an 'added hour of freedom.' 4. The story also mentions Brower's fear of being 'filled with buckshot' if he tries to retreat, further indicating his desperation to avoid capture.",his steps unburdened by the weight of desperation for freedom.,He knew that in either case a posse of citizens with a pack of bloodhounds would soon be on his track and his chance of escape was very slender; but he did not wish to assist in his own pursuit. Even an added hour of freedom was worth having.,"<p>HAVING murdered his brother-in-law, Orrin Brower of Kentucky was a fugitive from justice.  From the county jail where he had been confined to await his trial he had escaped by knocking down his jailer with an iron bar, robbing him of his keys and, opening the outer door, walking out into the night.  The jailer being unarmed, Brower got no weapon with which to defend his recovered liberty.  As soon as he was out of the town he had the folly to enter a forest; this was many years ago, when that region was wilder than it is now.</p><p>The night was pretty dark, with neither moon nor stars visible, and as Brower had never dwelt thereabout, and knew nothing of the lay of the land, he was, naturally, not long in losing himself.  He knew that in either case a posse of citizens with a pack of bloodhounds would soon be on his track and his chance of escape was very slender; but he did not wish to assist in his own pursuit.  Even an added hour of freedom was worth having.</p><p>Suddenly he emerged from the forest into an old road, and there before him saw, indistinctly, the figure of a man, motionless in the gloom.  It was too late to retreat: the fugitive felt that at the first movement back toward the wood he would be, as he afterward explained, ¡°filled with buckshot.¡±  So the two stood there like trees, Brower feeling indifferent to the outcome; the other?the emotions of the other are not recorded.</p><p>A moment later?it may have been an hour?the moon sailed into a patch of unclouded sky and the hunted man saw that visible embodiment of Law lift an arm and point significantly toward and beyond him.  He understood. Turning his back to his captor, he walked submissively away in the direction indicated, ",his steps unburdened by the weight of desperation for freedom.
flawed_fictions_cf_negs_49,0,1,FALSE,"1. The story is set in a very lonely part of Scotland, where the two brothers live in a lonely house. The only other person mentioned is an old woman who cooks for them, and her cat and their dogs. It is explicitly stated that there is no one else within miles of them. 2. The target sentence suggests that Elshender decided to ask a few neighbors if they had seen Fergus. This implies the presence of neighbors, which contradicts the story's setting of isolation. 3. Therefore, the target sentence contradicts the story context.","Worried, Elshender decided to ask a few neighbors if they had seen Fergus.","An old woman used to do the cooking, and there was no one else, unless we count her cat and their own dogs, within miles of them.","<p>Once upon a time there were two brothers who lived in a lonely house in a very lonely part of Scotland. An old woman used to do the cooking, and there was no one else, unless we count her cat and their own dogs, within miles of them.</p><p>One autumn afternoon the elder of the two, whom we will call Elshender, said he would not go out; so the younger one, Fergus, went alone to follow the path where they had been shooting the day before, far across the mountains.</p><p>He meant to return home before the early sunset; however, he did not do so, and Elshender became very uneasy as he watched and waited in vain till long after their usual supper-time. ","Worried, Elshender decided to ask a few neighbors if they had seen Fergus."
flawed_fictions_cf_negs_50,0,1,FALSE,"1. The story describes a pond with a slimy green covering, inhabited by worms. The pond is isolated and protected by a high bank with briars. 2. The target sentence describes a catastrophe caused by a herd of swine crashing through the pond's covering. 3. The story mentions herd-boys flinging stones but does not mention swine or any other animals entering the pond. 4. The target sentence introduces swine, which are not mentioned in the story, suggesting a potential continuity error. 5. The story describes the pond as having a 'slimy, shiny green covering' and being 'screened from the wind' by a high bank, implying it is protected from external disturbances.","Once, however, there was a catastrophe! It was caused by a herd of swine. Dreadful feet crashed through the clear cap, stamped down the water, bruised the corals, made havoc of the flowers, and plunged the entire little 'world' back into chaos.","A high bank, set with briars, screened it from the wind, and it had a slimy, shiny green covering, in which the breeze tore a hole once in twelve months.","<p>Once upon a time there was a pond. It had a corner to itself, and lay quite apart from the rest of the field where beasts were wont to graze and herd-boys to fling stones.</p><p>A high bank, set with briars, screened it from the wind, and it had a slimy, shiny green covering, in which the breeze tore a hole once in twelve months. In the pond there dwelt (according to the order of nature) a colony of quite small worms which fed on still smaller ones.</p><p>The pond was neither long nor wide, not even deep, and if the little worms could neither discover a bottom nor swim to shore, they had only the thick slime and the water-weeds and the fallen twigs to thank for it.</p><p>The geography of the pond was in its infancy.</p><p>Conceit, on the other hand, flourished, and fancy had it all her own way beneath the green covering--and the two together sat spinning and weaving.</p><p>And they wove between them a legend of the beginning of things, a truly worm-like tradition.</p><p>The pond is the great sea, and the four streams of Paradise flow into it. Hiddekel brings gold (that is the slime in which they find their nourishment), and the other three bring flowers (the water-weeds among which they play hide-and-seek on holidays), pearls (frog-pawn), and corals (the little orange fungi on the rotting twigs).</p><p>The green cover, the slimy cap on the surface of the pond, is the heaven stretched out over the ocean, a special heaven for their own particular world. Fragments of egg-shell, which have fallen into it, play the part of stars, and a rotten pumpkin does duty for the sun.</p><p>The chance stones flung into the pond by the herd-boys are, of course, hailstones flung by heaven at the head of sinners!</p><p>And when their heaven opened, and a few beams of the real sun penetrated to a wormy brain, then they believed in hell!</p><p>But life in the pond was a pleasant thing!</p><p>People were satisfied with themselves and with one another.</p><p>When one lives in the great sea, one is as good as a fish oneself.</p><p>One worm would call another ""Tench,"" ""Pike;"" ""Crocodile"" and ""Leviathan"" would be engraved on tombstones.</p><p>""Roach"" was the greatest insult, and ""Haddock"" not to be forgiven, even on the Day of Atonement.</p><p>Meanwhile, astronomy, poetry, and philosophy blossomed like the rose!</p><p>The bits of egg-shell were counted over and over again, till everyone was convinced of the absurdity of the attempt.</p><p>Romantic poets harped on the Heavenly Academy in a thousand different keys.</p><p>Patriots were likened to the stars, stars to ladies' eyes, and the ladies themselves to Paradise--or else to Purgatory! Philosophy transferred the souls of the pious to the rotten pumpkin.</p><p>In short, nothing was wanting!</p><p>Life had all the colors of the rainbow. In due time a code of law was framed with hundreds of commentaries, they introduced a thousand rules and regulations, and if a worm had the slightest desire to make a change, he had but to remember what the world would think, blush, regret, and do penance!</p><p>","Once, however, there was a catastrophe! It was caused by a herd of swine. Dreadful feet crashed through the clear cap, stamped down the water, bruised the corals, made havoc of the flowers, and plunged the entire little 'world' back into chaos."
flawed_fictions_cf_negs_62,0,1,FALSE,"1. The story describes a sick woman lying on a bed, with a face that is thin and pain drawn, indicating she is not serene. 2. The target sentence describes the woman as having a serene face, which contradicts the description of her being feverish and in pain. 3. The story also mentions her eyes are bright with fever, further indicating distress rather than serenity. 4. The target sentence also mentions 'loose masses of brown hair,' but the story does not specify her hair color or its state. 5. The target sentence is inconsistent with the story's portrayal of the woman's condition.",The woman feverishly put back the loose masses of brown hair from her serene face.,"Her eyes were bright with fever; her face, once beautiful, was thin and pain drawn.","<p>""Copy,"" yelled the small boy at the door. The sick woman lying on the bed began to move her fingers aimlessly upon the worn counterpane. Her eyes were bright with fever; her face, once beautiful, was thin and pain drawn. She was dying, but neither she nor the man who held her hand and wrote on a paper tablet knew that the end was so near.</p><p>Three paragraphs were lacking to fill the column of humorous matter that the foreman had sent for. The small pay it brought them barely furnished shelter and food. Medicine was lacking but the need for that was nearly over.</p><p>The woman's mind was wandering; she spoke quickly and unceasingly, and the man bit his pencil and stared at the pad of paper, holding her slim, hot hand.</p><p>""Oh, Jack; Jack, papa says no, I cannot go with you. Not love you! Jack, do you want to break my heart? Oh, look, look! the fields are like heaven, so filled with flowers. Why have you no ice? I had ice when I was at home. Can't you give me just a little piece, my throat is burning?""</p><p>The humourist wrote: ""When a man puts a piece of ice down a girl's back at a picnic, does he give her the cold shoulder?""</p><p>",The woman feverishly put back the loose masses of brown hair from her serene face.
flawed_fictions_cf_negs_63,0,1,FALSE,"1. The story describes the priest as the poorest person in the village, giving away nearly all that was given to him and often being hungry himself. 2. The target sentence suggests the priest had resources to import food, which contradicts the story's depiction of him as very poor. 3. The story emphasizes the priest's poverty and his reliance on prayer rather than material resources to help his people.","The priest of Atami, using some of his resources, had tried to import food, but it was never enough.","Of all the poor people of the village, he was the very poorest, for he gave away nearly all that was given to him; and he was often hungry.","<p>Many, many years ago there lived at Atami a holy priest. Of all the poor people of the village, he was the very poorest, for he gave away nearly all that was given to him; and he was often hungry.</p><p>Atami was by the sea and the people lived on the sea¡¯s bounty. When the winter swept down from Fuji San, and the storm god roared on the waves and frightened the fish away, then all the people hungered. The fathers and mothers hungered greatly, for they gave nearly all there was to the children, who were not, therefore, so much in want. But the priest hungered most of all; for he was the father of his people, and so gave them of his own share of food. Indeed, he gave them more than this; for, under the camphor tree which grew beside his little temple on the hill, he sat and prayed for his people, and the gods heard his prayers.</p><p>One day the fish were gone from the shore and the people were very hungry. ","The priest of Atami, using some of his resources, had tried to import food, but it was never enough."
flawed_fictions_cf_negs_65,0,1,FALSE,"1. The story describes 'Old Abe' as a war-eagle of the Eighth Wisconsin Volunteers, who was carried by a single soldier during the war. 2. The target sentence suggests that multiple soldiers shared the responsibility of carrying him. 3. The story states: 'He would not allow any one to carry or even to handle him, except this soldier,' indicating that only one soldier was responsible for carrying him. 4. The target sentence contradicts this by implying multiple soldiers were involved in carrying him.","the soldiers who had shared the responsibility of carrying him during the war continued to visit and care for him after the war was over,","He would not allow any one to carry or even to handle him, except this soldier,","<p>¡°Old Abe¡± was the war-eagle of the Eighth Wisconsin Volunteers. Whoever it may have been that first conceived the idea, it was certainly a happy thought to make a pet of an eagle. For the eagle is our national bird, and to carry an eagle along with the colors of a regiment on the march, and in battle, and all through the whole war, was surely very appropriate, indeed.</p><p>¡°Old Abe's¡± perch was on a shield, which was carried by a soldier, to whom, and to whom alone, he looked as to a master. He would not allow any one to carry or even to handle him, except this soldier, nor would he ever receive his food from any other person's hands. He seemed to have sense enough to know that he was sometimes a burden to his master on the march, however, and, as if to relieve him, would occasionally spread his wings and soar aloft to a great height, the men of all regiments along the line of march cheering him as he went up.</p><p>He regularly received his rations from the commissary, like any enlisted man. Whenever fresh meat was scarce, and none could be found for him by foraging parties, he would take things into his own claws, as it were, and go out on a foraging expedition himself. On some such occasions he would be gone two or three days at a time, during which nothing whatever was seen of him; but he would invariably return, and seldom would come back without a young lamb or a chicken in his talons. His long absences occasioned his regiment not the slightest concern, for the men knew that, though he might fly many miles away in quest of food, he would be quite sure to find them again.</p><p>In what way he distinguished the two hostile armies so accurately that he was never once known to mistake the gray for the blue, no one can tell. But so it was, that he was never known to alight save in his own camp, and amongst his own men.</p><p>At Jackson, Mississippi, during the hottest part of the battle before that city, ¡°Old Abe¡± soared up into the air, and remained there from early morning until the fight closed at night, no doubt greatly enjoying his bird's-eye view of the battle. He did the same at Mission Ridge. He was, I believe, struck by Confederate bullets two or three times, but his feathers were so thick that his body was not much hurt. The shield on which he was carried, however, showed so many marks of Confederate balls that it looked on top as if a groove plane had been run over it.</p><p>At the Centennial celebration held in Philadelphia, in 1876, ¡°Old Abe¡±  occupied a prominent place on his perch on the west side of the nave in the Agricultural Building. He was evidently growing old, and was the observed of all observers. Thousands of visitors, from all sections of the country, paid their respects to the grand old bird, who, apparently conscious of the honors conferred upon him, overlooked the sale of his biography and photographs going on beneath his perch with entire satisfaction.</p><p>As was but just and right, ","the soldiers who had shared the responsibility of carrying him during the war continued to visit and care for him after the war was over,"
flawed_fictions_cf_negs_69,0,1,FALSE,"1. The story describes the shoemaker as hardworking and honest, with a clear conscience. He is portrayed as grateful and amazed by the elves' help, not scheming. 2. The target sentence describes the shoemaker as 'scheming,' which implies deceit or cunning, contradicting his honest and grateful nature. 3. The story shows the shoemaker's gratitude and desire to repay the elves' kindness, not to exploit them.",The scheming shoemaker liked the thought very well.,"There was once a shoemaker who worked very hard and was honest. Still, he could not earn enough to live on. His heart was light in spite of his troubles, for his conscience was clear. The good man knew not what to say or think. The next day the wife said to the shoemaker: ¡°These little Elves have made us rich, and we ought to be thankful to them, and do them some good in return.¡±","<p>There was once a shoemaker who worked very hard and was honest. Still, he could not earn enough to live on. At last, all he had in the world was gone except just leather enough to make one pair of shoes. He cut these out at night, and meant to rise early the next morning to make them up.</p><p>His heart was light in spite of his troubles, for his conscience was clear. So he went quietly to bed, left all his cares to God, and fell asleep. In the morning he said his prayers, and sat down to work, when, to his great wonder, there stood the shoes, already made, upon the table.</p><p>The good man knew not what to say or think. He looked at the work. There was not one false stitch in the whole job. All was neat and true.</p><p>That same day a customer came in, and the shoes pleased him so well that he readily paid a price higher than usual for them. The shoemaker took the money and bought leather enough to make two pairs more. He cut out the work in the evening, and went to bed early. He wished to be up with the sun and get to work.</p><p>He was saved all trouble, for when he got up in the morning, the work was done. Pretty soon buyers came in, who paid him well for his goods. So he bought leather enough for four pairs more.</p><p>He cut out the work again overnight, and found it finished in the morning as before. So it went on for some time. What was got ready at night was always done by daybreak, and the good man soon was well-to-do.</p><p>One evening, at Christmas-time, he and his wife sat over the fire, chatting, and he said: ¡°I should like to sit up and watch tonight, that we may see who it is that comes and does my work for me.¡± So they left the light burning, and hid themselves behind a curtain to see what would happen.</p><p>As soon as it was midnight, there came two little Elves. They sat upon the shoemaker's bench, took up all the work that was cut out, and began to ply their little fingers. They stitched and rapped and tapped at such a rate that the shoemaker was amazed, and could not take his eyes off them for a moment.</p><p>On they went till the job was done, and the shoes stood, ready for use, upon the table. This was long before daybreak. Then they ran away as quick as lightning.</p><p>The next day the wife said to the shoemaker: ¡°These little Elves have made us rich, and we ought to be thankful to them, and do them some good in return.¡± I am vexed to see them run about as they do. They have nothing upon their backs to keep off the cold. I'll tell you what we must do. I will make each of them a shirt, and a coat and waistcoat, and a pair of pantaloons into the bargain. Do you make each of them a little pair of shoes.¡±</p><p>",The scheming shoemaker liked the thought very well.
flawed_fictions_cf_negs_70,0,1,FALSE,"1. The story describes a pond where worms live, believing it to be a great sea with a heaven made of slime. They are satisfied with their lives, and life is described as pleasant. 2. The target sentence suggests a lack of satisfaction and absence of heaven. 3. The story states that life in the pond was pleasant and people were satisfied with themselves and one another. 4. The story also describes a catastrophe where the heaven was destroyed but later reformed. 5. The target sentence implies a lack of satisfaction and heaven, which contradicts the story's depiction of life before the catastrophe and the reformation of heaven.","Without a heaven, and already lacking any semblance of satisfaction, what was life?","But life in the pond was a pleasant thing! People were satisfied with themselves and with one another. When they rose out of the mud, the heavens had already swum together again and united;","<p>Once upon a time there was a pond. It had a corner to itself, and lay quite apart from the rest of the field where beasts were wont to graze and herd-boys to fling stones.</p><p>A high bank, set with briars, screened it from the wind, and it had a slimy, shiny green covering, in which the breeze tore a hole once in twelve months. In the pond there dwelt (according to the order of nature) a colony of quite small worms which fed on still smaller ones.</p><p>The pond was neither long nor wide, not even deep, and if the little worms could neither discover a bottom nor swim to shore, they had only the thick slime and the water-weeds and the fallen twigs to thank for it.</p><p>The geography of the pond was in its infancy.</p><p>Conceit, on the other hand, flourished, and fancy had it all her own way beneath the green covering--and the two together sat spinning and weaving.</p><p>And they wove between them a legend of the beginning of things, a truly worm-like tradition.</p><p>The pond is the great sea, and the four streams of Paradise flow into it. Hiddekel brings gold (that is the slime in which they find their nourishment), and the other three bring flowers (the water-weeds among which they play hide-and-seek on holidays), pearls (frog-pawn), and corals (the little orange fungi on the rotting twigs).</p><p>The green cover, the slimy cap on the surface of the pond, is the heaven stretched out over the ocean, a special heaven for their own particular world. Fragments of egg-shell, which have fallen into it, play the part of stars, and a rotten pumpkin does duty for the sun.</p><p>The chance stones flung into the pond by the herd-boys are, of course, hailstones flung by heaven at the head of sinners!</p><p>And when their heaven opened, and a few beams of the real sun penetrated to a wormy brain, then they believed in hell!</p><p>But life in the pond was a pleasant thing!</p><p>People were satisfied with themselves and with one another.</p><p>When one lives in the great sea, one is as good as a fish oneself.</p><p>One worm would call another ""Tench,"" ""Pike;"" ""Crocodile"" and ""Leviathan"" would be engraved on tombstones.</p><p>""Roach"" was the greatest insult, and ""Haddock"" not to be forgiven, even on the Day of Atonement.</p><p>Meanwhile, astronomy, poetry, and philosophy blossomed like the rose!</p><p>The bits of egg-shell were counted over and over again, till everyone was convinced of the absurdity of the attempt.</p><p>Romantic poets harped on the Heavenly Academy in a thousand different keys.</p><p>Patriots were likened to the stars, stars to ladies' eyes, and the ladies themselves to Paradise--or else to Purgatory! Philosophy transferred the souls of the pious to the rotten pumpkin.</p><p>In short, nothing was wanting!</p><p>Life had all the colors of the rainbow. In due time a code of law was framed with hundreds of commentaries, they introduced a thousand rules and regulations, and if a worm had the slightest desire to make a change, he had but to remember what the world would think, blush, regret, and do penance!</p><p>Once, however, there was a catastrophe! It was caused by a herd of swine. Dreadful feet crashed through the heaven, stamped down the slime, bruised the corals, made havoc of the flowers, and plunged the entire little ""world"" back into chaos.</p><p>Some of the worms were asleep under the slime (and worms sleep fast and long).</p><p>These escaped.</p><p>When they rose out of the mud, the heavens had already swum together again and united; but whole heaps of squeezed, squashed, and suffocated worms were lying about unburied, witnesses in death of the past awful event!</p><p>""What has happened?"" was the cry, and search was made for some living soul who should know the cause of the calamity.</p><p>But such a living soul was not easy to find!</p><p>It is no light thing to survive a heaven!</p><p>Those who were not stamped upon had died of fright, and those who were not killed by fright had died of a broken heart.</p><p>The remainder committed suicide. ","Without a heaven, and already lacking any semblance of satisfaction, what was life?"
flawed_fictions_cf_negs_71,0,1,FALSE,"1. The setting is described as a supernatural and desolate landscape with tall mountains, black lakes, and an extinct volcano. The scene is cold and devoid of vegetation. 2. The dwelling is on a lofty mountain above an ink-black sea. 3. The target sentence describes two men swaying and twisting on the edge of a hill. 4. The story context describes the setting as a mountain, not a hill. 5. The target sentence's use of 'hill' contradicts the established setting of a 'lofty mountain.'","They swayed and twisted upon the edge of the hill, now one gaining the advantage, now the other.",On a lofty mountain that hung toppling above an ink-black sea stood a dwelling built of stone.,"<p>The scene was one of supernatural weirdness. Tall, fantastic mountains reared their seamed peaks over a dreary waste of igneous rock and burned-out lava beds. Deep lakes of black water stood motionless as glass under frowning, honeycombed crags, from which ever and anon dropped crumbled masses with a sullen plunge. Vegetation there was none. Bitter cold reigned and ridges of black and shapeless rocks cut the horizon on all sides. An extinct volcano loomed against a purple sky, black as night and old as the world.</p><p>The firmament was studded with immense stars that shone with a wan and spectral light. Orion's belt hung high above.</p><p>Aldebaran faintly shone millions of miles away, and the earth gleamed like a new-risen moon with a lurid, blood-like glow.</p><p>On a lofty mountain that hung toppling above an ink-black sea stood a dwelling built of stone. From its solitary window came a bright light that gleamed upon the misshapen rocks. </p><p>The door opened and two men emerged locked in a deadly struggle.</p><p>","They swayed and twisted upon the edge of the hill, now one gaining the advantage, now the other."
flawed_fictions_cf_negs_73,0,0,TRUE,"1. The story describes a teeny-tiny woman who lives in a teeny-tiny house and goes for a walk. 2. The target sentence 'Now, when the teeny' is incomplete and does not provide enough information to determine if it contradicts the story. 3. Without additional context, it is impossible to identify a continuity error based on the target sentence alone.","Now, when the teeny",,"<p>There was once upon a time a teeny-tiny woman who lived in a teeny-tiny house in a teeny-tiny village. Now, one day this teeny-tiny woman put on her teeny-tiny bonnet, and went out of her teeny-tiny house to take a teeny-tiny walk. And when this teeny-tiny woman had gone a teeny-tiny way, she came to a teeny-tiny gate; so the teeny-tiny woman opened the teeny-tiny gate, and went into a teeny-tiny churchyard. And when this teeny-tiny woman had got into the teeny-tiny churchyard, she saw a teeny-tiny bone on a teeny-tiny grave, and the teeny-tiny woman said to her teeny-tiny self: ""This teeny-tiny bone will make me some teeny-tiny soup for my teeny-tiny supper."" So the teeny-tiny woman put the teeny-tiny bone into her teeny-tiny pocket, and went home to her teeny-tiny house.</p><p>","Now, when the teeny"
flawed_fictions_cf_negs_74,0,1,FALSE,"1. The story is about Deacon Azariah Perkins from West Hartford, Connecticut, who has a strong preference for negro dialect stories. 2. The target sentence is in a Scottish dialect, which contradicts the established preference of the character. 3. The story explicitly states that Deacon Perkins had no desire for dialects other than the negro dialect. 4. The target sentence does not align with the character's established behavior and preferences.","¡°Och, me bonnie wee bairns! Ye ken yer guid superintendent has asked me tae share a wee bit speech.¡±","But his was not a healthy, catholic taste; he had ears and eyes for one dialect alone--the negro. For him Ian Maclaren and Barrie spread their most tempting Scotch jaw-breakers in vain; he had no desire for them.","<p>It is now some fifteen years since the dialect story assumed undue prominence in the literary output of the time, and about eight since it became a ¡°craze.¡± There is no craze without its attendant disease or ailment: thus roller-skating developed ¡°roller¡¯s heel¡±; gum-chewing, ¡°chewer¡¯s jaw¡±; bicycling, the ¡°bicycle face,¡± and later the ¡°leg¡±; housekeeping, ¡°housemaid¡¯s knee¡±; golf-playing, ¡°idiocy¡±; and so on, every craze having a damaging effect upon some portion of the anatomy. It is only within the last year, however, that it has been discovered that an over-indulgence in dialect stories is liable to bring on an affection of the tongue.</p><p>A peculiarly sad case and the most notable that has thus far been brought to the attention of the public is that of Deacon Azariah Perkins of West Hartford, Connecticut.</p><p>Far from deploring the spread of the dialect story, he reveled in it, reading all the tales that he could get hold of in magazines or circulating library. But his was not a healthy, catholic taste; he had ears and eyes for one dialect alone--the negro. For him Ian Maclaren and Barrie spread their most tempting Scotch jaw-breakers in vain; he had no desire for them. After fifteen years of negro dialect in every form in which Southern and Northern writers can serve it, any specialist in nervous disorders could have told the deacon that he was liable to have ¡°negromania¡±; but West Hartford does not employ specialists, and so the stroke came unheralded, with all the suddenness of apoplexy.</p><p>Deacon Perkins has always been able to think standing; indeed, he has been called the Chauncey Depew of West Hartford, and no revival meeting or strawberry festival or canned clam-bake was considered a success unless the deacon¡¯s ready tongue took part in the exercises.</p><p></p><p>Last Sunday they had a children¡¯s festival in the Congregational Church, and after the children had made an end of reciting and singing, the deacon was called upon for a few remarks. He is a favorite with young and old, and a man of great purity and simplicity of character. He arose with alacrity and walked down the isle with the lumbering gait peculiar to New-Englanders who have struggled with rocky farms the best part of their lives. He ascended the platform steps, inclined his head to the audience, and spoke as follows:</p><p>","¡°Och, me bonnie wee bairns! Ye ken yer guid superintendent has asked me tae share a wee bit speech.¡±"
flawed_fictions_cf_negs_75,0,1,FALSE,"1. The story is set in a desert where a young boy is playing with a bow and arrow. 2. The target sentence mentions the boy sitting in the shade of a large, leafy jungle tree. 3. Deserts typically do not have large, leafy jungle trees, which are more characteristic of a jungle setting. 4. The target sentence contradicts the setting established in the story.","Finally, exhausted from chasing the arrow and deflecting the bird, the boy sat down in the ample shade of a large, leafy jungle tree.","A young boy was playing in the desert with a bow and arrow he had made, when a vulture, always looking for a tender meal, saw him from afar.","<p>A young boy was playing in the desert with a bow and arrow he had made, when a vulture, always looking for a tender meal, saw him from afar.  The bird flew over and, seeing that the arrow was only a barren stick, swooped down and pecked at the boy.  ""Why don't you shoot me if you don't like my pecking?"" it taunted.  The boy shot his arrow repeatedly, but the bird was too quick, and the arrow always missed.</p><p>","Finally, exhausted from chasing the arrow and deflecting the bird, the boy sat down in the ample shade of a large, leafy jungle tree."
flawed_fictions_cf_negs_77,0,1,FALSE,"1. The story introduces two characters: Mr. Cose and Mr. Ewlah. Mr. Cose is present in the office, while Mr. Ewlah is mentioned to be out at lunch. 2. The target sentence suggests Mr. Ewlah is present and interacting with an object. 3. This contradicts the earlier statement that Mr. Ewlah is out at lunch. 4. Therefore, the target sentence is inconsistent with the story context.",Mr. Ewlah picked up what looked like a box of tacks and said:,"He said that Mr. Ewlah was out at lunch, but he¡¯d be pleased to do what he could for me.","<p>The sign in front of the dingy little office on a side-street, through which I was walking, read:</p><p>  JO COSE AND JOCK EWLAH         FUNSMITHS</p><p>Being of an inquisitive turn of mind, I went in. A little dried-up man, who introduced himself as Mr. Cose, greeted me cheerily. He said that Mr. Ewlah was out at lunch, but he¡¯d be pleased to do what he could for me.</p><p>¡°What is the nature of your calling?¡± asked I.</p><p>¡°It is you who are calling,¡± said he, averting his eyes. Then he assumed the voice and manner of a ¡°lecturer¡± in a dime museum, and rattled along as follows:</p><p>¡°We are in the joke business. Original and second-hand jokes bought and sold. Old jokes made over as good as new. Good old stand-bys altered to suit the times. Jokes cleaned and made ready for the press. We do not press them ourselves. Joke expanders for sale cheap. Also patent padders for stories--¡±</p><p>I interrupted the flow of his talk to ask him if there was much demand for the padders.</p><p>¡°Young man,¡± said he, ¡°do you keep up with current literature?¡±</p><p>Then he went over to a shelf on which stood a long line of bottles of the size of cod-liver-oil bottles, and taking one down, he said: ¡°Now, here is Jokoleine, of which we are the sole agents. This will make a poor joke salable, and is in pretty general use in the city, although some editors will not buy a joke that smells of it.¡±</p><p>I noticed a tall, black-haired, Svengalic-looking person in an inner room, and I asked Mr. Cose who he was.</p><p>¡°That is our hypnotizer. The most callous editors succumb to his gaze. Take him with you when you have anything to sell. We rent him at a low figure, considering how useful he is. He has had a busy season, and is tired out, but that is what we pay him for. If he were to die you¡¯d notice a difference in many of the periodicals. The poorer the material, the better pleased he is to place it. It flatters his vanity.¡±</p><p></p><p>I assured him that I was something of a hypnotist myself, and, thanking him for his courtesy, was about to come away, when ",Mr. Ewlah picked up what looked like a box of tacks and said:
flawed_fictions_cf_negs_83,0,1,FALSE,"1. The story involves a girl who is hired by a funny-looking old gentleman who has unique names for common items. 2. The gentleman instructs the girl to call him 'master of all masters,' his bed 'barnacle,' his pantaloons 'squibs and crackers,' the cat 'white-faced simminy,' the fire 'hot cockalorum,' the water 'pondalorum,' and the house 'high topper mountain.' 3. The target sentence uses 'master of all masters' correctly but refers to 'barnacle' correctly for the bed. However, it uses 'leg covers' instead of 'squibs and crackers' for pantaloons. 4. The target sentence contradicts the story context because 'leg covers' is not the term the master instructed the girl to use for pantaloons.","Master of all masters, get out of your barnacle and put on your leg covers.",¡°You must call them 'squibs and crackers.'¡±,"<p>A girl once went to the fair to hire herself for servant. At last a funny-looking old gentleman engaged her, and took her home to his house. When she got there, he told her that he had something to teach her, for that in his house he had his own names for things.</p><p>He said to her: ¡°What will you call me?¡±</p><p>¡°Master or mister, or whatever you please sir,¡± says she.</p><p>He said: ¡°You must call me 'master of all masters.' And what would you call this?¡± pointing to his bed.</p><p>¡°Bed or couch, or whatever you please, sir.¡±</p><p>¡°No, that's my 'barnacle.' And what do you call these?¡± said he pointing to his pantaloons.</p><p>¡°Breeches or trousers, or whatever you please, sir.¡±</p><p>¡°You must call them 'squibs and crackers.'¡±</p><p>¡°And what would you call her?¡±  pointing to the cat.</p><p>¡°Cat or kit, or whatever you please, sir.¡±</p><p>¡°You must call her 'white-faced simminy.' And this now,¡± showing the fire, ¡°what would you call this?¡±</p><p>¡°Fire or flame, or whatever you please, sir.¡±</p><p>¡°You must call it 'hot cockalorum,' and what this?¡± he went on, pointing to the water.</p><p>¡°Water or wet, or whatever you please, sir.¡±</p><p>¡°No, 'pondalorum' is its name. And what do you call all this?¡± asked he, as he pointed to the house.</p><p>¡°House or cottage, or whatever you please, sir.¡±</p><p>¡°You must call it 'high topper mountain.'¡±</p><p>That very night the servant woke her master up in a fright and said: ¡°","Master of all masters, get out of your barnacle and put on your leg covers."
flawed_fictions_cf_negs_84,0,1,FALSE,"1. The story is set in a single day, starting with Rhoecus encountering the Dryad in the woods. 2. The Dryad tells Rhoecus to meet her an hour before sunset, indicating the events are happening during the day. 3. Rhoecus spends time with friends, and a moth appears, which he brushes away. 4. The target sentence mentions 'the first pale light of dawn,' suggesting early morning. 5. This contradicts the story's timeline, which is set in the afternoon leading to sunset.",the first pale light of dawn crept over the horizon.,¡°An hour before sunset meet me here.¡±,"<p>In olden times there was a youth named Rhoecus. One day as he wandered through the wood he saw an ancient oak tree, trembling and about to fall. Full of pity for so fair a tree, Rhoecus carefully propped up its trunk, and as he did so he heard a soft voice murmur:--</p><p>¡°Rhoecus!¡±</p><p>It sounded like the gentle sighing of the wind through the leaves; and while Rhoecus paused bewildered to listen, again he heard the murmur like a soft breeze:--</p><p>¡°Rhoecus!¡±</p><p>And there stood before him, in the green glooms of the shadowy oak, a wonderful maiden.</p><p>¡°Rhoecus,¡± said she, in low-toned words, serene and full, and as clear as drops of dew, ¡°I am the Dryad of this tree, and with it I am doomed to live and die. Thou hadst compassion on my oak, and in saving it thou hast saved my life. Now, ask me what thou wilt that I can give, and it shall be thine.¡±</p><p>¡°Beauteous nymph,¡± answered Rhoecus, with a flutter at the heart, ¡°surely nothing will satisfy the craving of my soul save to be with thee forever. Give to me thy love!¡±</p><p>¡°I give it, Rhoecus,¡± answered she with sadness in her voice, ¡°though it be a perilous gift. An hour before sunset meet me here.¡±</p><p>And straightway she vanished, and Rhoecus could see nothing but the green glooms beneath the shadowy oak. Not a sound came to his straining ears but the low, trickling rustle of the leaves, and, from far away on the emerald slope, the sweet sound of an idle shepherd's pipe.</p><p>Filled with wonder and joy Rhoecus turned his steps homeward. The earth seemed to spring beneath him as he walked. The clear, broad sky looked bluer than its wont, and so full of joy was he that he could scarce believe that he had not wings.</p><p>Impatient for the trysting-time, he sought some companions, and to while away the tedious hours, he sat by the fire telling tales, and soon forgot all else.</p><p>The fire was crackling its warmest, and Rhoecus had just laughed at a friend¡¯s jest, when through the open window of the room there fluttered a gray moth. It danced about his ears, and seemed ready to alight upon his head. At this Rhoecus laughed, and with a rough, impatient hand he brushed it off and cried:--</p><p>¡°The silly creature! does it take me for a flower?¡±</p><p>But still the moth came back. Three times it danced about his head, and three times he rudely beat it back. Then straight through the window flew the wounded moth, while Rhoecus watched its flight with annoyed eyes.</p><p>And as he looked--O sorrow!--",the first pale light of dawn crept over the horizon.
flawed_fictions_cf_negs_87,0,1,FALSE,"1. Analyze character/plot/setting: The story involves Little Red-Riding-Hood, her grandmother, and a wolf. The wolf wants to reach the grandmother's house first. 2. Compare target with context: The target sentence claims the wolf took a more scenic route and was not the first to reach the grandmother's door. In the story, the wolf takes the shortest road, while Little Red-Riding-Hood takes the longest route, stopping to pluck roses and chase butterflies. This suggests the wolf should reach the grandmother's house first.","The wolf, having taken a more scenic route, was not the first to reach the grandmother's door.","So he ran as fast as ever he could, taking the shortest road, but the little maiden took the longest; for she stopped to pluck roses in the wood, to chase butterflies, and gather nosegays of the prettiest flowers she could find--she was such a happy and innocent little soul.","<p>Once there was a little village maiden, the prettiest ever seen. Her mother was foolishly fond of her, and her grandmother likewise. The old woman made for her a little hood, which became the damsel so well that ever after she went by the name of Little Red-Riding-Hood. One day, when her mother was making cakes, she said, ""My child, you shall go and see your grandmother, for I hear she is not well; and you shall take her some of these cakes and a pot of butter.""</p><p>Little Red-Riding-Hood was delighted to go, though it was a long walk; but she was a good child, and fond of her kind grandmother. Passing through a wood, she met a great wolf, who was most eager to eat her up, but dared not, because of a woodcutter who was busy hard by. So he only came and asked her politely where she was going. The poor child, who did not know how dangerous it is to stop and speak to wolves, replied, ""I am going to see my grandmother, and to take her a cake and a pot of butter, which my mother has sent her.""</p><p>""Is it very far from hence?"" asked the wolf.</p><p>""Oh yes; it is just above the mill which you may see up there--the first house you come to in the village.""</p><p>""Well,"" said the wolf, ""I will go there also, to inquire after your excellent grandmother; I will go one way, and you the other, and we will see who can be there first.""</p><p>So he ran as fast as ever he could, taking the shortest road, but the little maiden took the longest; for she stopped to pluck roses in the wood, to chase butterflies, and gather nosegays of the prettiest flowers she could find--she was such a happy and innocent little soul.</p><p>    [Illustration: He asked her politely where she was going]</p><p>","The wolf, having taken a more scenic route, was not the first to reach the grandmother's door."
flawed_fictions_cf_negs_88,0,1,FALSE,"1. Analyze character/plot/setting: The story describes Columbus's first encounter with the New World and its inhabitants. The inhabitants are described as being astonished and running to the shore to see the ships. 2. Compare target with context: The target sentence suggests that the inhabitants were distant and engaged in their own routines, hardly noticing Columbus and his men. This contradicts the story's description of the inhabitants being astonished and running to the shore.","The inhabitants, still distant and engaged in their own routines, hardly took notice of these formalities, leaving Columbus and his men to proceed without interference.","Though apparently uncultivated it was populous, for the inhabitants were seen issuing from all parts of the woods and running to the shore. They were perfectly naked, and, as they stood gazing at the ships, appeared by their attitudes and gestures to be lost in astonishment.","<p>It was on Friday morning, the 12th of October, that Columbus first beheld the New World. As the day dawned he saw before him an island, several leagues in extent, and covered with trees like a continual orchard. Though apparently uncultivated it was populous, for the inhabitants were seen issuing from all parts of the woods and running to the shore. They were perfectly naked, and, as they stood gazing at the ships, appeared by their attitudes and gestures to be lost in astonishment.</p><p>Columbus made signals for the ships to cast anchor and the boats to be manned and armed. He entered his own boat, richly attired in scarlet, and holding the royal standard; while Martin Alonzo Pinzon and his brother put off in company in their boats, each with a banner of the enterprise emblazoned with a green cross, having on either side the letters ¡°F.¡± and ¡°Y.,¡± the initials of the Castilian monarchs Fernando and Ysabel, surmounted by crowns.</p><p>As he approached the shore, Columbus was delighted with the purity and suavity of the atmosphere, the crystal transparency of the sea, and the extraordinary beauty of the vegetation. He beheld also fruits of an unknown kind upon the trees which overhung the shores.</p><p>On landing he threw himself on his knees, kissed the earth, and returned thanks to God with tears of joy. His example was followed by the rest. [9] ¡°Almighty and Eternal God,¡± prayed Columbus, ¡°who by the energy of Thy creative word hast made the firmament, the earth and the sea; blessed and glorified be thy name in all places! May thy majesty and dominion be exalted for ever and ever, as Thou hast permitted thy holy name to be made known and spread by the most humble of thy servants, in this hitherto unknown portion of Thine empire.¡±</p><p>[Footnote: 9: This prayer is taken from Lamartine.]</p><p>Columbus, then rising, drew his sword, displayed the royal standard, and assembling around him the two captains and the rest who had landed, he took solemn possession in the name of the Castilian sovereigns, giving the island the name of San Salvador. ","The inhabitants, still distant and engaged in their own routines, hardly took notice of these formalities, leaving Columbus and his men to proceed without interference."
flawed_fictions_cf_negs_90,0,1,FALSE,"1. The story involves a King, his daughter, and three suitors with unique skills. The King asks his daughter to choose a suitor. 2. The daughter tells the King she will decide 'to-morrow,' indicating she needs time to think. 3. The target sentence states the daughter decided 'immediately,' which contradicts her statement in the story. 4. The contradiction lies in the timing of the daughter's decision.","The daughter, having decided immediately, chose the man who could shoot with his bow any living thing, as she found his skill to be the most impressive and potentially the most useful.","""I will tell you to-morrow,"" said the girl.","<p>A King had a very beautiful daughter, and was anxious that she should marry some one who had made himself famous in some particular way.</p><p>Three men in the city came forward and begged the King for her hand in marriage.</p><p>""But what can you do?"" asked the King.</p><p>""I can tell if a thing is lost, where to find it,"" said the first, ""and produce it if required.""</p><p>The second said: ""I can make such wonderful horses out of wood, that they can rise to any height and go anywhere.""</p><p>The third said: ""I can shoot with my bow any living thing.""</p><p>The King was pleased, and went and told his daughter, asking her to choose which she would have as a husband.</p><p>""I will tell you to-morrow,"" said the girl.</p><p>","The daughter, having decided immediately, chose the man who could shoot with his bow any living thing, as she found his skill to be the most impressive and potentially the most useful."
flawed_fictions_cf_negs_92,0,1,FALSE,"1. The story is set at midnight, as indicated by the bell from a ship signaling the time. 2. The setting is described as cold and windy, with the woman seeking shelter from the wind and rain. 3. The target sentence describes a shift in the wind, a lessening of the chill, and the presence of the sun, which contradicts the midnight setting. 4. The presence of the sun and a change in weather conditions do not align with the established time and weather in the story.","The wind had shifted and the chill had lessened. The door swung open again and the sun, hanging calmly beautiful among the clouds, shone through the tangle of masts and cordage and into the hallway.",The minor tones of a bell from a ship at the near-by docks told that it was midnight.,"<p>She was not a pretty sight ... an old woman tottering under sixty years of poverty ... and now was the worst poverty of all. Her hand, which gathered a grimy plaid shawl at her throat, trembled ceaselessly from privation, and the vile liquor privation had brought. She was hungry; it seemed to her that she had never eaten. She was cold; it seemed to her that she had never known warmth.</p><p>She crept into a little hallway on the water front. The breeze from the river was not a strong one; but to her it was a hurricane. The minor tones of a bell from a ship at the near-by docks told that it was midnight. With inarticulate moans she crouched down in a corner, closing the door to keep out the wind and rain.</p><p>Something was in the corner, she felt it with her benumbed hands. It was soft and warm to her touch. A plaintive mew followed. The something was a cat. At first she rather resented its presence. Then she gathered it up in her arms and pressed it against the bosom of her ragged old dress. Here was a creature as miserable as she. It was only a cat, but she felt less lonely with it in her arms. When she had been a little girl she had had a pet kitten.</p><p>Each was cold--the cat and the woman--but each found some warmth in the other. The cat stopped mewing and the woman stopped moaning. ","The wind had shifted and the chill had lessened. The door swung open again and the sun, hanging calmly beautiful among the clouds, shone through the tangle of masts and cordage and into the hallway."
flawed_fictions_cf_negs_94,0,1,FALSE,"1. Analyze character/plot/setting: Yi Kwai is a young boy accompanying his father, the Governor, and his stepmother. He studies in a pavilion connected to the public hall. A young woman, unknown to him, enters the pavilion at night. 2. Compare target with context: The target sentence suggests that Kwai finds the woman's face familiar, which contradicts the earlier statement that he did not recognize her and she was evidently a stranger.","She merely laughed and made no reply, which struck Kwai as odd given her familiar face.","Kwai looked carefully at her, but did not recognize her. She was evidently a stranger, as there was no such person among the dancing-girls of the yamen.","<p>Yi Kwai was the son of a minister. He passed his examinations and held high office. When his father was Governor of Pyong-an Province, Kwai was a little boy and accompanied him. The Governor's first wife being dead, Kwai's stepmother was the mistress of the home. Once when His Excellency had gone out on an inspecting tour, the yamen was left vacant, and Kwai was there with her. In the rear garden of the official quarters was a pavilion, called the Hill Pagoda, that was connected by a narrow gateway with the public hall. Frequently Kwai took one of the yamen boys with him and went there to study, and once at night when it had grown late and the boy who accompanied him had taken his departure, the door opened suddenly and a young woman came in. Her clothes were neat and clean, and she was very pretty. Kwai looked carefully at her, but did not recognize her. She was evidently a stranger, as there was no such person among the dancing-girls of the yamen.</p><p>He remained looking at her, now curious as to why she was there so late, while she on the other hand took her place in the corner of the room and said nothing.</p><p>""Who are you visiting at this hour?"" he asked. ","She merely laughed and made no reply, which struck Kwai as odd given her familiar face."
flawed_fictions_cf_negs_99,0,1,FALSE,"1. The story involves a geomancer named Yi Eui-sin who helps a mourner find a burial site. 2. Yi tells the mourner to call for him by asking for Yi So-pang in West School Ward, Seoul. 3. The target sentence suggests seeking Yi through the geomancer's guild. 4. The story does not mention a geomancer's guild; instead, it provides specific instructions to find Yi. 5. The target sentence contradicts the story's instructions on how to find Yi.",seek Yi through the geomancer's guild.,"In calling for me just ask for Yi So-pang, who lives in West School Ward, Seoul.","<p>There was a geomancer once, Yi Eui-sin, who in seeking out a special mountain vein, started with the Dragon Ridge in North Ham-kyong Province, and traced it as far as Pine Mountain in Yang-ju County, where it stopped in a beautifully rounded end, forming a perfect site for burial. After wandering all day in the hills, Yi's hungry spirit cried out for food. He saw beneath the hill a small house, to which he went, and rapping at the door asked for something to eat. A mourner, recently bereaved, came out in a respectful and kindly way, and gave him a dish of white gruel. Yi, after he had eaten, asked what time the friend had become a mourner, and if he had already passed the funeral. The owner answered, ""I am just now entering upon full mourning, but we have not yet arranged for the funeral."" He spoke in a sad and disheartened way.</p><p>Yi felt sorry for him, and asked the reason. ""I wonder if it's because you are poor that you have not yet made the necessary arrangements, or perhaps you have not yet found a suitable site! I am an expert in reading the hills, and I'll tell you of a site; would you care to see it?""</p><p>The mourner thanked him most gratefully, and said, ""I'll be delighted to know of it.""</p><p>Yi then showed him the end of the great vein that he had just discovered, also the spot for the grave and how to place its compass points. ""In calling for me just ask for Yi So-pang, who lives in West School Ward, Seoul."" ""After possessing this site,"" said he, ""you will be greatly enriched, but in ten years you will have cause to arrange for another site. When that comes to pass please call me, won't you? In calling for me just ask for Yi So-pang, who lives in West School Ward, Seoul.""</p><p>The mourner did as directed, and as the geomancer had foretold, all his affairs prospered. He built a large tiled house, and ornamented the grave with great stones as a prosperous and high-minded country gentleman should do.</p><p>After ten years a guest called one day, and saluting him asked, ""Is that grave yonder, beyond the stream, yours?"" The master answered, ""It is mine."" Then the stranger said, ""That is a famous site, but ten years have passed since you have come into possession of it, and the luck is gone; why do you not make a change? If you wait too long you will rue it and may meet with great disaster.""</p><p>The owner, hearing this, thought of Yi the geomancer, and what he had said years before. Remembering that, he asked the stranger to remain as his guest while he went next day to Seoul to ",seek Yi through the geomancer's guild.
flawed_fictions_cf_negs_102,0,1,FALSE,"1. Analyze character/plot/setting: The story involves a young Abraham Lincoln who borrowed a book from Mr. Crawford and accidentally damaged it. Abe does not have money to pay for the book and offers to work to compensate for the damage. Mr. Crawford agrees to let Abe shuck corn for three days in exchange for the book. 2. Compare target with context: The target sentence suggests Abe has already handed over payment for the book, which contradicts the story where Abe offers to work instead of paying money.","I'm sorry, Mr. Crawford, and want to fix it up with you, and I've just handed you the payment for the book,¡± said Abe.","I'm sorry, Mr. Crawford, and want to fix it up with you, if you can tell me how, for I have not got money to pay for it.¡±","<p>BY ORISON SWETT MARDEN</p><p>¡°I meant to take good care of your book, Mr. Crawford,¡± said the boy, ¡°but I've damaged it a good deal without intending to, and now I want to make it right with you. What shall I do to make it good?¡±</p><p>¡°Why, what happened to it, Abe?¡± asked the rich farmer, as he took the copy of Weems's ¡°Life of Washington¡± which he had lent young Lincoln, and looked at the stained leaves and warped binding. ¡°It looks as if it had been out through all last night's storm. How came you to forget, and leave it out to soak?¡±</p><p>¡°It was this way, Mr. Crawford,¡± replied Abe. ¡°I sat up late to read it, and when I went to bed, I put it away carefully in my bookcase, as I call it, a little opening between two logs in the wall of our cabin. I dreamed about General Washington all night. When I woke up I took it out to read a page or two before I did the chores, and you can't imagine how I felt when I found it in this shape. It seems that the mud-daubing had got out of the weather side of that crack, and the rain must have dripped on it three or four hours before I took it out. I'm sorry, Mr. Crawford, and want to fix it up with you, if you can tell me how, for I have not got money to pay for it.¡±</p><p>¡°Well,¡± said Mr. Crawford, ¡°come and shuck corn three days, and the book 's yours.¡±</p><p>Had Mr. Crawford told young Abraham Lincoln that he had fallen heir to a fortune the boy could hardly have felt more elated.</p><p>Having resolved the issue of the damaged book quickly, Abe felt a surge of responsibility and pride. He realized the importance of taking care of borrowed items and managing his own resources.</p><p>¡°","I'm sorry, Mr. Crawford, and want to fix it up with you, and I've just handed you the payment for the book,¡± said Abe."
flawed_fictions_cf_negs_104,0,1,FALSE,"1. The story involves a young man from Florence who loves a girl who does not love him back. She loves another youth who also loves her but not as much as the first man. 2. The first man is described as having abandoned everything and being quite beside himself, especially when he does not see her. 3. A friend takes the first man to a pleasant place for a fortnight to help him recover. 4. The target sentence describes 'that other' as being worn out in an unpleasant retreat, which contradicts the story's description of the retreat as pleasant. 5. The target sentence seems to refer to the first man, who is in a pleasant place, not an unpleasant retreat.","But that other was all worn out in the unpleasant retreat, and could no longer contain himself.",A friend of his was sorry for him. After much persuasion he took him away to a most pleasant place; and there they stayed quietly for a fortnight.,"<p>A young man of Florence loved a gentle virgin carnally. She did not love him at all, but loved another youth beyond measure, who loved her too, but not nearly so much as the first one.</p><p>And this was evident, for the other had abandoned everything, and had worn himself out, and was quite beside himself; and especially on those days when he did not see her.</p><p>A friend of his was sorry for him. After much persuasion he took him away to a most pleasant place; and there they stayed quietly for a fortnight.</p><p>In the meantime, the girl quarrelled with her mother. She sent her maid-servant, and let her tell him whom she loved that she desired to elope with him. He was exceedingly glad. The maid said: she desires you to come on horse-back when it is fully night; she will pretend to go down to the cellars. You will be ready at the door, and she will leap on to the horse behind you; she is light, and can ride well. He replied: I am well agreed.</p><p>When they had thus arranged matters, he prepared everything at a place of his. And there were his friends with him, on horse-back, and he let them wait at the gate [164], lest it be closed. And he went on a fine horse, and passed before her house. She had not been able to come yet because her mother watched her too carefully. He went away to rejoin his friends. ","But that other was all worn out in the unpleasant retreat, and could no longer contain himself."
flawed_fictions_cf_negs_105,0,1,FALSE,"1. The story describes the Rajah's jealousy and his plan to separate his son from the Vizier's son by using an old woman. 2. The old woman successfully sows dissension between the two friends, turning them into bitter enemies. 3. The target sentence claims that the Rajah's plan failed and that the two friends remained undisturbed by external plots, enjoying their friendship. 4. This directly contradicts the story's outcome where the friends become enemies due to the old woman's actions.","The Rajah, seeing that his plan had failed, ceased his attempts to sow discord between the boys. The two friends, undisturbed by external plots, spent their days in joyful camaraderie, learning and exploring the vast lands around them.","Thus the old woman sowed dissension in their hearts, and after a time, instead of being friends, they became bitter enemies.","<p>The Vizier's and the Rajah's son were great friends, and always together. This made the Rajah very jealous, and he called an old woman whom he knew, and asked her to separate the two.</p><p>This was a difficult task, as they were such fast friends, but the old woman was anxious to gain a reward, and said she would do it; so she called the Vizier's son, and when he asked her what she required, remained silent. Then she called the Rajah's son, and did the same.</p><p>After she had gone, the two questioned each other as to what she had said, and neither would believe the other when he declared she had said nothing at all; so they began to suspect one another of deceit, and quarrelled.</p><p>Thus the old woman sowed dissension in their hearts, and after a time, instead of being friends, they became bitter enemies. </p><p>","The Rajah, seeing that his plan had failed, ceased his attempts to sow discord between the boys. The two friends, undisturbed by external plots, spent their days in joyful camaraderie, learning and exploring the vast lands around them."
flawed_fictions_cf_negs_114,0,1,FALSE,"1. The story is set on a promontory by a lake, where the characters are sitting on a stone with waves splashing at their feet. 2. The target sentence introduces a fountain, which is not mentioned in the story. 3. The setting in the story is natural, involving a lake, while the target sentence suggests a man-made structure (fountain). 4. The target sentence implies the presence of a reflective surface, but the story only mentions the lake. 5. The target sentence does not fit the established setting of the story.","She leaned forward over the reflective surface of a nearby fountain to see her reflection, but her image was broken by the rippling water.","They sat on a stone on a promontory that ran out into the lake, and the waves splashed at their feet.","<p>They sat on a stone on a promontory that ran out into the lake, and the waves splashed at their feet. They sat silent, each wrapped in thought, and watched the sun go down.</p><p>_He_ thought that he should very much like to kiss her. </p><p>When he looked at her mouth, it occurred to him that this was just what it was meant for. He had, to be sure, seen girls prettier than she was, and he was really in love with someone else; but this other he could surely never kiss, because she was an ideal, a star, and what availed ¡°the desire of the moth for the star¡±?</p><p>_She_ thought that she should very much like to have him kiss her, so that she might have occasion to be downright angry with him and show how deeply she despised him. She would get up, pull her skirts tightly round her, give him a glance brimmed with icy contempt, and go off, erect and calm, without any unnecessary haste. But in order that he might not divine what she thought, she asked in a low, soft voice, ¡°Do you think there is another life after this?¡±</p><p>He thought it would be easier to kiss her if he said yes. But he could not remember for certain what he might have said on other occasions about the same subject, and he was afraid of contradicting himself. He therefore looked her deep in the eyes and answered, ¡°There are times when I think so.¡±</p><p>This answer pleased her extraordinarily, and she thought: At least I like his hair--and his forehead, too. It¡¯s only a pity his nose is so ugly, and then of course he has no standing--he¡¯s just a student who is reading for his examinations. That was not the sort of beau to vex her friends with.</p><p>He thought: Now I can certainly kiss her. He was, nevertheless, terribly afraid; he had never before kissed a girl of good family, and he wondered if it might not be dangerous. Her father was lying asleep in a hammock a little way off, and he was the mayor of the town.</p><p>She thought: Perhaps it will be still better if I give him a box on the ear when he kisses me.</p><p>And she thought again: Why doesn¡¯t he kiss me? Am I so ugly and disagreeable?</p><p>","She leaned forward over the reflective surface of a nearby fountain to see her reflection, but her image was broken by the rippling water."
flawed_fictions_cf_negs_115,0,1,FALSE,"1. The story establishes a unique naming system for various objects and beings in the house.\n2. The master instructs the servant to call the cat 'white-faced simminy.'\n3. The target sentence refers to 'fluffy paws,' which is not mentioned in the story.\n4. The target sentence should have used 'white-faced simminy' instead of 'fluffy paws.'\n5. The target sentence uses 'hot cockalorum' and 'pondalorum' correctly for fire and water, respectively.\n6. The target sentence uses 'high topper mountain' correctly for the house.\n7. The error is in the naming of the cat.","fluffy paws has got a spark of hot cockalorum on its tail, and unless you get some pondalorum high topper mountain will be all on hot cockalorum.","¡°You must call her 'white-faced simminy.' And this now,¡± showing the fire, ¡°what would you call this?¡±","<p>A girl once went to the fair to hire herself for servant. At last a funny-looking old gentleman engaged her, and took her home to his house. When she got there, he told her that he had something to teach her, for that in his house he had his own names for things.</p><p>He said to her: ¡°What will you call me?¡±</p><p>¡°Master or mister, or whatever you please sir,¡± says she.</p><p>He said: ¡°You must call me 'master of all masters.' And what would you call this?¡± pointing to his bed.</p><p>¡°Bed or couch, or whatever you please, sir.¡±</p><p>¡°No, that's my 'barnacle.' And what do you call these?¡± said he pointing to his pantaloons.</p><p>¡°Breeches or trousers, or whatever you please, sir.¡±</p><p>¡°You must call them 'squibs and crackers.' And what would you call her?¡±  pointing to the cat.</p><p>¡°Cat or kit, or whatever you please, sir.¡±</p><p>¡°You must call her 'white-faced simminy.' And this now,¡± showing the fire, ¡°what would you call this?¡±</p><p>¡°Fire or flame, or whatever you please, sir.¡±</p><p>¡°You must call it 'hot cockalorum,' and what this?¡± he went on, pointing to the water.</p><p>¡°Water or wet, or whatever you please, sir.¡±</p><p>¡°No, 'pondalorum' is its name. And what do you call all this?¡± asked he, as he pointed to the house.</p><p>¡°House or cottage, or whatever you please, sir.¡±</p><p>¡°You must call it 'high topper mountain.'¡±</p><p>That very night the servant woke her master up in a fright and said: ¡°Master of all masters, get out of your barnacle and put on your squibs and crackers. For ","fluffy paws has got a spark of hot cockalorum on its tail, and unless you get some pondalorum high topper mountain will be all on hot cockalorum."
flawed_fictions_cf_negs_116,0,1,FALSE,"1. The story describes a charitable event organized by Messer Azzolino Romano, where he provides new clothes and food to the poor, and compensates them with gold and silver after burning their old clothes. 2. The story also mentions a peasant charging a neighbor with cherry theft, but it does not elaborate on Messer Azzolino's involvement in this incident. 3. The target sentence suggests that without the cherry theft incident, there was less need for Messer Azzolino's intervention in minor disputes. 4. The story does not provide any information about Messer Azzolino's role in resolving the cherry theft or any other disputes. 5. Therefore, the target sentence introduces an assumption not supported by the story context.","Without the incident of the cherry theft, there was less need for Messer Azzolino's direct intervention in minor disputes among the villagers.",It was in his [144] time that a certain peasant charged a neighbour with having stolen his cherries.,"<p>Messer Azzolino Romano once announced a great charity in his territory, and invited the people there and elsewhere to attend.</p><p>And so all the poor men and women were summoned to his meadows on a certain day, that each should be given a new habit and plenty to eat. The news spread abroad. Folk came from all parts.</p><p>When the day of the assembly arrived, the seneschals [143] were ready with the clothes and the food, and each person was made to undress and cast off his old shoes, when new clothes were given and food handed out.</p><p>The poor people wanted their old clothes back, but it was of no avail, for they were all piled up in a heap and fire was laid thereto.</p><p>Then so much gold and silver were given as compensated them, and they were told to go home in the name of God.</p><p>It was in his [144] time that a certain peasant charged a neighbour with having stolen his cherries. </p><p>","Without the incident of the cherry theft, there was less need for Messer Azzolino's direct intervention in minor disputes among the villagers."
flawed_fictions_cf_negs_121,0,1,FALSE,"1. The story is about Deacon Azariah Perkins, who is from West Hartford, Connecticut. 2. The story mentions that Deacon Perkins has a strong preference for negro dialect stories and has no interest in other dialects, such as Scotch. 3. The target sentence uses an Irish dialect ('Top o¡¯ the mornin¡¯ to ye, me li¡¯l¡¯ lads and lasses!'). 4. This contradicts the story's context, which states that Deacon Perkins only has ears and eyes for the negro dialect. 5. Therefore, the target sentence is inconsistent with the character's established preferences.","¡°Top o¡¯ the mornin¡¯ to ye, me li¡¯l¡¯ lads and lasses!¡±","But his was not a healthy, catholic taste; he had ears and eyes for one dialect alone--the negro. For him Ian Maclaren and Barrie spread their most tempting Scotch jaw-breakers in vain; he had no desire for them.","<p>It is now some fifteen years since the dialect story assumed undue prominence in the literary output of the time, and about eight since it became a ¡°craze.¡± There is no craze without its attendant disease or ailment: thus roller-skating developed ¡°roller¡¯s heel¡±; gum-chewing, ¡°chewer¡¯s jaw¡±; bicycling, the ¡°bicycle face,¡± and later the ¡°leg¡±; housekeeping, ¡°housemaid¡¯s knee¡±; golf-playing, ¡°idiocy¡±; and so on, every craze having a damaging effect upon some portion of the anatomy. It is only within the last year, however, that it has been discovered that an over-indulgence in dialect stories is liable to bring on an affection of the tongue.</p><p>A peculiarly sad case and the most notable that has thus far been brought to the attention of the public is that of Deacon Azariah Perkins of West Hartford, Connecticut.</p><p>Far from deploring the spread of the dialect story, he reveled in it, reading all the tales that he could get hold of in magazines or circulating library. But his was not a healthy, catholic taste; he had ears and eyes for one dialect alone--the negro. For him Ian Maclaren and Barrie spread their most tempting Scotch jaw-breakers in vain; he had no desire for them. After fifteen years of negro dialect in every form in which Southern and Northern writers can serve it, any specialist in nervous disorders could have told the deacon that he was liable to have ¡°negromania¡±; but West Hartford does not employ specialists, and so the stroke came unheralded, with all the suddenness of apoplexy.</p><p>Deacon Perkins has always been able to think standing; indeed, he has been called the Chauncey Depew of West Hartford, and no revival meeting or strawberry festival or canned clam-bake was considered a success unless the deacon¡¯s ready tongue took part in the exercises.</p><p></p><p>Last Sunday they had a children¡¯s festival in the Congregational Church, and after the children had made an end of reciting and singing, the deacon was called upon for a few remarks. He is a favorite with young and old, and a man of great purity and simplicity of character. He arose with alacrity and walked down the isle with the lumbering gait peculiar to New-Englanders who have struggled with rocky farms the best part of their lives. He ascended the platform steps, inclined his head to the audience, and spoke as follows:</p><p>","¡°Top o¡¯ the mornin¡¯ to ye, me li¡¯l¡¯ lads and lasses!¡±"
flawed_fictions_cf_negs_123,0,1,FALSE,"1. The story involves two young men and a girl. The first young man loves the girl but she does not love him back. The second young man is the one she loves and plans to elope with. 2. The first young man is taken away by a friend to a pleasant place for a fortnight, indicating he is not in town. 3. The target sentence suggests the first young man is in town and observing the girl's house, which contradicts the story context. 4. The story clearly states that the first young man was taken away and stayed quietly for a fortnight, which means he cannot be in town observing the girl's house.","But that other was in town, restless and unable to contain himself. He had been observing the movements around her house, suspecting something might happen.",A friend of his was sorry for him. After much persuasion he took him away to a most pleasant place; and there they stayed quietly for a fortnight.,"<p>A young man of Florence loved a gentle virgin carnally. She did not love him at all, but loved another youth beyond measure, who loved her too, but not nearly so much as the first one.</p><p>And this was evident, for the other had abandoned everything, and had worn himself out, and was quite beside himself; and especially on those days when he did not see her.</p><p>A friend of his was sorry for him. After much persuasion he took him away to a most pleasant place; and there they stayed quietly for a fortnight.</p><p>In the meantime, the girl quarrelled with her mother. She sent her maid-servant, and let her tell him whom she loved that she desired to elope with him. He was exceedingly glad. The maid said: she desires you to come on horse-back when it is fully night; she will pretend to go down to the cellars. You will be ready at the door, and she will leap on to the horse behind you; she is light, and can ride well. He replied: I am well agreed.</p><p>When they had thus arranged matters, he prepared everything at a place of his. And there were his friends with him, on horse-back, and he let them wait at the gate [164], lest it be closed. And he went on a fine horse, and passed before her house. She had not been able to come yet because her mother watched her too carefully. He went away to rejoin his friends. ","But that other was in town, restless and unable to contain himself. He had been observing the movements around her house, suspecting something might happen."
flawed_fictions_cf_negs_125,0,1,FALSE,"1. The story is set in a mythical world with demi-gods and dwarfs, indicating a fantasy setting. 2. The Bleaks of Eerie are described as unattained and unattainable pinnacles, suggesting they are remote and difficult to access. 3. The target sentence mentions 'early morning hikers,' implying a modern, accessible setting. 4. Compare the target sentence with the story's description of the Bleaks of Eerie.","Bleaks of Eerie, now crossed by early morning hikers","On one of those unattained, and unattainable pinnacles that are known as the Bleaks of Eerie, an eagle was looking East with a hopeful presage of blood.","<p>On one of those unattained, and unattainable pinnacles that are known as the Bleaks of Eerie, an eagle was looking East with a hopeful presage of blood.</p><p>For he knew, and rejoiced in the knowledge, that eastward over the dells the dwarfs were risen in Ulk, and gone to war with the demi-gods.</p><p>The demi-gods are they that were born of earthly women, but their sires are the elder gods who walked of old among men.  Disguised they would go through the villages sometimes in summer evenings, cloaked and unknown of men; but the younger maidens knew them and always ran to them singing, for all that their elders said: in evenings long ago they had danced to the woods of the oak-trees.  Their children dwelt out-of-doors beyond the dells of the bracken, in the cool and heathery lands, and were now at war with the dwarfs.</p><p>Dour and grim were the demi-gods and had the faults of both parents, and would not mix with men but claimed the right of their fathers, and would not play human games but forever were prophesying, and yet were more frivolous than their mothers were, whom the fairies had long since buried in wild wood gardens with more than human rites.</p><p>And being irked at their lack of rights and ill content with the land, and having no power at all over the wind and snow, and caring little for the powers they had, the demi-gods became idle, greasy, and slow; and the contemptuous dwarfs despised them ever.</p><p>The dwarfs were contemptuous of all things savouring of heaven, and of everything that was even partly divine.  They were, so it has been said, of the seed of man; but, being squat and hairy like to the beasts; they praised all beastly things, and bestiality was shown reverence among them, so far as reverence was theirs to show.  So most of all they despised the discontent of the demi-gods, who dreamed of the courts of heaven and power over wind and snow; for what better, said the dwarfs, could demi-gods do than nose in the earth for roots and cover their faces with mire, and run with the cheerful goats and be even as they?</p><p>Now in their idleness caused by their discontent, the seed of the gods and the maidens grew more discontented still, and only spake of or cared for heavenly things; until the contempt of the dwarfs, who heard of all these doings, was bridled no longer and it must needs be war. They burned spice, dipped in blood and dried, before the chief of their witches, sharpening their axes, and made war on the demi-gods.</p><p>They passed by night over the Oolnar Mountains, each dwarf with his good axe, the old flint war-axe of his fathers, a night when no moon shone, and they went unshod, and swiftly, to come on the demi-gods in the darkness beyond the dells of Ulk, lying fat and idle and contemptible.</p><p>And before it was light they found the heathery lands, and the demi-gods lying lazy all over the side of a hill.  The dwarfs stole towards them warily in the darkness.</p><p>Now the art that the gods love most is the art of war: and when the seed of the gods and those nimble maidens awoke and found it was war it was almost as much to them as the godlike pursuits of heaven, enjoyed in the marble courts; or power over wind and snow.  They all drew out at once their swords of tempered bronze, cast down to them centuries since on stormy nights when their fathers, drew them and faced the dwarfs, and casting their idleness from them, fell on them, sword to axe.  And the dwarfs fought hard that night, and bruised the demi-gods sorely, hacking with those huge axes that had not spared the oaks.  Yet for all the weight of their blows and the cunning of their adventure, one point they had overlooked: _the demi-gods were immortal._</p><p>As the fight rolled on towards morning the fighters were fewer and fewer, yet for all the blows of the dwarfs men fell upon one side only.</p><p>Dawn came and the demi-gods were fighting against no more than six, and the hour that follows dawn, and the last of the dwarfs was gone.</p><p>And when the light was clear on that peak of the ","Bleaks of Eerie, now crossed by early morning hikers"
flawed_fictions_cf_negs_127,0,0,TRUE,"1. Analyze character/plot/setting: Mr. Jeremy Fisher is a frog who lives by a pond and enjoys fishing. He plans to invite his friends, Mr. Alderman Ptolemy Tortoise and Sir Isaac Newton, for dinner if he catches more than five fish. However, he ends up not catching any fish and loses his rod and basket. Despite this, his friends come to dinner. 2. Compare target with context: The target sentence states that Mr. Alderman Ptolemy Tortoise brought a smoked eel with him. In the story, it is mentioned that Mr. Alderman Ptolemy Tortoise eats salad, which could imply he is not likely to bring or eat an eel. However, there is no explicit contradiction in the story about Mr. Alderman bringing an eel, as it is not stated that he cannot or would not bring one.",,,"<p>ONCE upon a time there was a frog called Mr. Jeremy Fisher; he lived in a little damp house amongst the buttercups at the edge of a pond.</p><p>THE water was all slippy-sloppy in the larder and in the back passage.</p><p>But Mr. Jeremy liked getting his feet wet; nobody ever scolded him, and he never caught a cold!</p><p>HE was quite pleased when he looked out and saw large drops of rain, splashing in the pond--</p><p>""I WILL get some worms and go fishing and catch a dish of minnows for my dinner,"" said Mr. Jeremy Fisher. ""If I catch more than five fish, I will invite my friends Mr. Alderman Ptolemy Tortoise and Sir Isaac Newton. The Alderman, however, eats salad.""</p><p>MR. JEREMY put on a macintosh, and a pair of shiny goloshes; he took his rod and basket, and set off with enormous hops to the place where he kept his boat.</p><p>THE boat was round and green, and very like the other lily-leaves. It was tied to a water-plant in the middle of the pond.</p><p>MR. JEREMY took a reed pole, and pushed the boat out into open water. ""I know a good place for minnows,"" said Mr. Jeremy Fisher.</p><p>MR. JEREMY stuck his pole into the mud and fastened his boat to it.</p><p>Then he settled himself cross-legged and arranged his fishing tackle. He had the dearest little red float. His rod was a tough stalk of grass, his line was a fine long white horse-hair, and he tied a little wriggling worm at the end.</p><p>THE rain trickled down his back, and for nearly an hour he stared at the float.</p><p>""This is getting tiresome, I think I should like some lunch,"" said Mr. Jeremy Fisher.</p><p>HE punted back again amongst the water-plants, and took some lunch out of his basket.</p><p>""I will eat a butterfly sandwich, and wait till the shower is over,"" said Mr. Jeremy Fisher.</p><p>A GREAT big water-beetle came up underneath the lily leaf and tweaked the toe of one of his goloshes.</p><p>Mr. Jeremy crossed his legs up shorter, out of reach, and went on eating his sandwich.</p><p>ONCE or twice something moved about with a rustle and a splash amongst the rushes at the side of the pond.</p><p>""I trust that is not a rat,"" said Mr. Jeremy Fisher; ""I think I had better get away from here.""</p><p>MR. JEREMY shoved the boat out again a little way, and dropped in the bait. There was a bite almost directly; the float gave a tremendous bobbit!</p><p>""A minnow! a minnow! I have him by the nose!"" cried Mr. Jeremy Fisher, jerking up his rod.</p><p>BUT what a horrible surprise! Instead of a smooth fat minnow, Mr. Jeremy landed little Jack Sharp the stickleback, covered with spines!</p><p>THE stickleback floundered about the boat, pricking and snapping until he was quite out of breath. Then he jumped back into the water.</p><p>AND a shoal of other little fishes put their heads out, and laughed at Mr. Jeremy Fisher.</p><p>AND while Mr. Jeremy sat disconsolately on the edge of his boat--sucking his sore fingers and peering down into the water--a MUCH worse thing happened; a really FRIGHTFUL thing it would have been, if Mr. Jeremy had not been wearing a macintosh!</p><p>A GREAT big enormous trout came up--ker-pflop-p-p-p! with a splash--and it seized Mr. Jeremy with a snap, ""Ow! Ow! Ow!""--and then it turned and dived down to the bottom of the pond!</p><p>BUT the trout was so displeased with the taste of the macintosh, that in less than half a minute it spat him out again; and the only thing it swallowed was Mr. Jeremy's goloshes.</p><p>MR. JEREMY bounced up to the surface of the water, like a cork and the bubbles out of a soda water bottle; and he swam with all his might to the edge of the pond.</p><p>HE scrambled out on the first bank he came to, and he hopped home across the meadow with his macintosh all in tatters.</p><p>""WHAT a mercy that was not a pike!"" said Mr. Jeremy Fisher. ""I have lost my rod and basket; but it does not much matter, for I am sure I should never have dared to go fishing again!""</p><p>HE put some sticking plaster on his fingers, and his friends both came to dinner. He could not offer them fish, but he had something else in his larder.</p><p>SIR ISAAC NEWTON wore his black and gold waistcoat,</p><p>",AND Mr. Alderman Ptolemy Tortoise brought a smoked eel with him in a string bag.
flawed_fictions_cf_negs_128,0,1,FALSE,"1. The story describes a princess who is a scold and whose tongue goes so fast, there was no stopping it. This implies she talks a lot and freely. 2. The target sentence suggests that the princess found herself engaging in conversation more freely than ever before, implying a change in her behavior. 3. The context of the story does not indicate any change in the princess's behavior; she is already described as someone who talks a lot. 4. Therefore, the target sentence contradicts the established character trait of the princess.","To this the Princess finally found herself engaging in the conversation, her words flowing more freely than ever before.","Once on a time there was a king, and he had a daughter who was such a scold, and whose tongue went so fast, there was no stopping it.","<p>Once on a time there was a king, and he had a daughter who was such a scold, and whose tongue went so fast, there was no stopping it. So he gave out that the man who could stop her tongue should have the Princess to wife, and half his kingdom into the bargain. Now, three brothers, who heard this, made up their minds to go and try their luck; and first of all the two elder went, for they thought they were the cleverest; but they couldn¡¯t cope with her at all, and got well thrashed besides.</p><p>Then Boots, the youngest, set off, and when he had gone a little way he found an ozier band lying on the road, and he picked it up. When he had gone a little farther he found a piece of a broken plate, and he picked that up too. A little farther on he found a dead magpie, and a little farther on still, a crooked ram¡¯s horn; so he went on a bit and found the fellow to the horn; and at last, just as he was crossing the fields by the king¡¯s palace, where they were pitching out dung, he found a worn-out shoe-sole. All these things he took with him into the palace, and went before the Princess.</p><p>¡°Good day¡±, said he.</p><p>¡°Good day¡±, said she, and made a wry face.</p><p>¡°Can I get my magpie cooked here?¡± he asked.</p><p>¡°I¡¯m afraid it will burst¡±, answered the Princess.</p><p>¡°Oh! never fear! for I¡¯ll just tie this ozier band round it¡±, said the lad, as he pulled it out.</p><p>¡°The fat will run out of it¡±, said the Princess.</p><p>¡°Then I¡¯ll hold this under it¡±, said the lad, and showed her the piece of broken plate.</p><p>¡°You are so crooked in your words¡±, said the Princess, ¡°there¡¯s no knowing where to have you.¡±</p><p>¡°No, I¡¯m not crooked¡±, said the lad; ¡°but this is¡±, as he held up one of the horns.</p><p>¡°Well!¡± said the Princess, ¡°I never saw the match of this in all my days.¡±</p><p>¡°Why, here you see the match to it¡±, said the lad, as he pulled out the other ram¡¯s horn.</p><p>¡°I think¡±, said the Princess, ¡°you must have come here to make me talk with your nonsense.¡±</p><p>¡°No, I have not¡±, said the lad; ¡°but this is worn out¡±, as he pulled out the shoe-sole.</p><p>","To this the Princess finally found herself engaging in the conversation, her words flowing more freely than ever before."
flawed_fictions_cf_negs_129,0,1,FALSE,"1. The story describes Washington's actions after Fort Duquesne fell: he hurried home, resigned his commission, and got married. This indicates he left his military role. 2. The target sentence suggests Washington's continued commitment to his military role, which contradicts the story's context. 3. The story explicitly states he resigned his commission, indicating he was no longer committed to a military role.",and his continued commitment to his military role.,"Washington as soon as Fort Duquesne had fallen hurried home, resigned his commission, and was married.","<p>Washington as soon as Fort Duquesne had fallen hurried home, resigned his commission, and was married. The sunshine and glitter of the wedding day must have appeared to Washington deeply appropriate, for he certainly seemed to have all that heart of man could desire. Just twenty-seven, in the first flush of young manhood, keen of sense and yet wise in experience, life must have looked very fair and smiling. He had left the army with a well-earned fame, and had come home to take the wife of his choice, and enjoy the good will and respect of all men.</p><p>While away on his last campaign he had been elected a member of the House of Burgesses, and when he took his seat, on removing to Williamsburg, three months after his marriage, Mr. Robinson, the Speaker, thanked him publicly in eloquent words for his services to the country ",and his continued commitment to his military role.
flawed_fictions_cf_negs_131,0,0,TRUE,"1. The story introduces a woodman and his wife who are childless and live near the Honorable Mountain. The wife prays to the mountain for a child. 2. The mountain does not speak, but a light appears, which the wife interprets as a child's face. 3. The husband goes to investigate and finds a moon child named Princess Moonbeam. 4. The target sentence involves the woodman inviting the moon child to be a child to his wife. 5. The target sentence refers to the moon child as 'Little Princess,' which is consistent with her being called 'Princess Moonbeam.' 6. The target sentence suggests the moon child can comfort the wife, aligning with the wife's desire for a child. 7. There is no contradiction between the target sentence and the story context.",,,"<p>A woodman once dwelt with his wife at the edge of the forest, under the shadow of the Honorable Mountain. The two were industrious and good, but though they loved each other they were not happy. No children had come to bless them and this the wife mourned deeply.</p><p>The husband pitied her and treated her very kindly, yet still she was sad. As she gazed upon the snows of Fujiyama her heart swelled within her and she prostrated herself and said, ¡°Fuji no Yama, Honorable Mountain, my heart is heavy because no childish arms encircle my neck, no little head nestles in my bosom. From thy eternal purity send some little white soul to comfort me!¡±</p><p>The Honorable Mountain spoke not; yet as she prayed, lo, from its heights there sparkled and glowed a tiny light. Fitful and gleaming it seemed, yet it had a silver radiance as of the moon.</p><p>The woodman¡¯s wife beheld it, and she called to her husband eagerly, ¡°Come hither, I pray you. See the strange light which comes from Fuji San. I seem to see a face smiling at me. It is the face of a little child!¡±</p><p>Then her husband smiled at her fancy, but, because he loved her, he said indulgently, ¡°I will go and see what it is.¡±</p><p>¡°I thank you, my lord; go quickly!¡± she replied.</p><p>So, quickly he went to the forest, and as he neared a mountain stream, with Fuji gleaming cold and white in the moonlight, he saw the strange light, which seemed to hover and rest upon the branches of a tall bamboo. Hastening thither he found there a moon child, a tiny, fragile, fairy thing, more beautiful than any child he had ever seen.</p><p>¡°Little creature,¡± he said. ¡°Who are you?¡±</p><p>¡°My name is Princess Moonbeam,¡± she answered sweetly. ¡°My mother is the Moon Lady, and she has sent me to Earth because every Moon Child must do some good thing, else will its silvery light become pale and wan and be of no avail.¡±</p><p>¡°","Little Princess,¡± he said with a thought of perhaps mending the strained atmosphere at home, ¡°the best of good deeds is to comfort a sad heart. Come home with me and be a child to my wife, who weeps for children. Thus will your beams grow bright.¡±"
flawed_fictions_cf_negs_132,0,1,FALSE,"1. The story describes a tribe of Indians who are characterized as wicked, fierce, warlike, and wasteful. They destroy forests, plants, and animals without purpose. 2. The target sentence claims that the Great Spirit saw the respect this tribe had for all living things and that they followed his teachings well. 3. This is a direct contradiction because the story context shows the tribe as disrespectful to nature, not living in harmony with it.","At last the Great Spirit, who always watched over the Indians, saw the respect this tribe had for all living things. Always he had taught the Indians to live in harmony with nature, and this tribe had followed his teachings well.","A great many winters ago, there lived at the foot of a certain lake a tribe of wicked Indians. These Indians were so fierce, and warlike, and wasteful, they went about destroying everything. They laid low a tract of beautiful forest trees, for no good purpose. They tore up shrubs and plants that gave them food and medicine. They shot their arrows into every bird or animal they saw, just for sport.","<p>A great many winters ago, there lived at the foot of a certain lake a tribe of wicked Indians. These Indians were so fierce, and warlike, and wasteful, they went about destroying everything.</p><p>They laid low a tract of beautiful forest trees, for no good purpose. They tore up shrubs and plants that gave them food and medicine. They shot their arrows into every bird or animal they saw, just for sport.</p><p></p><p>The great trees--their silent brothers of the wood--trembled and sighed when they heard these Indians coming. The squirrels darted into hollow trees, and birds flew in alarm at their footsteps. The deer and rabbit ran from the trail.</p><p>","At last the Great Spirit, who always watched over the Indians, saw the respect this tribe had for all living things. Always he had taught the Indians to live in harmony with nature, and this tribe had followed his teachings well."
flawed_fictions_cf_negs_134,0,1,FALSE,"1. The story describes a harsh, cold environment in the region of the Kabinikagam, with short days and long nights. The sun is described as low on the horizon, providing little cheer and no warmth, and it sets early in the afternoon. 2. The target sentence suggests there are extended hours at midday, which implies longer daylight. 3. This contradicts the story's description of the sun's behavior and the overall setting of short days and long nights.",Except for the extended hours at midday these people moved in the gloom and shadow of a nether world.,"Ever the days grew shorter. The sun swung above the horizon, low to the south, and dipped back as though pulled by some invisible string. Slanting through the trees it gave little cheer and no warmth. Early in the afternoon it sank, silhouetting the pointed firs, casting across the snow long, crimson shadows, which faded into gray.","<p>For the space of nearly ten weeks these people travelled thus in the region of the Kabinikagam. Sometimes they made long marches; sometimes they camped for the hunting; sometimes the great, fierce storms of the north drove them to shelter, snowed them under, and passed on shrieking. The wind opposed them. At first of little account, its very insistence gave it value. Always the stinging snow whirling into the face; always the eyes watering and smarting; always the unyielding opposition against which to bend the head; always the rush of sound in the ears,--a distraction against which the senses had to struggle before they could take their needed cognisance of trail and of game. An uneasiness was abroad with the wind, an uneasiness that infected the men, the dogs, the forest creatures, the very insentient trees themselves. It racked the nerves. In it the inimical Spirit of the North seemed to find its plainest symbol; though many difficulties she cast in the way were greater to be overcome.</p><p>Ever the days grew shorter. The sun swung above the horizon, low to the south, and dipped back as though pulled by some invisible string. Slanting through the trees it gave little cheer and no warmth. Early in the afternoon it sank, silhouetting the pointed firs, casting across the snow long, crimson shadows, which faded into gray. It was replaced by a moon, chill and remote, dead as the white world on which it looked.</p><p>In the great frost continually the trees were splitting with loud, sudden reports. The cold had long since squeezed the last drops of moisture from the atmosphere. It was metallic, clear, hard as ice, brilliant as the stars, compressed with the freezing. The moon, the stars, the earth, the very heavens glistened like polished steel. Frost lay on the land thick as a coverlid. It hid the east like clouds of smoke. Snow remained unmelted two feet from the camp-fire.</p><p>And the fire alone saved these people from the enemy. If Sam stooped for a moment to adjust his snow-shoe strap, he straightened his back with a certain reluctance,--already the benumbing preliminary to freezing had begun. If Dick, flipping his mitten from his hand to light his pipe, did not catch the fire at the second tug, he had to resume the mitten and beat the circulation into his hand before renewing the attempt, lest the ends of his fingers become frosted. Movement, always and incessantly, movement alone could keep going the vital forces on these few coldest days until the fire had been built to fight back the white death.</p><p>It was the land of ghosts. ",Except for the extended hours at midday these people moved in the gloom and shadow of a nether world.
flawed_fictions_cf_negs_138,0,1,FALSE,"1. The story describes an old woman who is suffering from poverty and privation. Her hands are described as trembling ceaselessly due to these conditions. 2. The target sentence describes her hands as steady, which contradicts the earlier description of her hands trembling. 3. The contradiction lies in the description of her hands' steadiness versus their trembling due to privation.","Something was in the corner, she felt it with her steady hands.","Her hand, which gathered a grimy plaid shawl at her throat, trembled ceaselessly from privation, and the vile liquor privation had brought.","<p>She was not a pretty sight ... an old woman tottering under sixty years of poverty ... and now was the worst poverty of all. Her hand, which gathered a grimy plaid shawl at her throat, trembled ceaselessly from privation, and the vile liquor privation had brought. She was hungry; it seemed to her that she had never eaten. She was cold; it seemed to her that she had never known warmth.</p><p>She crept into a little hallway on the water front. The breeze from the river was not a strong one; but to her it was a hurricane. The drizzling rain hurt her. The minor tones of a bell from a ship at the near-by docks told that it was midnight. With inarticulate moans she crouched down in a corner, closing the door to keep out the wind and rain.</p><p>","Something was in the corner, she felt it with her steady hands."
flawed_fictions_cf_negs_141,0,1,FALSE,"1. The story describes a shoemaker who finds finished shoes each morning, made by mysterious helpers. 2. The shoes are described as 'neatly sewn' and 'as good as the work of a master-hand,' indicating high quality. 3. The target sentence suggests the shoes were clumsily finished due to haste. 4. This contradicts the story's description of the shoes' quality.",but their haste led to a clumsy finish.,"They were so neatly sewn that not a stitch was out of place, and were as good as the work of a master-hand.","<p>There was once a shoemaker who, through no fault of his own, had become so poor that at last he had only leather enough left for one pair of shoes. At evening he cut out the shoes which he intended to begin upon the next morning, and since he had a good conscience, he lay down quietly, said his prayers, and fell asleep.</p><p>In the morning when he had prayed, as usual, and was preparing to sit down to work, he found the pair of shoes standing finished on his table. He was amazed, and could not understand it in the least.</p><p>He took the shoes in his hand to examine them more closely. They were so neatly sewn that not a stitch was out of place, and were as good as the work of a master-hand.</p><p>Soon after a purchaser came in, and as he was much pleased with the shoes, he paid more than the ordinary price for them, so that the shoemaker was able to buy leather for two pairs with the money.</p><p>He cut them out in the evening, and next day, with fresh courage was about to go to work; but he had no need to, for when he got up, the shoes were finished, and buyers were not lacking. These gave him so much money that he was able to buy leather for four pairs of shoes.</p><p>Early next morning he found the four pairs finished, and so it went on; what he cut out at evening was finished in the morning, so that he was soon again in comfortable circumstances, and became a well-to-do man.</p><p>Now it happened one evening, not long before Christmas, when he had cut out shoes as usual, that he said to his wife: ""How would it be if we were to sit up to-night to see who it is that lends us such a helping hand?""</p><p>The wife agreed, lighted a candle, and they hid themselves in the corner of the room behind the clothes which were hanging there.</p><p>At midnight came two little naked men, who sat down at the shoemaker's table, took up the cut-out work, and began with their tiny fingers to stitch, sew, and hammer ",but their haste led to a clumsy finish.
flawed_fictions_cf_negs_142,0,1,FALSE,"1. The story describes a calm sea with a cat-boat sailing smoothly. The sails are described as 'piped to larboard, starboard, and port' and the cordage is 'in neat coils'.
2. The target sentence suggests the sails are tangled, which contradicts the description of the sails being neatly arranged.
3. The captain is described as not delaying tasks, indicating he would not let the sails become tangled.
4. The target sentence implies a problem with the sails, which is not supported by the story context.","He barked orders to correct the tangled sails,","Her sails were piped to larboard, starboard, and port; and as she rolled steadily along in the heavy wash and undertow, her companion-light, already kindled, shed a delicate ray across the bay to where the dull red disk of the sun was dipping its colors. Her cordage lay astern, in the neat coils that seamen know so well how to make.","<p>The sea lay low in the offing, and as far as the eye could reach, immense white-caps rode upon it as quietly as pond-lilies on the bosom of a lake.</p><p>Fleecy clouds dotted the sky, and far off toward the horizon a full-rigged four-masted cat-boat lugged and luffed in the calm evening breezes. Her sails were piped to larboard, starboard, and port; and as she rolled steadily along in the heavy wash and undertow, her companion-light, already kindled, shed a delicate ray across the bay to where the dull red disk of the sun was dipping its colors.</p><p>Her cordage lay astern, in the neat coils that seamen know so well how to make. The anchor had been weighed this half-hour, and the figures put down in the log; for Captain Bliffton was not a man to put off doing anything that lay in the day¡¯s watch.</p><p>Away to eastward, two tiny black clouds stole along as if they were diffident strangers in the sky, and were anxious to be gone. Now and again came the report of some sunset gun from the forts that lined the coast, and sea-robins flew with harsh cries athwart the sloop of fishing-boats that were beating to windward with gaffed topsails.</p><p>¡°Davy Jones¡¯ll have a busy day to-morrow,¡± growled Tom Bowsline, the first boatswain¡¯s mate.</p><p>¡°Meaning them clouds is windy?¡± answered the steward, with a glance to leeward.</p><p>¡°The same,¡± answered the other, shaking out a reef, and preparing to batten the tarpaulins. ¡°What dinged fools them fellers on the sloop of fishin¡¯-ships is! They¡¯ve got their studdin¡¯sails gaffed and the mizzentops aft of the gangway; an¡¯ if I know a marlinspike from a martingale, we¡¯re goin¡¯ to have as pretty a blow as ever came out of the south.¡±</p><p>And, indeed, it did look to be flying in the face of Providence, for the mackerel-ships, to the last one, were tugging and straining to catch the slightest zephyr, with their yard-arms close-hauled and their poop-decks flush with the fo¡¯c¡¯sle.</p><p>The form of the captain of the cat-boat was now visible on the stairs leading to the upper deck. ","He barked orders to correct the tangled sails,"
flawed_fictions_cf_negs_146,0,1,FALSE,"1. The story is set in a forest where a man is cutting down trees. 2. The man interacts with a fairy living inside a tree. 3. The target sentence mentions a 'cave entrance,' which is inconsistent with the setting of the story, as there is no mention of a cave. 4. The target sentence also implies the man is looking at something different from the trees, which contradicts the story's focus on trees and the fairy's house. 5. The target sentence does not fit the established setting or actions.",The man stood looking at the cave entrance and scratching his head.,"At last he found one that was hollow inside, as he could tell by knocking upon it with his ax. 'It ought not to take long to cut this down,' said he to himself. He raised his ax and struck the tree such a blow that the splinters flew. At once the bark opened and a little old fairy with a long beard came running out of the tree.","<p>Once upon a time a poor man took his ax and went out into the forest to cut wood. He was a lazy fellow, so as soon as he was in the forest he began to look about to see which tree would be the easiest to cut down. At last he found one that was hollow inside, as he could tell by knocking upon it with his ax. ¡°It ought not to take long to cut this down,¡± said he to himself. He raised his ax and struck the tree such a blow that the splinters flew.</p><p>At once the bark opened and a little old fairy with a long beard came running out of the tree.</p><p>¡°What do you mean by chopping into my house?¡± he cried; and his eyes shone like red hot sparks, he was so angry.</p><p>¡°I did not know it was your house,¡± said the man.</p><p>¡°Well, it is my house, and I¡¯ll thank you to let it alone,¡± cried the fairy.</p><p>¡°Very well,¡± said the man. ¡°I¡¯d just as lieve cut down some other tree. I¡¯ll chop down the one over yonder.¡±</p><p>¡°That is well,¡± said the fairy. ¡°I see that you are an obliging fellow, after all. I have it in my mind to reward you for sparing my house, so the next three wishes you and your wife make shall come true, whatever they are; and that is your reward.¡±</p><p>Then the fairy went back into the tree again and pulled the bark together behind him.</p><p>",The man stood looking at the cave entrance and scratching his head.
flawed_fictions_cf_negs_148,0,1,FALSE,"1. The story describes the Icebergs as having never been away from North Pole Land and not knowing about the warm South Wind or Mr. Sun. 2. The target sentence suggests the Icebergs recall past encounters, implying prior experience with warmth. 3. This contradicts the story's context where the Icebergs are unaware of warmth and have no past encounters with it.","The Icebergs, recalling their past encounters, felt the warmth creeping into their cores, causing them to hesitate as they approached the ship.","The Icebergs believed old North Wind, for they had never been away from North Pole Land and did not know anything about the warm South Wind, or how warm and melting Mr. Sun could be.","<p>Old North Wind lived away up in the North Pole Land in the winter, and there her children, the Icebergs, grew.</p><p>Old North Wind was very proud of her huge children, and when the long, cold winter was at an end she said: ""My big, strong children, come with me.  We will float away from this land where there is no one to see your beauty and go to the seas where the ships are sailing.</p><p>""Of course, you all cannot go, but I will take the three big brothers because they are the strongest, and show the old South Wind and the Sun we are stronger and mightier than they.""</p><p>So the three largest of the icebergs broke away from their brothers and sailed away with old North Wind, who blew her chilling breath on them as they went along.</p><p>""Ah, my beauties,"" she said, ""I will make you so strong that no breath of harm can come to you, and you shall crush the big ships and make all who see you tremble with fear.""</p><p>The Icebergs believed old North Wind, for they had never been away from North Pole Land and did not know anything about the warm South Wind, or how warm and melting Mr. Sun could be.</p><p>So they sailed and sailed until they came to the big ocean where the ships had to cross as they went from one land to another.</p><p>Old North Wind kept close to her big children, but one day old South Wind saw them.</p><p>""Oh, ho!"" he said, ""there is old North Wind with three of her sons. She is up to some mischief, I'll be bound; so I will ask Mr. Sun to keep his eye on them.""</p><p>""I have been watching them for many days,"" said Mr. Sun, ""and with all of old North Wind's cold breath I have warmed her sons more than she knows.""</p><p>At last one morning bright and early old North Wind espied a ship sailing right in their path.</p><p>""Now, my beauties,"" she said, with a shrill laugh, ""show your strength and crush the ship that dares to sail in your path. We are the rulers of the sea by right of might and we must show our strength.""</p><p>Blowing and shrieking, old North Wind hastened her sons toward the ship, and she was so intent on working destruction that she did not feel the warm breath of old South Wind or the rays of old Mr. Sun.</p><p>","The Icebergs, recalling their past encounters, felt the warmth creeping into their cores, causing them to hesitate as they approached the ship."
flawed_fictions_cf_negs_150,0,1,FALSE,"1. The story involves a princess who falls into a deep sleep for a hundred years due to a fairy's gift. 2. The target sentence mentions 'ten years,' which is significantly less than the 'hundred years' mentioned in the story. 3. The story clearly states that the sleep should last for a hundred years, and the target sentence contradicts this by implying a different duration.","ten years,","but her gift should be that the princess should not really die, but only fall into a deep sleep, which should last for a hundred years","<p>Once upon a time there was a king and queen who for a very long time had no children, and when at length a little daughter was born to them they were so pleased that they gave a christening feast to which they invited a number of fairies. But, unfortunately, they left out one rather cross old fairy, and she was so angry that she said the princess should die when she reached the age of sixteen, by pricking her hand with a spindle.</p><p>All the other fairies present, except one, had already given the princess their beautiful gifts, and this last one said she could not prevent part of the wicked wish coming true; but her gift should be that the princess should not really die, but only fall into a deep sleep, which should last for a hundred years, and at the end of that time she should be awakened by a king's son.</p><p>It all happened as the fairies had predicted. When the princess was sixteen years old she saw an old woman spinning and took the spindle from her to try this strange new work. Instantly she pricked her hand and fell into a deep sleep, as did everyone else in the palace. There she lay in a bower of roses, year after year, and the hedge around the palace garden grew tall and thick but not so much that the castle was completely hidden.</p><p>At the end of the ","ten years,"
flawed_fictions_cf_negs_152,0,1,FALSE,"1. The story involves a Prince searching for a true Princess. 2. The Prince travels the world and encounters many Princesses, but none meet his criteria. 3. The target sentence claims she was the only Princess he had ever encountered. 4. This contradicts the story, as it states he met many Princesses. 5. Identify the lines that show he met other Princesses.",She was indeed the only Princess he had ever encountered,"There were plenty of Princesses, but he could not find out if they were true Princesses.","<p>There was once upon a time a Prince who wanted to marry a Princess, but she must be a true Princess. So he traveled through the whole world to find one, but there was always something against each. There were plenty of Princesses, but he could not find out if they were true Princesses. In every case there was some little defect, which showed the genuine article was not yet found. So he came home again in very low spirits, for he had wanted very much to have a true Princess. </p><p>One night there was a dreadful storm; it thundered and lightened and the rain streamed down in torrents. It was fearful! There was a knocking heard at the palace gate, and the old King went to open it.</p><p>There stood a Princess outside the gate; but oh, in what a sad plight she was from the rain and the storm! The water was running down from her hair and her dress into the points of her shoes and out at the heels again. And yet she said she was a true Princess!</p><p>""Well, we shall soon find out!"" thought the old Queen. But she said nothing and went into the sleeping-room, took off all the bedclothes, and laid a pea on the bottom of the bed. Then she put twenty mattresses on top of the pea and twenty eider-down quilts on the top of the mattresses. And this was the bed in which the princess was to sleep.</p><p>The next morning she was asked how she had slept.</p><p>""Oh, very badly!"" said the Princess. ""I scarcely closed my eyes all night! I am sure I don't know what was in the bed. I lay on something so hard that my whole body is black and blue. It is dreadful!""</p><p>Now they perceived that she was a true Princess, because she had felt the pea through the twenty mattresses and the twenty eider-down quilts.</p><p>No one but a true Princess could be so sensitive.</p><p>So the Prince married her, for now he knew that at last he had got hold of a true Princess. ",She was indeed the only Princess he had ever encountered
flawed_fictions_cf_negs_153,0,1,FALSE,"1. The story describes a large forest that takes three days to journey through. 2. The hunter is trapped for several days, indicating the forest's vastness. 3. The target sentence claims the forest is smaller, allowing quick navigation. 4. This contradicts the story's description of the forest's size and the time it takes to traverse it.","Due to the smaller size of the forest, they were able to quickly navigate the pathways and locate the hunter before sunset.",The forest was so large that it would have taken three days to journey through it.,"<p>An Indian hunter went into the forest in search of game.</p><p>The forest was so large that it would have taken three days to journey through it. All day he followed the track of the deer, but his arrows brought him no food.</p><p>At night, he came to a dark, swift-running stream. He was tired and hungry.</p><p>""Here,"" said he, ""I will lie down and rest until sunrise.""</p><p>He began to search for a bed of pine needles, for the Indian loves the pine tree. It is his friend by day and by night. By day it is his forest guide. At night it gives him a soft, sweet-smelling bed on which to sleep, and it shields him from the storm.</p><p>The hunter ran along the stream. It was very dark. He felt no soft pine needles under his moccasined feet, only the knotted roots of trees.</p><p>Suddenly the great roots of an oak tree reached out and caught him. He could not free his foot from the oak's grasp.</p><p>The sun rose and set. The great tree still held the hunter fast. He was weak from pain and hunger.</p><p>It was now two days since he had tasted food. Four notches had been cut in his stick, for the Indian measures time in this way. Each sunrise and sunset, when he is on the trail, is marked by a notch on a small stick which he carries.</p><p>Three times did the sun again rise and set, yet the tree did not let go its hold. There were now ten notches on the stick, and the hunter was so weak that he could scarcely cut the last one.</p><p>As the sun rose on the fifth day, a bird flew into the tree. He saw the hunter lying on the ground, and came close and spoke to him.</p><p>The hunter understood, for in those days men and birds could talk together.</p><p>The bird asked the man what he could do for him, and the hunter whispered, ""You are strong. You can fly a long trail. Go and tell the chief of my people.""</p><p>The bird flew swiftly away with the message. He did not wait until the sun was high. He did not stop to eat one berry or one worm. He did not fly high, nor fly low to talk with other birds. He went straight to the people the hunter had told him of.</p><p>The West Wind tried to blow him back. A black cloud came up to frighten him, but he went through it. On, and on, and on, he went. Straight to the wigwam of the chief, he carried his message.</p><p>The chief had called together the young men who were fleet of foot, and was about to send them forth to find the lost hunter. They were asking the chief what trails they had best take. Before the chief could reply, a beautiful dove-colored bird had flown close to his ear and had spoken to him in soft, low tones.</p><p></p><p>The chief told the young men what the bird had said, and they set off on the trail the bird had named. ","Due to the smaller size of the forest, they were able to quickly navigate the pathways and locate the hunter before sunset."
flawed_fictions_cf_negs_155,0,1,FALSE,"1. The story describes 'Old Abe' as an eagle who was part of the Eighth Wisconsin Volunteers during the war. He was known for his loyalty to his regiment and his ability to distinguish between the two hostile armies, never mistaking the gray for the blue. 2. The target sentence suggests that 'Old Abe' struggled to identify his own side, which contradicts the story's description of his behavior. 3. The story explicitly states that he was never known to alight save in his own camp, indicating he had no difficulty identifying his side.",his circling above the battlefield a sign of his struggle to identify his own side.,"In what way he distinguished the two hostile armies so accurately that he was never once known to mistake the gray for the blue, no one can tell. But so it was, that he was never known to alight save in his own camp, and amongst his own men.","<p>¡°Old Abe¡± was the war-eagle of the Eighth Wisconsin Volunteers. Whoever it may have been that first conceived the idea, it was certainly a happy thought to make a pet of an eagle. For the eagle is our national bird, and to carry an eagle along with the colors of a regiment on the march, and in battle, and all through the whole war, was surely very appropriate, indeed.</p><p>¡°Old Abe's¡± perch was on a shield, which was carried by a soldier, to whom, and to whom alone, he looked as to a master. He would not allow any one to carry or even to handle him, except this soldier, nor would he ever receive his food from any other person's hands. He seemed to have sense enough to know that he was sometimes a burden to his master on the march, however, and, as if to relieve him, would occasionally spread his wings and soar aloft to a great height, the men of all regiments along the line of march cheering him as he went up.</p><p>He regularly received his rations from the commissary, like any enlisted man. Whenever fresh meat was scarce, and none could be found for him by foraging parties, he would take things into his own claws, as it were, and go out on a foraging expedition himself. On some such occasions he would be gone two or three days at a time, during which nothing whatever was seen of him; but he would invariably return, and seldom would come back without a young lamb or a chicken in his talons. His long absences occasioned his regiment not the slightest concern, for the men knew that, though he might fly many miles away in quest of food, he would be quite sure to find them again.</p><p>In what way he distinguished the two hostile armies so accurately that he was never once known to mistake the gray for the blue, no one can tell. But so it was, that he was never known to alight save in his own camp, and amongst his own men.</p><p>At Jackson, Mississippi, during the hottest part of the battle before that city, ¡°Old Abe¡± soared up into the air, and remained there from early morning until the fight closed at night, ",his circling above the battlefield a sign of his struggle to identify his own side.
flawed_fictions_cf_negs_156,0,1,FALSE,"1. Analyze character/plot/setting: Ota Dakwan is described as a noble daimio, highly respected and honored by his people. He is accustomed to being obeyed and revered. 2. Compare target with context: The target sentence suggests that Ota Dakwan is often overlooked by his own people, which contradicts the story's portrayal of him as a respected and honored figure. 3. The target sentence also implies that he is laughed at by the maiden, but the story describes her as blushing and sighing, not laughing.","He, often overlooked by his own people, to be laughed at by a mere country maiden who would not even speak to him!","Ota Dakwan was a noble _daimio_. His castle was filled with retainers who waited upon him, at his least word flying to obey his commands. Men vied with each other to do him honor, bowing low before him as he passed and saying 'Behold Ota Dakwan, the Daimio!'","<p>Ota Dakwan was a noble _daimio_.[17] His castle was filled with retainers who waited upon him, at his least word flying to obey his commands. Men vied with each other to do him honor, bowing low before him as he passed and saying ¡°Behold Ota Dakwan, the Daimio!¡±</p><p>Young maidens blushed at his name and when the moon shone through the lattice, sighed to the nightingale to sing the praises of this splendid warrior.</p><p>Honors crowded thick upon him, but of it all he wearied and often sought the forest, there to hunt in solitude. Where the great trees spread their branches and the bamboos and the pines talked together he spent many hours, returning to his castle at night, weary, but with his game bag full.</p><p>Often people said to him, ¡°What do you find so wonderful in the forests of the hill country?¡±</p><p>¡°Sunlight and shade,¡± he answered, ¡°everglade and waterfall, game to hunt and no one to say me nay; above all, the mighty mountain, cool and aloof as is the spirit of the great;¡± and at his answer men wondered.</p><p>One day Ota Dakwan hunted long upon the mountain-side, so long that he wandered far from home and a great storm of rain came upon him, from which there was no shelter. He was glad, therefore, when in a lonely spot he saw a tiny cottage beside a grove of great bamboos, and he ran to it for shelter.</p><p>Within was a young maiden who smiled upon him, but spoke not. She was beautiful as a dream though poorly clad, and he said to her, ¡°Will you lend me a straw rain coat? for every tree in the forest sends down her showers and I shall be drenched before I can reach my home.¡±</p><p>The maiden blushed deeply and without a word hastily left the room. In a moment she returned, her delicate cheeks flushed pink, carrying a _yamabuki_ blossom which she placed in his hand, still with no word, only a sigh and a blush.</p><p>¡°What means this?¡± he asked, much puzzled. ¡°I ask protection from the rain and you give me a flower. Were you not as fair as the first cherry blooms of spring, I could find it in my heart to be angry with you. Speak!¡± But she only shook her head and sighed, and, angry at last, he turned on his heel and left her, going forth into the rain, the flower still in his hand.</p><p>","He, often overlooked by his own people, to be laughed at by a mere country maiden who would not even speak to him!"
flawed_fictions_cf_negs_161,0,1,FALSE,"1. The story describes a little girl who is very poor, having lost her parents and all her possessions except for the clothes she wears and a piece of bread. 2. She gives away all her clothes to those in need, ending up with nothing. 3. After giving away her last piece of clothing, she receives wealth in the form of stars that turn into money and a new shirt. 4. The target sentence suggests she returns to a small bed in a shelter, implying she had a bed before. 5. The story explicitly states she no longer had any little room or bed to sleep in, contradicting the target sentence.","With her newfound wealth, she returned to her small bed in the shelter, now able to live without the fear of losing even that humble comfort.","There was once on a time, a little girl whose father and mother were dead. She was so poor that she no longer had any little room to live in, or bed to sleep in.","<p>There was once on a time, a little girl whose father and mother were dead. She was so poor that she no longer had any little room to live in, or bed to sleep in. At last, she had nothing else but the clothes she was wearing and a little bit of bread in her hand which some charitable soul had given her. She was, however, good and pious.</p><p>And as she was thus forsaken by all the world, she went forth into the open country, trusting in the good God.</p><p>Then a poor man met her, who said, ¡°Ah, give me something to eat, I am so hungry!¡±</p><p>She reached him the whole of her piece of bread, and said, ¡°May God bless it to your use,¡± and went onward.</p><p>Then came a child who moaned and said, ¡°My head is so cold, give me something to cover it with.¡±</p><p>So she took off her hood and gave it to him.</p><p>And when she had walked a little farther, she met another child who had no jacket and was frozen with cold. Then she gave it her own.</p><p>A little farther on one begged for a frock, and she gave away that also.</p><p>At length, she got into a forest and it had already become dark, and there came yet another child, and asked for a little shirt. The good little girl thought to herself, ¡°It is a dark night and no one sees me. I can very well give my little shirt away,¡± and took it off, and gave away that also.</p><p>And she so stood, and had not one single thing left. Then suddenly some Stars from heaven fell down, and they were nothing else but hard smooth pieces of money! And although she had just given her little shirt away, lo! she had a new one which was of the very finest linen.</p><p>Then she gathered together the money into this, and was rich all the days of her life.</p><p>","With her newfound wealth, she returned to her small bed in the shelter, now able to live without the fear of losing even that humble comfort."
flawed_fictions_cf_negs_163,0,1,FALSE,"1. Analyze character/plot/setting: The story involves three brothers, with the youngest called the Blockhead, who is kind to animals. The brothers encounter ants, ducks, and bees, but no mention of termites. 2. Compare target with context: The target sentence introduces a Termite Queen and termites, which were not mentioned in the story. The Blockhead saved ants, ducks, and bees, not termites. 3. The target sentence contradicts the story context as it introduces a new character (Termite Queen) and creatures (termites) that were not previously mentioned or saved by the Blockhead.","Then he sat down on a rock and cried, and as he was sitting there, the Termite Queen, whose life he had saved, came up with five thousand termites, and it was not long before the little creatures had found all the pearls and laid them in a heap.","The two elder Princes wanted to disturb it, to see how the little ants crept away, carrying their eggs. But the Blockhead said: 'Leave the little creatures alone; I will not allow you to disturb them.'","<p>Once upon a time two Princes started off in search of adventure, and, falling into a wild, free mode of life, did not come home again.</p><p>The third Brother, who was called the Blockhead, set out to look for the other two. But when at last he found them, they mocked him for thinking of making his way in the world with his simplicity, while they, who were so much cleverer, could not get on.</p><p>The two elder Princes wanted to disturb it, to see how the little ants crept away, carrying their eggs. But the Blockhead said: 'Leave the little creatures alone; I will not allow you to disturb them.'</p><p>Then they went on further till they came to a lake, in which a great many ducks were swimming about. The two wanted to catch and roast a pair.</p><p>But the Blockhead would not allow it, and said: 'Leave the creatures alone. You shall not kill them.'</p><p>At last they came to a bee's nest, containing such a quantity of honey that it flowed round the trunk of the tree.</p><p>The two Princes wanted to set fire to the tree, and suffocate the bees, so as to remove the honey.</p><p>But the Blockhead stopped them again, and said: 'Leave the creatures alone. I will not let you burn them.'</p><p>At last the three Brothers came to a castle, where the stables were full of stone horses, but not a soul was to be seen. They went through all the rooms till they came to a door quite at the end, fastened with three bolts. In the middle of the door was a lattice, through which one could see into the room.</p><p>There they saw a little grey Man sitting at a table. They called to him once--twice--but he did not hear them. Finally, when they had called him the third time, he stood up and opened the door, and came out. He said not a word, but led them to a richly-spread table, and when they had eaten and drunk, he took them each to a bedroom.</p><p>The next morning the little grey Man came to the eldest Prince, beckoned, and led him to a stone tablet whereon were inscribed three tasks by means of which the castle should be freed from enchantment.</p><p>This was the first task: In the wood, under the moss, lay the Princesses' pearls, a thousand in number. These had all to be found, and if at sunset a single one were missing, the seeker was turned to stone.</p><p>The eldest went away, and searched all day, but when evening came, he had only found the first hundred, and it happened as the inscription foretold. He was turned to stone.</p><p>The next day the second Brother undertook the quest; but he fared no better than the first, for he only found two hundred pearls, and he too was turned to stone.</p><p>At last came the Blockhead's turn; he searched in the moss, but the pearls were hard to find, and he got on but slowly.</p><p>","Then he sat down on a rock and cried, and as he was sitting there, the Termite Queen, whose life he had saved, came up with five thousand termites, and it was not long before the little creatures had found all the pearls and laid them in a heap."
flawed_fictions_cf_negs_167,0,1,FALSE,"1. The story introduces a character named Monacella, also known as Melangell, who is a maiden that fled from Ireland and has lived in a secret desert place for fifteen years. 2. The prince grants her the land as a sanctuary for her and others seeking protection. 3. The target sentence refers to a 'beautiful saint' who slept on 'engineered material.' 4. The story does not mention any 'engineered material' in the context of Monacella/Melangell's life. 5. The setting described in the story is a natural, secret desert place, not one with engineered materials. 6. The target sentence contradicts the story's setting and context.","The beautiful saint passed the rest of her life in this place. At night, she slept on the bare engineered material.","She answered, ""My mother named me Monacella. I have fled from Ireland, where my father wished to marry me to one of his chief men, whom I did not love. Under God's guidance, I came to this secret desert place, where I have lived for fifteen years, without seeing the face of man.""","<p>Long, long ago, there was a good saint named David, who taught the early Cymric or Welsh people better manners and many good things to eat and ways of enjoying themselves.</p><p>Now the Welsh folks in speaking of their good teacher pronounced his name Tafid and affectionately Taffy, and this came to be the usual name for a person born in Wales. In our nurseries we all learned that ""Taffy was a Welshman,"" but it was their enemies who made a bad rhyme about Taffy.</p><p>Wherever there were cows or goats, people could get milk. So they always had what was necessary for a good meal, whether it were breakfast, dinner or supper. Milk, cream, curds, whey and cheese enriched the family table. Were not these enough?</p><p>But Saint David taught the people how to make a still more delicious food out of cheese, and that this could be done without taking the life of any creature.</p><p>Saint David showed the girls how to take cheese, slice and toast it over the coals, or melt it in a skillet and pour it hot over toast or biscuit. This gave the cheese a new and sweeter flavor. When spread on bread, either plain, or browned over the fire, the result, in combination, was a delicacy fit for a king, and equal to anything known.</p><p>The fame of this new addition to the British bill of fare spread near and far. The English people, who had always been fond of rabbit pie, and still eat thousands of Molly Cotton Tails every day, named it ""Welsh Rabbit,"" and thought it one of the best things to eat. In fact, there are many people, who do not easily see a joke, who misunderstand the fun, or who suppose the name to be either slang, or vulgar, or a mistake, and who call it ""rarebit."" It is like ""Cape Cod turkey"" (codfish), or ""Bombay ducks"" (dried fish), or ""Irish plums"" (potatoes) and such funny cookery with fancy names.</p><p>Now up to this time, the rabbits and hares had been so hunted with the aid of dogs, that there was hardly a chance of any of them surviving the cruel slaughter.</p><p>In the year 604, the Prince of Powys was out hunting. The dogs started a hare, and pursued it into a dense thicket. When the hunter with the horn came up, a strange sight met his eyes. There he saw a lovely maiden. She was kneeling on the ground and devoutly praying. Though surprised at this, the prince was anxious to secure his game. He hissed on the hounds and ordered the horn to be blown, for the dogs to charge on their prey, expecting them to bring him the game at once. Instead of this, though they were trained dogs and would fight even a wolf, they slunk away howling, and frightened, as if in pain, while the horn stuck fast to the lips of the blower and he was silent. Meanwhile, the hare nestled under the maiden's dress and seemed not in the least disturbed.</p><p>Amazed at this, the prince turned to the fair lady and asked:</p><p>""Who are you?""</p><p>She answered, ""My mother named me Monacella. I have fled from Ireland, where my father wished to marry me to one of his chief men, whom I did not love. Under God's guidance, I came to this secret desert place, where I have lived for fifteen years, without seeing the face of man.""</p><p>To this, the prince in admiration replied: ""O most worthy Melangell [which is the way the Welsh pronounce Monacella], because, on account of thy merits, it has pleased God to shelter and save this little, wild hare, I, on my part, herewith present thee with this land, to be for the service of God and an asylum for all men and women, who seek thy protection. So long as they do not pollute this sanctuary, let none, not even prince or chieftain, drag them forth.""</p><p>","The beautiful saint passed the rest of her life in this place. At night, she slept on the bare engineered material."
flawed_fictions_cf_negs_169,0,1,FALSE,"1. The setting of the story is a late October afternoon, as indicated by the description of the misty rain and the time of day. 2. The target sentence mentions 'the morning mist,' which suggests a different time of day. 3. The story context clearly establishes the scene as occurring in the afternoon, not the morning. 4. Therefore, the target sentence contradicts the established time of day in the story.",plodding through the mud and the morning mist,"a tunnel of faded green and gold, dripping with the misty rain of a late October afternoon","<p>Along the straight, glistening road, through a dim arcade of drooping trees, a tunnel of faded green and gold, dripping with the misty rain of a late October afternoon, a human tide was flowing, not swiftly, but slowly, with the patient, pathetic slowness of weary feet, and numb brains, and heavy hearts.</p><p>Yet they were in haste, all of these old men and women, fathers and mothers, and little children; they were flying as fast as they could; either away from something that they feared, or toward something  that they desired.</p><p>That was the strange thing--the tide on the road flowed in two directions.</p><p>Some fled away from ruined homes to escape the perils of war. Some fled back to ruined homes to escape the desolation of exile. But all were fugitives, anxious to be gone, striving along the road one way or the other, and making no more speed than a creeping snail's pace of unutterable fatigue.  I saw many separate things in the tide, and remembered them without noting.</p><p>A boy straining to push a wheelbarrow with his pale mother in it, and his two little sisters trudging at his side. A peasant with his two girls driving their lean, dejected cows back to some unknown pasture. A bony horse tugging at a wagon heaped high with bedding and household gear, on top of which sat the wrinkled grandmother with the tiniest baby in her arms, while the rest of the family stumbled alongside--and the cat was curled up on the softest coverlet in the wagon. Two panting dogs, with red tongues hanging out, and splayed feet clawing the road, tugging a heavy-laden cart while the master pushed behind and the woman pulled in the shafts. Strange, antique vehicles crammed with passengers. Couples and groups and sometimes larger companies of foot-travellers.  Now and then a solitary man or woman, old and shabby, bundle on back, eyes on the road, ",plodding through the mud and the morning mist
flawed_fictions_cf_negs_170,0,1,FALSE,"1. The story is set in the Koryo Dynasty and involves a scholar who encounters a sneezing skull. The plot revolves around the scholar's actions to appease the spirit of the skull. 2. The target sentence mentions 'laughter' and 'joy of your discovery,' which does not align with the somber and respectful tone of the story. The story involves a serious encounter with a spirit and a respectful ritual, not an absurd or joyful situation. 3. The target sentence suggests a light-hearted or humorous tone, which contradicts the serious and respectful actions of the scholar in the story.",The laughter emerged from the absurdity of my situation and the joy of your discovery.,"The candidate felt sorry, washed the skull in clean water, wrapped it in paper and reburied it in its former place on the hill-side. He also brought a table of food and offered sacrifice, and said a prayer.","<p>It is often told that in the days of the Koryo Dynasty (A.D. 918-1392), when an examination was to be held, a certain scholar came from a far-distant part of the country to take part. Once on his journey the day was drawing to a close, and he found himself among the mountains. Suddenly he heard a sneezing from among the creepers and bushes by the roadside, but could see no one. Thinking it strange, he dismounted from his horse, went into the brake and listened. He heard it again, and it seemed to come from the roots of the creeper close beside him, so he ordered his servant to dig round it and see. He dug and found a dead man's skull. It was full of earth, and the roots of the creeper had passed through the nostrils. The sneezing was caused by the annoyance felt by the spirit from having the nose so discommoded.</p><p>The candidate felt sorry, washed the skull in clean water, wrapped it in paper and reburied it in its former place on the hill-side. He also brought a table of food and offered sacrifice, and said a prayer.</p><p>That night, in a dream, a scholar came to him, an old man with white hair, who bowed, thanked him, and said, ""On account of sin committed in a former life, I died out of season before I had fulfilled my days. My posterity, too, were all destroyed, my body crumbled back into the dust, my skull alone remaining, and that is what you found below the creeper."" ",The laughter emerged from the absurdity of my situation and the joy of your discovery.
flawed_fictions_cf_negs_172,0,1,FALSE,"1. The story describes the narrator being dressed in a 'dogondest suit of clothes' by the boys, which includes 'a pair of socks that had more different colors in 'em than in Joseph's coat.' This suggests a very colorful and unusual attire. 2. The target sentence describes the narrator's attire as 'simple,' which contradicts the description in the story. 3. The target sentence also mentions that the game of golf was a new adventure, which aligns with the story context where the narrator is unfamiliar with the game and the equipment. 4. Therefore, the contradiction lies in the description of the attire.","Despite my simple attire, the game of golf was a new adventure for me.","Wall, they took me out behind the woodshed whar mother couldn't see us and them durned boys dressed your uncle up in the dogondest suit of clothes I ever had on in my life. I had on a pair of socks that had more different colors in 'em than in Joseph's coat.","<p>WALL, about two weeks ago the boys sed to me, Uncle we'd like to hav you cum out and play a game of golf. Wall, they took me out behind the woodshed whar mother couldn't see us and them durned boys dressed your uncle up in the dogondest suit of clothes I ever had on in my life. I had on a pair of socks that had more different colors in 'em than in Joseph's coat. I looked like a cross atween a monkey and a cirkus rider, and a-goin' across the medder our turkey gobbler took after me and I had an awful time with that fool bird. I calculate as how I'll git even with him 'bout Thanksgiving time.</p><p>Wall, the boys took me into the paster, and they had it all dug up into what they called a ""T,"" and they had a wheelbarrer full of little Injun war clubs. They called one a nibbler, and another a brassie, and a lot of other fool names I never heerd afore, and can't remember now. Then they brought out a little wooden ball 'bout as big as a hen's egg, and they stuck it up on a little hunk of mud. Then they told me to take one of them thar war clubs and stand alongside of the ball and hit it. </p><p>","Despite my simple attire, the game of golf was a new adventure for me."
flawed_fictions_cf_negs_173,0,1,FALSE,"1. Analyze character/plot/setting: The story involves Miss Backbay visiting Mrs. Southend to discuss an affair between Miss Backbay's niece and Mrs. Southend's son. Mrs. Southend is described as a middle-aged, quiet-looking little woman. There is no mention of Mr. Southend in the story. 2. Compare target with context: The target sentence mentions Mr. Southend, who is not introduced or mentioned in the story. The story only involves Miss Backbay and Mrs. Southend in the conversation.","Mr. Southend left the room, and in a few minutes he returned carrying a large volume, his fingers between the pages.","""I wish to speak with Mrs. Southend,"" she snapped at the woman who opened the door. The woman, a middle-aged, quiet-looking little woman, glanced at the card and said: ""I am Mrs. Southend, Miss Backbay; come this way please.""","<p>It was on a Monday morning in August that Miss Backbay climbed the brownstone steps to the rooming-house conducted by Mrs. Edward Southend in Massachusetts Avenue, Boston. Miss Backbay was short, stout, and sixty, and her face was flushed and scowling.</p><p>""I wish to speak with Mrs. Southend,"" she snapped at the woman who opened the door. The woman, a middle-aged, quiet-looking little woman, glanced at the card and said: ""I am Mrs. Southend, Miss Backbay; come this way please.""</p><p>In the parlour Miss Backbay and Mrs. Southend looked into each other's eyes for a few moments and exchanged a silent challenge; then Miss Backbay leaned forward in her chair and said: ""I have come, Mrs. Southend, to talk with you concerning this--this affair between your son and my niece. Miss Arletta Backbay. I have, as you know, brought her up, and I love her as if she were my own daughter. She is the last of the Backbays--the Backbays of Backbay. Our family lived on Beacon Hill when Boston Common was a farming district. The Backbays are direct--_direct_ descendants of William I, King of England--William the Conqueror.""</p><p>Miss Backbay drew a long, deep breath.</p><p>Mrs. Southend was silent.</p><p>""I have devoted years of my life,"" Miss Backbay continued, ""to the education of my niece. Nothing has been spared to prepare her for the high social position to which, by her ancestry alone, she is entitled. I am going into this bit of family history so you will understand--so you will see this affair from my viewpoint. I have been exceedingly careful in the selection of her teachers, her associates, and her servants. Your son came to us well recommended by his pastor and by his former employer. I have no fault to find with him as--as a chauffeur, but as a suitor for the hand of my niece he--he is impossible. Absolutely! The thing is absurd. I--I have done what I could to break up this affair. I have discharged him. But my niece has defied me. She assures me that she loves him and--and will marry him in spite of everything. She is headstrong, self-willed, and--and completely bewitched. She has lost all pride--pride in her ancient lineage. Now I have come to you to beseech you to use your influence with your son. Induce him to leave the city--he must leave the city, if only for a year. I--I shall pay----""</p><p>""Pardon me, just a moment, Miss Backbay."" ","Mr. Southend left the room, and in a few minutes he returned carrying a large volume, his fingers between the pages."
flawed_fictions_cf_negs_178,0,1,FALSE,"1. The story describes a Goblin who offers a horn filled with a delicious, unknown beverage to thirsty knights. 2. The beverage is described as refreshing and cool. 3. The target sentence describes the contents of the horn as bitter, which contradicts the story's description of the beverage. 4. The target sentence also describes the knight taking the horn, which is not mentioned as a possibility in the story.","When the knight had drained it of its bitter contents, instead of returning the horn, he thrust it into his bosom, and rode hastily away.","The Goblin presented the horn to the thirsty knight, who drank and instantly felt refreshed and cool.","<p>In the kingdom of England there is a hillock in the midst of a dense wood. Thither in old days knights and their followers were wont to repair when tired and thirsty after the chase. When one of their number called out, ¡°I thirst!¡± there immediately started up a Goblin with a cheerful countenance, clad in a crimson robe, and bearing in his outstretched hand a large drinking-horn richly ornamented with gold and precious jewels, and full of the most delicious, unknown beverage.</p><p>The Goblin presented the horn to the thirsty knight, who drank and instantly felt refreshed and cool. After the drinker had emptied the horn, the Goblin offered a silken napkin to wipe the mouth. Then, without waiting to be thanked, the strange creature vanished as suddenly as he had come.</p><p>Now once there was a knight of churlish nature, who was hunting alone in those parts. Feeling thirsty and fatigued, he visited the hillock and cried out:--</p><p>¡°I thirst!¡±</p><p>Instantly the Goblin appeared and presented the horn.</p><p>","When the knight had drained it of its bitter contents, instead of returning the horn, he thrust it into his bosom, and rode hastily away."
flawed_fictions_cf_negs_179,0,1,FALSE,"1. The story introduces a man from Finnmark who caught a great white bear and is taking it to the King of Denmark. He arrives at a cottage owned by a man named Halvor. 2. The story describes how Halvor's house is visited by Trolls every Christmas Eve, forcing the family to leave. 3. The man with the bear stays in Halvor's house and scares the Trolls away. 4. The target sentence introduces a character named Goran, who is not mentioned in the story. 5. The target sentence suggests Goran is preparing for Trolls, but the story context involves Halvor's house and the man with the bear. 6. There is no mention of Goran in the story, indicating a continuity error.","Next year Goran was out in the wood, on the afternoon of Christmas Eve, cutting wood before the holidays, for he thought the _Trolls_ would come again; and just as he was hard at work, he heard a voice in the wood calling out:","Once on a time there was a man up in Finnmark who had caught a great white bear, which he was going to take to the King of Denmark. Now, it so fell out, that he came to the _Dovrefell_ just about Christmas Eve, and there he turned into a cottage where a man lived, whose name was Halvor, and asked the man if he could get house-room there for his bear and himself.","<p>Once on a time there was a man up in Finnmark who had caught a great white bear, which he was going to take to the King of Denmark. Now, it so fell out, that he came to the _Dovrefell_ just about Christmas Eve, and there he turned into a cottage where a man lived, whose name was Halvor, and asked the man if he could get house-room there for his bear and himself.</p><p>""Heaven never help me, if what I say isn't true!"" said the man; ""but we can't give anyone house-room just now, for every Christmas Eve such a pack of _Trolls_ come down upon us, that we are forced to flit, and haven't so much as a house over our own heads, to say nothing of lending one to anyone else.""</p><p>""Oh?"" said the man, ""if that's all, you can very well lend me your house; my bear can lie under the stove yonder, and I can sleep in the side-room.""</p><p>Well, he begged so hard, that at last he got leave to stay there; so the people of the house flitted out, and before they went, everything was got ready for the _Trolls_; the tables were laid, and there was rice porridge, and fish boiled in lye, and sausages, and all else that was good, just as for any other grand feast.</p><p>So, when everything was ready, down came the _Trolls_. Some were great, and some were small; some had long tails, and some had no tails at all; some, too, had long, long noses; and they ate and drank, and tasted everything. Just then one of the little _Trolls_ caught sight of the white bear, who lay under the stove; so he took a piece of sausage and stuck it on a fork, and went and poked it up against the bear's nose, screaming out:</p><p>""Pussy, will you have some sausage?""</p><p>Then the white bear rose up and growled, and hunted the whole pack of them out of doors, both great and small.</p><p>","Next year Goran was out in the wood, on the afternoon of Christmas Eve, cutting wood before the holidays, for he thought the _Trolls_ would come again; and just as he was hard at work, he heard a voice in the wood calling out:"
flawed_fictions_cf_negs_182,0,1,FALSE,"1. The story introduces Arachne as a skilled weaver, with Nymphs gathering around her loom. 2. The Nymphs are described as Naiads from the water and Dryads from the trees, indicating a group rather than a few. 3. The target sentence refers to 'the few Nymphs who had first discovered Arachne,' suggesting a smaller, specific group. 4. The story context implies a larger gathering of Nymphs, not just a few. 5. The target sentence contradicts the story's description of the Nymphs' presence.",the few Nymphs who had first discovered Arachne,"The very Nymphs would gather about her loom, Naiads from the water and Dryads from the trees.","<p>There was a certain maiden of Lydia, Arachne by name, renowned throughout the country for her skill as a weaver. She was as nimble with her fingers as Calypso, that Nymph who kept Odysseus for seven years in her enchanted island. She was as untiring as Penelope, the hero's wife, who wove day after day while she watched for his return. Day in and day out, Arachne wove too. The very Nymphs would gather about her loom, Naiads from the water and Dryads from the trees.</p><p>¡°Maiden,¡± they would say, shaking the leaves or the foam from their hair, in wonder, ¡°Pallas Athena must have taught you!¡±</p><p>But this did not please Arachne. She would not acknowledge herself a debtor, even to that goddess who protected all household arts, and by whose grace alone one had any skill in them.</p><p>¡°I learned not of Athena,¡± said she. ¡°If she can weave better, let her come and try.¡±</p><p>The Nymphs shivered at this, and an aged woman, who was looking on, turned to Arachne.</p><p>¡°Be more heedful of your words, my daughter,¡± said she. ¡°The goddess may pardon you if you ask forgiveness, but do not strive for honors with the immortals.¡±</p><p>Arachne broke her thread, and the shuttle stopped humming.</p><p>¡°Keep your counsel,¡± she said. ¡°I fear not Athena; no, nor any one else.¡±</p><p>As she frowned at the old woman, she was amazed to see her change suddenly into one tall, majestic, beautiful,--a maiden of gray eyes and golden hair, crowned with a golden helmet. It was Athena herself.</p><p>The bystanders shrank in fear and reverence; only Arachne was unawed and held to her foolish boast.</p><p>In silence the two began to weave, and ",the few Nymphs who had first discovered Arachne
flawed_fictions_cf_negs_183,0,1,FALSE,"1. The story context describes Sir Gawain healing from a wound given by Sir Launcelot and mentions peace between the two armies. It also states that King Arthur received news from Britain about Sir Mordred usurping his realm. 2. The target sentence suggests that Arthur is engaged in battle around Sir Launcelot's castle of Benwick, which contradicts the context of peace and Arthur receiving news. 3. The contradiction lies in the fact that Arthur is described as receiving news, not being in battle.",This was the news that came to Arthur as he lay engaged in battle around Sir Launcelot's castle of Benwick.,"So Sir Gawain lay healing of the grim wound which Sir Launcelot had given him, and there was peace between the two armies, when there came messengers from Britain bearing letters for King Arthur; and more evil news than they brought might not well be, for they told how Sir Mordred had usurped his uncle's realm.","<p>So Sir Gawain lay healing of the grim wound which Sir Launcelot had given him, and there was peace between the two armies, when there came messengers from Britain bearing letters for King Arthur; and more evil news than they brought might not well be, for they told how Sir Mordred had usurped his uncle's realm. First, he had caused it to be noised abroad that King Arthur was slain in battle with Sir Launcelot, and, since there be many ever ready to believe any idle rumour and eager for any change, it had been no hard task for Sir Mordred to call the lords to a Parliament and persuade them to make him king. But the Queen could not be brought to believe that her lord was dead, so she took refuge in the Tower of London from Sir Mordred's violence, nor was she to be induced to leave her strong refuge for aught that Mordred could promise or threaten.</p><p>",This was the news that came to Arthur as he lay engaged in battle around Sir Launcelot's castle of Benwick.
